Area_m2,YearBuilt,Furnished,Renovated,Location,PropertyType,HasBasement,ParkingSpaces,Bedrooms,Bathrooms,Condition,Price
107.0,2006.0,Yes,No,Novi Beograd,Stan,No,2.0,4,1,Good,258900
64.9,1991.0,Yes,No,Predgradje,Stan,No,1.0,4,1,Fair,79200
44.5,1974.0,No,No,Zemun,Studio,Yes,1.0,2,3,Fair,63400
68.1,1990.0,No,No,Zemun,Stan,No,1.0,3,2,Good,128700
51.2,1990.0,No,Yes,Centar,Studio,Yes,0.0,1,2,Good,110700
49.6,1952.0,No,Yes,Centar,Stan,Yes,0.0,1,2,Excellent,153000
75.8,1992.0,No,No,Centar,Studio,No,0.0,2,2,Poor,115400
24.9,1995.0,No,No,Periferia,Studio,No,1.0,4,2,Good,29200
28.9,2006.0,Yes,Yes,Zemun,Stan,Yes,2.0,3,2,Good,82200
65.5,,No,No,Zemun,Stan,Yes,2.0,3,2,Good,135100
64.4,2000.0,Yes,Yes,Centar,Stan,No,0.0,2,3,Excellent,208100
73.6,1954.0,No,No,Predgradje,Kuca,Yes,2.0,2,1,Good,89900
111.9,2022.0,No,No,Periferia,Kuca,No,,2,1,Excellent,212200
67.6,1964.0,No,No,Novi Beograd,Kuca,Yes,0.0,3,1,Fair,148800
80.0,1988.0,No,No,Centar,Stan,Yes,2.0,1,2,Good,204000
40.6,2019.0,Yes,Yes,Centar,Stan,No,0.0,3,1,Poor,84500
84.2,1987.0,Yes,Yes,Novi Beograd,Stan,No,0.0,4,3,Poor,140900
51.8,1988.0,No,No,Vracar,Stan,No,0.0,4,1,Fair,99600
66.8,2001.0,Yes,Yes,Vracar,Kuca,No,1.0,4,1,Fair,175200
62.3,1952.0,No,No,Novi Beograd,Studio,Yes,0.0,2,1,Fair,92500
90.8,1978.0,Yes,No,Zemun,Kuca,No,2.0,4,2,Fair,191500
32.3,1980.0,No,No,Centar,Stan,No,1.0,4,2,Poor,54200
20.0,2015.0,,Yes,Novi Beograd,Vila,No,1.0,4,1,Excellent,87700
59.7,1994.0,Yes,Yes,Novi Beograd,Kuca,No,0.0,4,2,Poor,128600
76.7,2022.0,No,No,Vracar,Vila,Yes,2.0,4,1,,267800
68.8,1971.0,No,Yes,Periferia,Kuca,Yes,1.0,2,2,Fair,110900
95.8,,Yes,No,Centar,Stan,No,1.0,1,2,Excellent,282400
75.9,1970.0,No,No,Vracar,Stan,Yes,2.0,3,3,Excellent,212900
50.9,1966.0,No,No,Zemun,Kuca,No,0.0,3,3,Good,108800
20.0,2016.0,Yes,Yes,Centar,Stan,Yes,1.0,2,1,Good,73300
59.1,1956.0,No,No,Zemun,Stan,No,1.0,3,1,Poor,68700
90.7,1985.0,Yes,No,Centar,Kuca,Yes,1.0,1,2,Excellent,319900
55.2,2016.0,Yes,No,Centar,Kuca,Yes,0.0,1,1,Excellent,209900
65.7,1979.0,No,No,Predgradje,Kuca,No,0.0,2,1,Excellent,91600
75.5,2020.0,No,No,Predgradje,Stan,No,0.0,2,1,Good,76900
39.6,1978.0,No,No,Periferia,Stan,No,3.0,3,1,Fair,53200
80.6,2021.0,Yes,Yes,Novi Beograd,Kuca,Yes,0.0,4,2,Excellent,259100
105.9,2023.0,Yes,No,Centar,Vila,No,0.0,3,1,Fair,366600
60.7,1982.0,Yes,Yes,Zemun,Kuca,No,2.0,3,3,Good,143400
36.8,2008.0,No,No,Vracar,Vila,No,1.0,1,2,Poor,95300
63.3,1969.0,Yes,No,Centar,Studio,Yes,1.0,3,2,Excellent,175500
20.0,1978.0,No,Yes,Vracar,Kuca,No,1.0,4,1,Fair,53100
73.4,2002.0,Yes,No,Centar,Stan,No,1.0,3,1,Fair,162700
76.3,1950.0,No,No,Predgradje,Kuca,No,1.0,2,2,Good,103900
106.9,1983.0,No,Yes,Novi Beograd,Kuca,Yes,0.0,4,2,Good,264100
60.2,1993.0,No,No,Zemun,Kuca,No,2.0,5,2,Good,141100
75.2,1963.0,Yes,Yes,Novi Beograd,Stan,Yes,0.0,2,1,Fair,151700
43.5,1986.0,No,No,Vracar,Kuca,No,0.0,2,2,Poor,87300
56.1,1984.0,No,Yes,Vracar,Stan,No,0.0,2,2,Good,128300
26.9,2008.0,No,No,Centar,Kuca,No,2.0,1,2,Excellent,95800
60.1,1973.0,Yes,Yes,Predgradje,Stan,No,1.0,4,2,Excellent,95100
57.4,,No,Yes,Periferia,Studio,Yes,2.0,4,3,Good,78500
72.5,1955.0,Yes,No,Predgradje,Stan,No,1.0,3,2,Excellent,91600
49.4,2017.0,Yes,No,Periferia,Stan,No,0.0,3,1,Good,82600
67.1,1987.0,No,Yes,Zemun,Stan,No,0.0,3,2,Good,122000
56.7,1950.0,No,No,Predgradje,Kuca,No,1.0,2,2,Good,67100
56.7,1990.0,No,Yes,Centar,Stan,No,0.0,3,1,Good,149200
67.0,1980.0,Yes,No,Centar,Stan,No,0.0,4,1,Good,165300
66.0,1985.0,Yes,No,Centar,Kuca,No,,4,2,Good,204800
84.0,2022.0,No,No,Novi Beograd,Stan,No,1.0,1,2,Fair,168400
62.0,2003.0,Yes,Yes,Novi Beograd,Vila,No,0.0,2,3,Fair,185200
56.3,1980.0,No,No,Novi Beograd,Vila,No,2.0,2,2,Poor,145300
60.5,,No,No,Periferia,Kuca,No,1.0,3,1,Good,96200
47.1,1952.0,No,Yes,Novi Beograd,Stan,Yes,0.0,3,2,Fair,95700
56.0,2007.0,Yes,Yes,Novi Beograd,Kuca,Yes,1.0,2,2,Fair,139700
115.8,2010.0,No,Yes,Vracar,Stan,Yes,0.0,3,1,Good,271600
42.2,1955.0,Yes,Yes,Centar,Stan,No,,2,1,Good,106800
58.0,1969.0,Yes,Yes,Periferia,Stan,No,0.0,2,1,Good,64300
55.3,2010.0,Yes,Yes,Centar,Vila,Yes,2.0,4,1,Good,236800
58.8,1995.0,Yes,No,Predgradje,Stan,No,1.0,1,2,Excellent,71600
56.7,1962.0,No,Yes,Periferia,Kuca,Yes,2.0,1,1,Excellent,117100
72.0,1972.0,No,Yes,Centar,Kuca,No,0.0,1,1,Excellent,238900
22.2,1980.0,,Yes,Centar,Stan,No,0.0,2,1,Good,48000
90.9,1953.0,Yes,No,Periferia,Stan,No,2.0,3,2,Fair,108400
80.8,2015.0,No,Yes,Zemun,Vila,Yes,1.0,3,1,Excellent,292400
33.9,1965.0,No,No,Zemun,Kuca,No,2.0,2,1,Fair,59800
20.0,1980.0,No,No,Periferia,Kuca,No,0.0,2,1,Fair,38700
40.6,1997.0,No,No,Centar,Stan,No,2.0,1,1,Good,109500
58.9,,Yes,Yes,Novi Beograd,Stan,No,1.0,2,1,Poor,103000
129.5,1953.0,No,No,Centar,Stan,No,0.0,3,2,Excellent,388800
78.6,2011.0,Yes,Yes,Periferia,Stan,No,1.0,2,1,Good,121300
20.0,1997.0,No,No,Zemun,Stan,No,2.0,2,1,Good,44500
47.8,1977.0,No,No,Novi Beograd,Studio,No,0.0,1,1,Good,93800
63.7,1965.0,No,No,Centar,Stan,Yes,3.0,1,2,Good,167400
71.3,,No,No,Novi Beograd,Stan,No,1.0,1,1,Poor,124500
32.1,1979.0,No,No,Novi Beograd,Kuca,No,0.0,3,3,Good,96100
61.6,2014.0,Yes,Yes,Zemun,Studio,No,0.0,2,2,Good,93200
47.1,2018.0,No,Yes,Zemun,Stan,No,1.0,1,1,Good,93000
37.4,1963.0,No,No,Periferia,Kuca,No,0.0,3,2,Good,61800
71.5,1983.0,Yes,No,Vracar,Stan,No,1.0,3,2,Fair,145300
84.3,2005.0,Yes,No,Centar,Stan,No,2.0,2,2,Fair,193600
86.0,1978.0,Yes,No,Zemun,Stan,No,1.0,1,2,Fair,133900
79.4,1974.0,Yes,No,Periferia,Studio,Yes,1.0,3,2,Good,102700
52.6,2015.0,No,No,Zemun,Stan,No,0.0,3,1,Excellent,122000
82.9,1989.0,Yes,No,Periferia,Stan,No,3.0,2,2,Excellent,137500
72.7,1964.0,No,No,Vracar,Stan,No,0.0,2,2,Good,169500
68.3,1981.0,No,No,Vracar,Studio,Yes,0.0,2,1,Good,132200
49.7,1969.0,Yes,No,Vracar,Stan,No,1.0,3,3,Good,131100
52.6,2002.0,No,No,Centar,Stan,Yes,2.0,3,1,Fair,134600
66.8,2016.0,,No,Centar,Stan,Yes,3.0,1,2,Fair,174200
126.0,1998.0,No,Yes,Centar,Stan,No,3.0,2,2,Excellent,407300
72.5,2016.0,Yes,Yes,Zemun,Kuca,Yes,2.0,4,2,Good,179400
49.7,1950.0,Yes,No,Novi Beograd,Kuca,No,1.0,2,3,Excellent,144000
44.2,1988.0,Yes,No,Vracar,Stan,No,0.0,2,2,Fair,96700
52.7,2010.0,Yes,No,Predgradje,Stan,Yes,,3,1,Good,59300
119.4,2004.0,No,No,Novi Beograd,Stan,No,0.0,2,2,Fair,225300
55.0,2018.0,Yes,No,Vracar,Stan,Yes,0.0,3,1,Fair,132200
87.7,1951.0,No,No,Periferia,Stan,No,0.0,3,1,Good,126300
55.6,1966.0,Yes,No,Novi Beograd,Studio,Yes,0.0,4,3,Fair,107800
71.5,1978.0,No,Yes,Centar,Vila,Yes,1.0,3,1,Fair,256100
84.8,1953.0,No,No,Novi Beograd,Vila,No,1.0,2,1,Fair,231100
50.7,2022.0,No,Yes,Centar,Studio,No,1.0,3,2,Poor,96200
49.0,2013.0,Yes,No,Predgradje,Kuca,No,2.0,4,1,Good,66200
106.5,1992.0,No,Yes,Periferia,Kuca,Yes,,2,1,Good,179200
89.6,1961.0,Yes,No,Zemun,Stan,Yes,2.0,1,2,,116400
84.8,1999.0,Yes,No,Periferia,Kuca,No,1.0,4,2,Fair,129500
84.7,2017.0,No,No,Periferia,Stan,No,0.0,2,1,Fair,101700
76.5,2010.0,No,No,Centar,Stan,No,0.0,1,2,Good,194900
115.4,2022.0,No,Yes,Periferia,Studio,No,1.0,2,3,Poor,108300
66.1,2000.0,No,No,Vracar,Stan,Yes,2.0,2,3,Good,153600
79.4,1954.0,No,No,Periferia,Stan,Yes,0.0,3,2,Poor,88600
28.7,1977.0,No,Yes,Periferia,Vila,No,2.0,2,1,Fair,56900
44.4,1959.0,No,No,Novi Beograd,Stan,Yes,1.0,1,1,Excellent,110900
35.0,2001.0,Yes,No,Centar,Stan,Yes,0.0,3,3,Good,98100
96.9,,No,No,Novi Beograd,Vila,Yes,1.0,3,1,Poor,233500
20.0,2014.0,Yes,No,Vracar,Kuca,No,1.0,4,3,,72300
54.9,1970.0,Yes,No,Periferia,Kuca,Yes,0.0,2,1,Good,99600
20.0,2003.0,No,No,Periferia,Stan,No,1.0,1,2,Excellent,35900
44.2,1998.0,Yes,No,Centar,Stan,No,2.0,3,1,Good,117500
52.7,1971.0,Yes,No,Vracar,Studio,Yes,1.0,1,1,Good,95600
99.6,2018.0,Yes,No,Vracar,Kuca,No,0.0,1,2,Excellent,323100
74.9,2013.0,No,No,Novi Beograd,Kuca,No,2.0,3,3,Fair,170500
44.2,1985.0,No,No,Centar,Stan,No,0.0,2,2,Good,107200
91.6,1970.0,Yes,No,Novi Beograd,Stan,Yes,0.0,3,1,Good,214400
65.4,2005.0,Yes,No,Predgradje,Vila,Yes,1.0,3,3,Poor,105100
65.9,2022.0,Yes,No,Novi Beograd,Stan,No,2.0,2,2,Poor,117400
34.9,1997.0,No,Yes,Vracar,Kuca,No,1.0,1,1,Fair,85000
40.2,1967.0,No,Yes,Zemun,Stan,Yes,1.0,2,1,Good,83900
44.4,1964.0,,No,Novi Beograd,Kuca,No,3.0,2,2,Good,122700
66.2,1993.0,,Yes,Predgradje,Vila,No,2.0,5,1,Good,121900
66.9,1994.0,No,No,Predgradje,Kuca,Yes,0.0,3,3,Poor,85500
103.6,1985.0,No,Yes,Novi Beograd,Stan,No,2.0,2,1,Good,227600
74.6,1989.0,Yes,Yes,Vracar,Kuca,Yes,,1,2,Excellent,250800
20.0,2000.0,Yes,No,Novi Beograd,Studio,No,0.0,1,1,Good,37400
71.6,1979.0,Yes,Yes,Novi Beograd,Stan,Yes,0.0,4,2,Good,165200
28.7,1975.0,No,No,Centar,Studio,No,1.0,4,1,Good,54400
40.9,1980.0,No,No,Zemun,Kuca,Yes,0.0,1,1,Good,90700
44.7,,No,No,Vracar,Studio,No,0.0,4,1,Good,90800
48.4,2010.0,No,No,Centar,Kuca,Yes,1.0,2,1,Excellent,193900
30.6,1966.0,No,Yes,Novi Beograd,Stan,No,2.0,2,1,,77600
70.1,1973.0,No,Yes,Predgradje,Stan,Yes,0.0,1,1,Excellent,97300
29.7,1953.0,Yes,Yes,Novi Beograd,Stan,Yes,1.0,3,1,Fair,82600
73.9,1958.0,No,Yes,Centar,Vila,Yes,1.0,2,1,Fair,262800
120.9,1951.0,No,No,Vracar,Studio,Yes,1.0,4,3,Poor,190400
31.8,1984.0,No,No,Predgradje,Kuca,No,,2,1,Good,39700
57.9,1987.0,Yes,No,Novi Beograd,Stan,No,1.0,3,1,Good,128600
20.0,1994.0,Yes,Yes,Zemun,Stan,No,1.0,1,1,Fair,48900
57.5,1964.0,Yes,No,Periferia,Studio,No,3.0,1,2,Fair,70900
81.1,1991.0,Yes,Yes,Novi Beograd,Stan,Yes,0.0,1,2,Excellent,215900
83.0,,Yes,Yes,Zemun,Stan,Yes,0.0,4,1,Excellent,206200
66.9,1980.0,No,No,Novi Beograd,Kuca,No,1.0,3,1,,165900
87.2,2001.0,,No,Zemun,Stan,No,1.0,2,2,Good,170400
128.7,1990.0,No,No,Zemun,Stan,No,0.0,2,3,Good,234700
107.8,2006.0,No,No,Vracar,Stan,No,0.0,3,3,Good,260700
51.9,1991.0,No,No,Centar,Stan,Yes,1.0,2,1,Excellent,159800
28.7,2002.0,Yes,No,Periferia,Vila,Yes,2.0,4,2,Fair,70600
54.8,2005.0,Yes,Yes,Novi Beograd,Stan,No,0.0,4,1,Good,118100
41.3,2021.0,Yes,Yes,Centar,Stan,No,1.0,3,2,Fair,119100
76.3,2002.0,No,No,Centar,Stan,Yes,0.0,3,1,Good,204500
35.5,1981.0,Yes,Yes,Zemun,Studio,No,1.0,3,1,Good,78800
63.2,2003.0,,No,Zemun,Stan,No,1.0,2,2,Good,118700
86.0,1986.0,Yes,Yes,Centar,Kuca,No,2.0,2,2,Fair,228700
62.5,1957.0,No,Yes,Vracar,Stan,No,0.0,1,2,Good,156700
41.3,1960.0,Yes,No,Novi Beograd,Stan,Yes,1.0,4,1,Fair,85100
94.4,2003.0,No,Yes,Zemun,Stan,No,0.0,3,2,Fair,132600
20.0,2009.0,Yes,No,Centar,Studio,No,1.0,1,2,Poor,42900
56.8,1959.0,Yes,Yes,Zemun,Studio,No,2.0,3,1,Good,103100
64.0,2019.0,No,No,Novi Beograd,Stan,Yes,2.0,2,1,Good,160200
65.4,1991.0,No,No,Predgradje,Kuca,No,1.0,4,2,,79600
69.5,1986.0,,No,Centar,Vila,Yes,2.0,2,1,,274100
80.3,2007.0,No,No,Novi Beograd,Stan,Yes,0.0,3,2,Good,186000
64.1,2008.0,No,Yes,Centar,Studio,No,0.0,2,2,Good,149800
55.8,1973.0,No,No,Predgradje,Stan,No,2.0,3,3,Good,60300
54.8,1977.0,Yes,No,Periferia,Vila,No,0.0,2,3,Good,115800
49.7,1986.0,Yes,No,Novi Beograd,Studio,No,0.0,2,1,Good,101500
84.7,1970.0,Yes,Yes,Zemun,Vila,No,1.0,3,1,Good,221600
48.8,1982.0,No,Yes,Periferia,Kuca,No,1.0,3,1,Excellent,97500
86.2,1951.0,,Yes,Zemun,Stan,No,0.0,5,1,Excellent,196800
65.5,1977.0,No,Yes,Vracar,Vila,No,2.0,3,1,Fair,228300
52.0,1964.0,Yes,Yes,Novi Beograd,Stan,No,,3,2,Fair,121500
80.5,1950.0,Yes,Yes,Centar,Stan,No,,4,2,Good,217800
46.8,1977.0,No,No,Periferia,Kuca,No,0.0,4,3,Fair,82300
81.0,1999.0,Yes,No,Predgradje,Studio,No,1.0,3,1,Poor,70800
70.3,1984.0,No,Yes,Zemun,Vila,No,2.0,3,2,Excellent,219700
50.1,1977.0,Yes,No,Novi Beograd,Stan,No,2.0,4,2,Fair,102700
78.2,1958.0,Yes,No,Novi Beograd,Studio,No,3.0,3,1,Excellent,189800
78.7,1973.0,No,No,Zemun,Kuca,No,1.0,3,1,Good,159200
93.9,2012.0,Yes,No,Periferia,Stan,No,3.0,1,2,Good,149400
89.2,1953.0,Yes,No,Periferia,Stan,Yes,0.0,3,1,Fair,116400
77.3,2005.0,No,No,Periferia,Stan,Yes,0.0,2,3,Fair,116100
36.8,1990.0,No,No,Zemun,Stan,No,2.0,1,2,Good,66200
126.2,2016.0,No,No,Centar,Vila,Yes,0.0,4,1,Fair,424400
29.9,1997.0,No,No,Centar,Kuca,No,0.0,3,1,Fair,77700
88.7,2007.0,Yes,No,Periferia,Kuca,No,2.0,2,1,Fair,122000
75.8,1988.0,Yes,Yes,Zemun,Vila,No,2.0,2,2,Fair,193100
35.6,1974.0,No,No,Centar,Stan,Yes,0.0,2,2,Fair,59900
61.9,2009.0,Yes,No,Centar,Studio,No,2.0,1,2,Good,142000
63.0,1996.0,Yes,No,Zemun,Stan,No,2.0,2,2,Fair,114300
97.6,2010.0,No,Yes,Centar,Studio,No,2.0,1,2,Poor,172100
47.2,1976.0,Yes,No,Centar,Stan,No,1.0,2,1,Good,129200
58.5,1991.0,No,Yes,Vracar,Vila,No,1.0,4,2,Excellent,259500
20.0,2001.0,Yes,No,Zemun,Stan,No,2.0,1,2,Fair,35300
108.4,1997.0,Yes,Yes,Zemun,Stan,No,1.0,1,1,Fair,194600
38.2,1981.0,Yes,No,Novi Beograd,Studio,No,1.0,4,3,Good,83900
73.2,,No,Yes,Zemun,Stan,No,1.0,3,2,Excellent,163900
62.5,1952.0,Yes,Yes,Novi Beograd,Kuca,No,1.0,1,1,Good,156600
62.5,1976.0,No,Yes,Novi Beograd,Stan,No,3.0,1,2,Good,138800
85.2,2022.0,No,Yes,Zemun,Kuca,No,0.0,3,3,Fair,181300
106.8,1989.0,Yes,No,Zemun,Stan,Yes,0.0,2,2,Good,199300
71.3,1972.0,No,Yes,Periferia,Stan,No,2.0,3,1,Poor,87000
81.4,1956.0,No,No,Zemun,Stan,No,0.0,2,3,Good,126300
73.2,1986.0,No,Yes,Zemun,Stan,No,1.0,5,1,Good,143200
90.4,1956.0,,No,Centar,Stan,Yes,,3,2,Excellent,279000
53.4,,No,Yes,Novi Beograd,Stan,Yes,1.0,1,1,Fair,100500
91.9,1966.0,No,No,Novi Beograd,Stan,No,2.0,2,1,Poor,143200
92.8,1968.0,Yes,No,Novi Beograd,Stan,No,1.0,3,3,Good,211100
92.1,1988.0,Yes,No,Predgradje,Kuca,Yes,0.0,1,2,Good,124300
48.5,1985.0,Yes,No,Novi Beograd,Studio,No,3.0,1,2,Good,99600
60.8,1964.0,Yes,No,Periferia,Stan,No,0.0,1,1,Fair,80800
71.0,2012.0,Yes,Yes,Zemun,Kuca,No,1.0,3,3,Fair,153100
30.7,1978.0,No,No,Periferia,Kuca,No,1.0,3,1,Good,60000
104.9,2009.0,Yes,No,Vracar,Stan,Yes,3.0,1,1,Fair,228400
64.7,2005.0,No,No,Zemun,Kuca,No,0.0,3,2,Excellent,5000
72.1,1989.0,No,Yes,Vracar,Stan,No,1.0,3,1,Good,177200
50.6,1965.0,No,No,Centar,Kuca,No,1.0,4,1,Good,137600
31.8,1982.0,No,No,Zemun,Stan,Yes,0.0,4,3,Good,78100
49.9,1965.0,Yes,No,Novi Beograd,Kuca,No,2.0,4,2,Good,127400
70.5,1979.0,No,No,Centar,Kuca,Yes,1.0,5,3,Fair,197300
81.8,2015.0,No,No,Zemun,Stan,No,2.0,2,2,Excellent,181400
69.0,1993.0,Yes,No,Centar,Stan,No,0.0,2,1,Fair,168000
73.7,1987.0,,No,Predgradje,Vila,No,2.0,2,1,Good,123800
56.6,2000.0,Yes,No,Predgradje,Stan,Yes,2.0,3,3,Fair,68800
77.4,2009.0,Yes,No,Predgradje,Kuca,No,1.0,2,1,,103600
102.1,1967.0,Yes,No,Novi Beograd,Vila,No,1.0,3,2,Fair,301800
82.6,,Yes,Yes,Centar,Kuca,No,3.0,1,1,Fair,218500
85.2,1989.0,Yes,No,Predgradje,Kuca,Yes,2.0,2,2,Excellent,132600
72.4,1955.0,No,No,Vracar,Studio,Yes,1.0,2,1,Fair,125400
27.4,1961.0,Yes,Yes,Predgradje,Studio,Yes,1.0,4,1,,36000
38.9,1961.0,No,No,Predgradje,Stan,No,2.0,1,2,Excellent,51600
76.4,2022.0,No,Yes,Periferia,Stan,No,0.0,4,1,Poor,85800
64.7,1971.0,No,Yes,Novi Beograd,Stan,Yes,1.0,1,2,Good,137700
76.0,1998.0,Yes,No,Novi Beograd,Vila,No,3.0,3,2,Fair,225000
106.9,1999.0,No,No,Periferia,Kuca,No,,2,2,Poor,123400
83.2,1953.0,Yes,Yes,Novi Beograd,Stan,No,2.0,2,1,Good,188700
96.5,1999.0,Yes,Yes,Centar,Studio,No,0.0,5,2,Excellent,268800
67.4,1952.0,No,No,Zemun,Stan,No,3.0,2,3,Poor,84900
44.8,1965.0,Yes,Yes,Predgradje,Stan,No,1.0,2,2,Good,58400
63.6,1963.0,Yes,Yes,Zemun,Kuca,No,0.0,3,2,Good,140000
44.9,2013.0,Yes,No,Zemun,Stan,No,1.0,3,3,Excellent,123000
104.0,1990.0,Yes,Yes,Centar,Studio,No,2.0,5,2,Poor,203100
84.8,2017.0,Yes,No,Zemun,Stan,No,0.0,3,1,Good,168600
78.0,,No,Yes,Predgradje,Studio,No,2.0,3,3,Good,92300
95.9,1951.0,Yes,No,Centar,Kuca,No,,2,1,Good,283200
20.0,1959.0,No,No,Vracar,Stan,No,0.0,3,3,Excellent,48100
79.7,1975.0,No,No,Periferia,Vila,No,,3,1,Excellent,187700
32.2,1953.0,No,No,Zemun,Kuca,No,2.0,2,1,Poor,35900
64.8,1977.0,No,No,Zemun,Stan,Yes,0.0,3,3,Good,122300
57.2,1951.0,No,No,Zemun,Stan,No,0.0,2,1,Good,90000
81.5,2015.0,No,No,Novi Beograd,Studio,No,1.0,2,1,Fair,146200
70.7,,No,Yes,Novi Beograd,Stan,No,0.0,2,2,Good,144900
98.6,2006.0,Yes,No,Periferia,Stan,Yes,2.0,2,2,Good,149400
50.0,1972.0,No,No,Periferia,Stan,No,1.0,3,1,Good,61600
82.7,1972.0,No,No,Periferia,Stan,Yes,3.0,1,1,Excellent,129100
69.1,1970.0,No,No,Predgradje,Studio,No,3.0,1,1,Poor,43000
24.1,1974.0,No,No,Vracar,Stan,Yes,,1,1,Excellent,61500
42.0,2007.0,Yes,Yes,Vracar,Stan,No,1.0,2,2,Good,111100
61.3,1986.0,Yes,No,Periferia,Stan,No,1.0,2,1,Good,81700
92.8,1998.0,No,No,Zemun,Stan,No,1.0,3,1,Excellent,197100
76.6,1964.0,Yes,Yes,Zemun,Vila,No,1.0,2,2,Good,206900
35.8,1977.0,No,No,Periferia,Stan,Yes,0.0,2,3,Good,21400
61.5,2016.0,,No,Periferia,Vila,No,0.0,3,2,Good,129800
115.4,,,No,Novi Beograd,Stan,No,0.0,3,1,Good,244400
67.8,1996.0,No,No,Novi Beograd,Stan,Yes,2.0,1,2,Excellent,180700
56.8,1999.0,Yes,No,Centar,Studio,No,0.0,4,3,Excellent,155800
77.3,2009.0,Yes,No,Zemun,Stan,No,0.0,5,2,Fair,143200
84.1,2011.0,Yes,Yes,Centar,Kuca,Yes,1.0,1,1,Fair,242900
53.6,2016.0,No,No,Vracar,Vila,Yes,0.0,3,3,Good,206300
77.6,2021.0,No,Yes,Vracar,Stan,Yes,0.0,1,2,Poor,143300
56.8,1992.0,Yes,No,Novi Beograd,Stan,No,1.0,1,2,Good,119500
83.0,2007.0,Yes,No,Zemun,Kuca,Yes,1.0,2,2,Fair,162100
69.2,2001.0,No,No,Centar,Stan,Yes,0.0,4,1,Good,186800
77.0,2018.0,No,No,Centar,Stan,No,1.0,3,1,Poor,155100
46.0,1995.0,Yes,No,Periferia,Stan,No,1.0,2,2,Fair,55900
44.5,1974.0,Yes,Yes,Novi Beograd,Stan,No,1.0,2,1,Good,111700
88.6,1974.0,No,No,Centar,Studio,No,1.0,2,1,Good,179900
63.0,1984.0,No,No,Vracar,Stan,Yes,0.0,2,1,Excellent,174700
72.1,2010.0,,Yes,Periferia,Stan,Yes,1.0,4,3,Excellent,136900
57.3,1964.0,No,No,Novi Beograd,Kuca,Yes,2.0,3,3,Good,156500
87.5,2023.0,No,Yes,Zemun,Stan,No,2.0,2,1,Poor,141200
49.8,1984.0,No,No,Centar,Stan,No,2.0,2,2,Excellent,157000
61.6,1978.0,No,No,Centar,Studio,No,1.0,4,1,Excellent,151000
84.6,,Yes,No,Vracar,Stan,No,,3,2,Excellent,252500
94.3,2018.0,Yes,Yes,Vracar,Studio,No,1.0,1,1,Fair,172600
51.9,1973.0,Yes,Yes,Zemun,Studio,No,2.0,2,2,Excellent,101800
114.0,1968.0,No,No,Zemun,Stan,No,2.0,2,1,Fair,177400
72.8,1995.0,No,No,Predgradje,Kuca,No,,5,1,Good,93800
38.9,1998.0,Yes,No,Vracar,Stan,No,0.0,2,1,Excellent,104200
74.2,1993.0,No,No,Novi Beograd,Stan,No,1.0,1,1,Fair,148400
55.4,2022.0,Yes,No,Periferia,Studio,No,0.0,2,3,Excellent,88300
75.9,1975.0,Yes,No,Novi Beograd,Studio,No,3.0,2,1,Fair,138600
63.9,1974.0,Yes,No,Vracar,Stan,Yes,0.0,3,1,Excellent,186700
66.9,1984.0,No,No,Centar,Kuca,Yes,0.0,2,1,Fair,178300
42.2,1985.0,No,No,Centar,Vila,No,2.0,1,1,Excellent,185200
89.8,1963.0,No,Yes,Predgradje,Vila,No,0.0,1,2,Poor,103000
36.1,2005.0,No,No,Periferia,Kuca,No,0.0,2,1,Good,56400
37.3,1955.0,Yes,No,Zemun,Stan,No,1.0,2,1,Good,66100
74.2,1981.0,No,No,Vracar,Stan,No,1.0,4,1,Good,174000
105.1,1975.0,Yes,Yes,Centar,Vila,Yes,0.0,2,1,Fair,370700
56.2,1964.0,Yes,No,Centar,Stan,No,1.0,1,1,Good,159200
82.5,1998.0,Yes,Yes,Novi Beograd,Kuca,No,0.0,3,2,Fair,198300
91.8,2005.0,,No,Vracar,Stan,No,1.0,4,1,Good,219100
85.4,1986.0,Yes,No,Zemun,Stan,Yes,1.0,2,2,Fair,153400
57.2,2002.0,Yes,Yes,Zemun,Stan,No,2.0,2,2,Excellent,133300
37.7,2007.0,No,No,Novi Beograd,Vila,No,1.0,3,1,Poor,99900
20.0,1985.0,Yes,No,Predgradje,Stan,Yes,1.0,1,2,,30400
58.4,1960.0,No,No,Zemun,Kuca,No,1.0,4,2,Fair,111500
94.5,1976.0,Yes,No,Zemun,Stan,No,0.0,4,2,Good,169200
36.9,1951.0,Yes,No,Zemun,Stan,No,,3,3,Fair,59900
82.5,,Yes,No,Vracar,Stan,No,2.0,2,1,Good,193100
41.2,2015.0,Yes,No,Novi Beograd,Kuca,Yes,0.0,1,1,Excellent,126900
67.7,1966.0,Yes,Yes,Novi Beograd,Stan,Yes,1.0,5,2,Good,148300
82.7,1953.0,No,Yes,Periferia,Stan,No,,3,1,Good,110500
48.5,1963.0,,No,Centar,Stan,Yes,2.0,2,1,Poor,112800
69.3,1956.0,Yes,No,Centar,Stan,No,,1,2,Good,158400
54.6,1965.0,Yes,No,Centar,Vila,No,1.0,3,2,Fair,171100
82.6,2015.0,No,Yes,Centar,Vila,No,1.0,5,1,Good,327300
70.9,1968.0,Yes,No,Periferia,Stan,No,1.0,3,1,Fair,94700
66.4,1950.0,Yes,No,Zemun,Kuca,Yes,2.0,1,1,Good,130100
104.0,1980.0,No,No,Vracar,Vila,No,0.0,2,1,Good,364200
81.6,,No,No,Centar,Stan,No,1.0,1,2,Excellent,240800
47.7,2007.0,No,No,Vracar,Studio,No,1.0,4,3,Fair,89500
62.9,2005.0,,No,Vracar,Vila,No,1.0,2,2,Good,228500
63.1,2002.0,Yes,No,Centar,Stan,Yes,0.0,3,1,Fair,144300
67.0,1992.0,Yes,Yes,Vracar,Stan,Yes,0.0,1,2,Good,175600
128.1,2023.0,Yes,No,Novi Beograd,Vila,No,2.0,1,2,Excellent,494100
74.3,1998.0,No,No,Zemun,Kuca,No,,3,3,Good,156700
20.0,2009.0,No,Yes,Zemun,Stan,Yes,1.0,4,2,Good,54100
51.4,1965.0,Yes,No,Centar,Stan,No,0.0,2,2,Excellent,153300
20.0,2022.0,Yes,Yes,Novi Beograd,Stan,No,0.0,2,2,Good,51800
56.8,2009.0,Yes,No,Zemun,Kuca,No,1.0,3,1,Good,131400
20.0,1996.0,Yes,No,Vracar,Kuca,Yes,2.0,3,2,Good,64900
43.2,1964.0,Yes,No,Periferia,Vila,No,1.0,3,2,Good,78300
27.0,2012.0,No,Yes,Zemun,Stan,Yes,2.0,1,2,Fair,54000
74.6,1977.0,No,No,Centar,Kuca,No,1.0,3,2,Excellent,262100
65.0,1969.0,Yes,Yes,Centar,Kuca,Yes,1.0,4,2,Good,198200
72.6,2012.0,Yes,No,Zemun,Stan,No,1.0,4,2,Poor,107100
62.4,1982.0,Yes,Yes,Centar,Stan,No,2.0,3,1,Good,175600
30.1,1985.0,Yes,No,Zemun,Vila,No,1.0,5,3,Good,86600
77.8,1962.0,Yes,Yes,Predgradje,Studio,No,1.0,1,2,Fair,68200
113.1,2011.0,No,Yes,Zemun,Stan,Yes,1.0,2,2,Good,216600
75.2,2017.0,Yes,Yes,Novi Beograd,Kuca,No,0.0,3,1,Excellent,245200
54.4,1972.0,No,No,Zemun,Stan,No,0.0,1,2,Excellent,113600
29.3,2021.0,,No,Vracar,Kuca,Yes,0.0,5,2,Excellent,114100
42.3,1962.0,No,Yes,Vracar,Kuca,No,1.0,2,2,Excellent,134000
76.3,1989.0,Yes,No,Predgradje,Kuca,No,0.0,2,3,,88800
91.8,1979.0,No,No,Novi Beograd,Vila,No,1.0,2,3,Good,305800
71.5,1974.0,No,Yes,Predgradje,Kuca,No,2.0,2,2,Excellent,127300
85.0,2022.0,Yes,No,Predgradje,Stan,Yes,1.0,3,1,Good,108100
82.7,1975.0,Yes,No,Centar,Studio,No,0.0,2,3,Good,173900
77.7,1973.0,No,Yes,Centar,Stan,No,2.0,2,3,Good,202300
48.5,1988.0,Yes,No,Centar,Stan,Yes,0.0,4,1,Good,132500
69.3,2010.0,Yes,No,Centar,Stan,No,1.0,1,1,Excellent,217000
43.8,1998.0,Yes,No,Centar,Stan,No,1.0,4,2,Good,116700
65.4,1990.0,Yes,Yes,Zemun,Studio,Yes,0.0,2,1,Good,110800
73.3,2019.0,Yes,No,Centar,Stan,No,0.0,2,1,Excellent,229900
107.0,1969.0,Yes,No,Novi Beograd,Studio,No,0.0,2,2,Good,189700
32.3,1993.0,No,No,Periferia,Kuca,No,0.0,3,3,Fair,45000
77.0,1965.0,Yes,Yes,Centar,Stan,Yes,0.0,3,1,Good,213400
102.0,1970.0,No,Yes,Periferia,Studio,No,3.0,5,3,Excellent,165000
84.0,1964.0,No,No,Novi Beograd,Stan,Yes,1.0,2,3,Good,178600
85.8,1988.0,Yes,No,Centar,Stan,No,2.0,3,3,Good,241500
79.7,1991.0,No,No,Zemun,Kuca,No,1.0,2,1,Good,160200
97.5,2010.0,No,No,Zemun,Stan,No,,5,1,Fair,170100
37.8,1953.0,No,Yes,Periferia,Stan,No,0.0,4,1,Excellent,73200
30.4,1973.0,No,No,Zemun,Kuca,No,,2,3,,67500
64.8,1952.0,No,Yes,Periferia,Kuca,No,1.0,2,2,Fair,83200
20.0,1950.0,Yes,No,Novi Beograd,Stan,No,2.0,2,1,Fair,43700
95.8,1962.0,,No,Centar,Vila,No,0.0,3,1,Excellent,430200
95.5,2003.0,Yes,No,Periferia,Kuca,No,1.0,4,1,Excellent,184500
54.2,1989.0,No,No,Periferia,Studio,No,0.0,5,3,Excellent,69000
55.7,1960.0,Yes,No,Predgradje,Stan,No,1.0,3,2,Excellent,85100
63.2,1991.0,No,No,Vracar,Kuca,No,1.0,3,2,Good,176100
66.3,1953.0,No,Yes,Novi Beograd,Studio,No,1.0,2,1,Good,128100
68.2,1974.0,,No,Periferia,Kuca,Yes,0.0,3,3,Good,119200
79.0,1985.0,No,Yes,Novi Beograd,Kuca,No,0.0,2,2,Poor,137400
60.7,2013.0,,No,Predgradje,Stan,No,1.0,3,3,Good,75300
88.6,1993.0,No,No,Periferia,Stan,No,3.0,1,1,Good,112800
76.1,1989.0,Yes,No,Vracar,Stan,No,1.0,1,2,Good,187800
49.8,1994.0,No,No,Periferia,Stan,Yes,1.0,3,1,Good,85500
98.4,1957.0,No,No,Periferia,Studio,Yes,1.0,4,1,Good,115600
31.0,1984.0,No,No,Centar,Stan,No,0.0,3,1,Fair,69300
62.7,1993.0,No,Yes,Predgradje,Vila,Yes,2.0,3,1,Fair,110900
89.2,1967.0,Yes,No,Vracar,Vila,Yes,0.0,4,1,Fair,291000
46.9,1996.0,Yes,No,Periferia,Stan,No,1.0,2,2,Fair,61500
72.7,1974.0,No,Yes,Novi Beograd,Stan,No,1.0,1,1,Excellent,196600
78.6,1990.0,No,No,Periferia,Studio,No,1.0,4,1,Fair,83700
43.5,,Yes,No,Novi Beograd,Vila,No,,4,1,,128800
63.2,,No,No,Centar,Stan,Yes,2.0,2,2,Good,161600
61.1,2011.0,No,No,Predgradje,Stan,No,0.0,2,1,Good,77200
51.2,2021.0,No,Yes,Centar,Kuca,Yes,1.0,4,2,Fair,145600
122.5,1952.0,No,No,Novi Beograd,Kuca,Yes,2.0,3,1,Good,310500
45.9,1986.0,Yes,Yes,Predgradje,Stan,No,1.0,1,1,Good,47900
90.1,1990.0,No,No,Predgradje,Kuca,Yes,0.0,1,2,Fair,99600
55.2,1969.0,No,No,Zemun,Stan,No,3.0,5,1,Fair,93000
37.8,2016.0,Yes,Yes,Zemun,Stan,No,0.0,1,2,Excellent,96100
67.6,1989.0,Yes,No,Vracar,Stan,Yes,2.0,2,3,Excellent,214400
81.2,1957.0,Yes,Yes,Novi Beograd,Stan,No,0.0,3,2,Good,173700
88.0,1954.0,No,Yes,Novi Beograd,Stan,No,1.0,2,1,Poor,136300
104.1,1974.0,Yes,No,Zemun,Stan,No,0.0,2,2,Good,196200
138.6,1988.0,Yes,No,Periferia,Stan,No,0.0,2,2,Good,184000
71.3,1986.0,Yes,Yes,Periferia,Stan,Yes,0.0,2,1,Fair,115500
48.4,1954.0,No,Yes,Periferia,Stan,No,0.0,4,1,Good,58400
76.3,1957.0,No,Yes,Centar,Vila,No,3.0,3,1,Good,302200
58.3,1953.0,No,Yes,Vracar,Stan,No,2.0,2,1,Fair,113800
88.1,1990.0,Yes,No,Centar,Stan,No,0.0,2,2,,216800
32.6,2009.0,No,No,Vracar,Kuca,No,0.0,1,2,Excellent,98700
124.2,2003.0,No,Yes,Vracar,Vila,Yes,,1,1,Fair,398400
86.4,1971.0,Yes,No,Periferia,Stan,No,1.0,3,1,Excellent,149600
22.9,1968.0,Yes,Yes,Novi Beograd,Kuca,No,2.0,1,1,Fair,58000
47.3,2017.0,No,No,Centar,Kuca,No,1.0,2,1,Excellent,179100
85.4,1982.0,No,Yes,Centar,Kuca,No,1.0,4,1,Fair,237400
94.4,1971.0,No,No,Periferia,Stan,No,1.0,2,1,Poor,86200
33.2,2014.0,Yes,No,Zemun,Kuca,Yes,1.0,2,1,Good,79900
82.8,1960.0,No,No,Centar,Stan,No,0.0,4,2,Good,216800
20.0,1965.0,No,No,Centar,Kuca,No,1.0,4,2,Excellent,64400
62.8,2017.0,No,Yes,Zemun,Kuca,Yes,0.0,4,3,Good,151500
92.8,1993.0,No,No,Centar,Stan,Yes,1.0,3,2,,213000
51.2,1958.0,No,Yes,Periferia,Studio,No,1.0,5,1,Good,57200
27.3,2021.0,No,Yes,Zemun,Stan,No,2.0,4,2,Good,64300
68.7,2011.0,Yes,Yes,Centar,Studio,No,0.0,2,1,Fair,133600
49.9,1964.0,No,Yes,Centar,Stan,Yes,1.0,3,2,Good,144700
80.7,1955.0,Yes,Yes,Predgradje,Stan,No,0.0,1,1,Good,64700
42.9,1950.0,No,No,Novi Beograd,Stan,No,1.0,3,1,Excellent,112300
45.7,1969.0,Yes,Yes,Novi Beograd,Vila,No,2.0,2,1,Excellent,190600
20.0,1985.0,No,No,Periferia,Stan,No,2.0,2,1,Fair,23800
69.2,1951.0,Yes,Yes,Predgradje,Stan,No,2.0,1,1,Good,63300
61.0,2019.0,No,No,Predgradje,Stan,No,3.0,2,1,Good,80300
35.3,,Yes,Yes,Periferia,Kuca,No,2.0,2,2,Good,58300
69.8,1952.0,Yes,No,Novi Beograd,Kuca,No,0.0,3,1,Good,166100
90.7,1956.0,No,No,Centar,Stan,No,0.0,2,1,Excellent,277600
59.6,2013.0,No,Yes,Periferia,Stan,No,1.0,3,2,Good,104600
71.7,1990.0,Yes,Yes,Zemun,Stan,No,3.0,3,1,Excellent,166700
71.8,2003.0,,Yes,Vracar,Stan,No,1.0,3,2,Excellent,209300
34.9,1990.0,Yes,Yes,Predgradje,Stan,No,0.0,2,2,Excellent,31100
116.4,1954.0,No,Yes,Centar,Kuca,No,2.0,4,3,Excellent,400500
53.2,2012.0,No,No,Vracar,Stan,No,1.0,3,1,Good,124400
81.4,1950.0,No,No,Centar,Stan,No,1.0,4,1,Fair,191600
84.2,1974.0,Yes,No,Vracar,Stan,No,,2,2,Good,206100
61.5,,Yes,Yes,Centar,Vila,No,2.0,2,1,Poor,195500
80.2,1964.0,No,No,Centar,Vila,Yes,2.0,1,1,Good,311200
71.1,2018.0,Yes,Yes,Centar,Studio,No,2.0,2,1,Good,168400
29.6,,No,No,Zemun,Stan,No,1.0,2,2,Good,52800
56.7,1970.0,Yes,Yes,Zemun,Stan,No,1.0,4,1,Excellent,136200
49.7,2002.0,No,Yes,Zemun,Stan,Yes,1.0,3,2,Excellent,120300
53.5,2004.0,No,No,Predgradje,Stan,No,2.0,2,1,Fair,60500
32.4,1959.0,Yes,No,Novi Beograd,Kuca,No,1.0,3,2,Good,85600
93.2,2006.0,No,No,Novi Beograd,Studio,No,,1,1,Good,172900
105.0,2014.0,No,No,Periferia,Studio,No,0.0,2,1,Good,118500
89.5,1986.0,Yes,No,Novi Beograd,Studio,Yes,1.0,3,1,,184300
96.8,1956.0,Yes,No,Predgradje,Stan,Yes,0.0,3,1,Good,117400
56.4,1989.0,No,No,Centar,Kuca,No,2.0,3,1,Good,158600
49.1,1999.0,Yes,Yes,Predgradje,Stan,No,0.0,2,1,Excellent,55700
45.5,,No,Yes,Centar,Stan,No,0.0,2,3,Excellent,134000
81.1,1969.0,Yes,No,Periferia,Kuca,No,0.0,4,2,Fair,109700
70.7,1980.0,Yes,Yes,Vracar,Stan,No,1.0,5,2,Good,165700
63.1,2017.0,Yes,No,Predgradje,Stan,Yes,0.0,2,3,Good,77100
97.4,1961.0,Yes,Yes,Centar,Stan,No,1.0,3,2,Fair,239900
75.1,1971.0,No,No,Zemun,Kuca,No,2.0,2,1,Poor,121300
44.0,,Yes,No,Predgradje,Studio,No,2.0,2,3,Good,49800
48.0,1950.0,No,Yes,Vracar,Stan,Yes,2.0,3,2,Good,132300
82.0,1952.0,No,No,Zemun,Studio,Yes,1.0,3,3,Fair,122300
91.0,1970.0,,No,Zemun,Stan,Yes,2.0,4,2,Good,171400
78.8,1962.0,Yes,No,Vracar,Stan,No,2.0,3,2,Good,198900
112.4,2010.0,No,Yes,Zemun,Kuca,No,3.0,3,3,Fair,220900
105.9,1962.0,Yes,No,Zemun,Kuca,No,0.0,1,2,Poor,149500
76.0,1982.0,No,Yes,Predgradje,Vila,Yes,0.0,3,2,Excellent,168100
44.0,1955.0,Yes,No,Centar,Stan,Yes,0.0,5,1,Poor,100600
32.3,1974.0,Yes,No,Novi Beograd,Kuca,No,2.0,2,2,Excellent,98500
55.3,1972.0,No,No,Predgradje,Kuca,No,1.0,2,2,Good,64100
83.8,1975.0,Yes,Yes,Periferia,Vila,No,1.0,5,1,Fair,168800
2.0,1953.0,No,No,Vracar,Stan,Yes,1.0,2,1,Fair,224200
75.4,,Yes,No,Zemun,Studio,No,2.0,2,2,Poor,91600
94.2,1974.0,No,Yes,Novi Beograd,Kuca,No,2.0,1,1,Fair,217500
58.9,1969.0,No,No,Centar,Stan,Yes,1.0,1,1,Fair,128800
80.6,1950.0,,No,Vracar,Stan,No,2.0,2,1,Good,198300
85.6,2017.0,No,No,Novi Beograd,Stan,Yes,0.0,3,3,Fair,178900
20.0,1972.0,No,No,Zemun,Kuca,Yes,1.0,3,1,Good,44500
54.7,,No,Yes,Centar,Studio,No,2.0,3,2,Good,133600
88.7,2011.0,No,Yes,Predgradje,Kuca,No,2.0,3,2,Fair,114900
71.9,1950.0,No,Yes,Predgradje,Kuca,No,1.0,2,1,,61700
35.1,2008.0,Yes,Yes,Zemun,Kuca,No,,4,1,Poor,77200
20.0,,No,No,Vracar,Stan,No,0.0,4,3,Poor,42800
55.9,1968.0,No,Yes,Novi Beograd,Stan,Yes,,2,2,Good,99800
63.2,1979.0,Yes,Yes,Periferia,Stan,Yes,,1,1,Fair,89300
42.9,1950.0,No,No,Zemun,Stan,No,1.0,2,2,Good,58300
68.6,1997.0,Yes,No,Centar,Stan,Yes,2.0,1,2,Good,201000
77.7,1968.0,Yes,No,Predgradje,Kuca,No,1.0,4,2,Good,104500
81.8,2001.0,Yes,No,Periferia,Stan,No,0.0,2,1,Good,116900
20.0,1971.0,Yes,No,Predgradje,Stan,Yes,0.0,3,1,Good,32200
32.1,1999.0,Yes,Yes,Zemun,Stan,No,2.0,1,2,Fair,50500
57.4,2015.0,No,No,Zemun,Stan,Yes,1.0,3,1,Fair,106800
79.3,1955.0,Yes,No,Vracar,Vila,Yes,1.0,1,1,Good,271900
77.2,2013.0,No,No,Predgradje,Studio,Yes,1.0,3,1,Fair,70900
76.8,1970.0,Yes,No,Periferia,Kuca,No,0.0,5,2,Good,127100
55.4,1968.0,No,No,Centar,Stan,No,0.0,2,1,Good,130800
56.8,1986.0,No,No,Centar,Studio,No,1.0,2,1,Good,107100
46.8,2012.0,Yes,Yes,Novi Beograd,Studio,No,,2,2,Good,103500
84.2,1978.0,No,No,Periferia,Studio,Yes,1.0,3,1,Good,107400
42.0,2009.0,No,No,Predgradje,Stan,No,1.0,2,1,Good,40800
86.3,1983.0,No,No,Centar,Kuca,No,3.0,4,2,Good,253100
70.2,1950.0,Yes,No,Zemun,Studio,Yes,2.0,2,1,Good,110700
63.9,1997.0,No,Yes,Novi Beograd,Kuca,Yes,1.0,1,2,Good,185000
48.6,1970.0,No,Yes,Predgradje,Kuca,No,1.0,3,1,Excellent,91200
31.1,,Yes,Yes,Periferia,Stan,No,1.0,1,1,Good,57500
48.8,1975.0,No,Yes,Periferia,Kuca,No,0.0,3,2,,96500
56.7,1985.0,Yes,No,Vracar,Stan,Yes,3.0,2,3,Good,155900
20.0,1972.0,Yes,Yes,Vracar,Kuca,No,1.0,4,1,Good,65700
60.1,1996.0,No,No,Novi Beograd,Stan,No,2.0,2,2,Poor,94300
88.1,1993.0,Yes,No,Centar,Stan,No,3.0,3,1,Excellent,263900
79.2,1969.0,Yes,No,Periferia,Stan,Yes,1.0,2,1,Poor,81500
52.6,1976.0,No,Yes,Periferia,Kuca,No,0.0,1,1,Good,83500
66.2,2010.0,Yes,No,Predgradje,Stan,No,1.0,3,3,Good,100800
51.1,1986.0,Yes,Yes,Predgradje,Kuca,No,1.0,2,1,Excellent,83200
68.7,2001.0,No,No,Zemun,Studio,No,2.0,2,1,Poor,85600
103.5,2011.0,Yes,No,Periferia,Stan,No,0.0,2,2,Good,148500
89.2,2015.0,Yes,No,Predgradje,Stan,Yes,1.0,2,1,Good,110100
78.0,1973.0,Yes,Yes,Periferia,Stan,No,2.0,3,1,,119800
52.7,1961.0,No,No,Novi Beograd,Studio,Yes,3.0,4,1,Poor,92200
83.7,1965.0,No,Yes,Vracar,Kuca,Yes,0.0,2,3,Good,231400
22.8,1985.0,No,Yes,Centar,Stan,No,2.0,4,1,Good,63600
58.7,1951.0,Yes,No,Predgradje,Stan,No,0.0,4,3,Fair,53600
79.6,2011.0,No,No,Zemun,Kuca,Yes,2.0,2,1,Good,176100
83.5,2013.0,No,Yes,Novi Beograd,Studio,No,0.0,2,1,,155000
81.7,1978.0,Yes,No,Zemun,Studio,No,3.0,2,3,Good,141800
72.4,2023.0,No,Yes,Zemun,Kuca,No,1.0,3,2,Excellent,188300
60.1,1980.0,No,Yes,Novi Beograd,Stan,Yes,1.0,2,1,Good,151200
78.4,1964.0,Yes,No,Centar,Stan,No,0.0,2,2,Excellent,241600
41.2,2004.0,Yes,Yes,Zemun,Stan,Yes,0.0,2,1,Excellent,91500
43.9,1982.0,Yes,Yes,Vracar,Stan,Yes,1.0,3,2,Fair,118900
66.5,2001.0,Yes,Yes,Periferia,Stan,No,2.0,1,2,Fair,83300
69.3,1969.0,No,Yes,Vracar,Stan,No,2.0,3,1,Good,182300
20.0,2022.0,No,Yes,Periferia,Stan,Yes,2.0,4,3,Good,55700
76.4,1987.0,Yes,No,Zemun,Vila,No,,3,1,Good,232200
84.3,1952.0,No,No,Zemun,Kuca,Yes,3.0,2,1,Good,158900
63.1,2003.0,No,No,Periferia,Studio,Yes,2.0,1,1,Good,81900
124.4,2015.0,Yes,No,Vracar,Kuca,No,0.0,2,3,Good,342200
47.9,1967.0,No,No,Centar,Stan,No,2.0,5,1,Fair,108600
56.0,1956.0,No,No,Centar,Kuca,No,0.0,4,2,Excellent,200500
55.1,,Yes,No,Periferia,Stan,No,3.0,3,3,Fair,76400
63.1,2009.0,Yes,Yes,Zemun,Kuca,No,1.0,1,2,Excellent,180000
56.8,,Yes,Yes,Zemun,Stan,No,0.0,3,2,Fair,91400
29.8,1988.0,Yes,No,Novi Beograd,Vila,Yes,0.0,4,1,Excellent,109100
51.3,1961.0,Yes,Yes,Centar,Stan,Yes,,4,2,Poor,104000
62.6,2002.0,Yes,No,Centar,Stan,No,0.0,3,1,Fair,151800
95.7,2013.0,No,No,Novi Beograd,Vila,No,3.0,3,3,Poor,253900
120.1,1953.0,,Yes,Zemun,Stan,No,0.0,3,1,Good,208400
98.4,1954.0,Yes,No,Novi Beograd,Kuca,Yes,0.0,4,1,Excellent,301000
45.6,1965.0,Yes,Yes,Vracar,Kuca,No,0.0,3,1,Good,130200
47.6,1976.0,No,No,Predgradje,Studio,No,0.0,2,1,Excellent,50900
61.0,1953.0,No,No,Novi Beograd,Vila,No,1.0,3,1,Good,209000
109.6,2021.0,Yes,No,Vracar,Vila,No,1.0,4,2,Good,395500
60.9,1997.0,Yes,Yes,Periferia,Stan,Yes,0.0,3,3,Excellent,106600
31.8,1957.0,No,Yes,Novi Beograd,Studio,Yes,0.0,3,2,Fair,58600
52.5,1995.0,Yes,No,Zemun,Kuca,Yes,0.0,3,1,Good,115500
83.9,1993.0,Yes,No,Periferia,Kuca,No,2.0,3,1,Excellent,172400
82.2,2016.0,Yes,Yes,Predgradje,Stan,No,1.0,1,2,Excellent,119400
60.0,2001.0,Yes,Yes,Centar,Kuca,No,0.0,3,1,Excellent,220700
82.1,1983.0,Yes,Yes,Predgradje,Vila,No,0.0,2,2,Excellent,164200
20.0,2011.0,Yes,No,Vracar,Vila,No,,4,1,Fair,55400
67.6,1970.0,No,No,Novi Beograd,Stan,No,0.0,5,3,Excellent,179100
86.5,1973.0,No,Yes,Vracar,Stan,No,1.0,2,1,Good,215700
44.2,1993.0,No,Yes,Predgradje,Stan,Yes,3.0,5,1,,82300
44.1,1990.0,Yes,No,Vracar,Studio,No,0.0,2,2,Good,78500
20.0,1978.0,Yes,No,Novi Beograd,Kuca,Yes,0.0,3,1,Good,52600
104.7,1955.0,No,No,Zemun,Stan,No,0.0,1,2,Good,179600
47.0,2005.0,No,No,Novi Beograd,Stan,No,1.0,1,1,Fair,98000
71.0,1963.0,Yes,Yes,Centar,Stan,Yes,0.0,4,2,Poor,146200
80.1,,Yes,No,Centar,Stan,Yes,1.0,4,1,Excellent,230900
102.8,2001.0,Yes,No,Centar,Vila,Yes,2.0,3,2,Excellent,473100
61.2,1950.0,Yes,No,Centar,Kuca,No,0.0,2,3,Fair,154600
51.5,1961.0,Yes,No,Centar,Stan,Yes,1.0,2,3,Good,130600
69.3,1973.0,No,No,Zemun,Kuca,No,2.0,4,2,Good,147200
97.1,1986.0,Yes,No,Centar,Stan,No,0.0,2,2,Good,243200
60.7,2019.0,,No,Novi Beograd,Vila,No,0.0,2,2,Fair,179300
41.1,1952.0,No,Yes,Periferia,Stan,Yes,1.0,3,1,Excellent,79100
26.5,1976.0,Yes,No,Vracar,Stan,No,0.0,4,2,Good,75100
34.5,2002.0,No,No,Zemun,Stan,No,2.0,1,1,Good,65000
86.6,1966.0,No,No,Centar,Kuca,No,0.0,4,1,Good,254000
57.0,1964.0,Yes,No,Centar,Kuca,No,1.0,3,2,Poor,130200
49.8,1988.0,Yes,No,Centar,Kuca,No,1.0,2,2,,160400
47.1,1953.0,No,Yes,Centar,Stan,Yes,0.0,3,1,Fair,116000
67.1,,,Yes,Novi Beograd,Stan,No,0.0,3,2,Fair,149800
59.0,1960.0,No,No,Centar,Stan,No,0.0,1,2,Good,148200
58.2,1961.0,No,No,Centar,Kuca,No,2.0,3,2,Excellent,191500
98.7,1981.0,Yes,Yes,Centar,Stan,Yes,1.0,3,2,Good,274000
103.5,1976.0,No,No,Vracar,Kuca,Yes,0.0,2,1,Fair,258800
24.7,1993.0,Yes,No,Novi Beograd,Studio,No,1.0,2,3,Good,59400
73.2,1992.0,No,No,Novi Beograd,Studio,Yes,1.0,1,1,Excellent,155000
45.6,1998.0,No,No,Vracar,Stan,No,3.0,2,3,Good,125100
58.8,2022.0,No,Yes,Zemun,Stan,Yes,1.0,2,3,Excellent,152100
72.7,1992.0,No,No,Centar,Stan,No,,3,2,Good,178700
59.7,1952.0,No,No,Periferia,Kuca,No,1.0,1,2,Good,93600
70.8,1978.0,No,Yes,Zemun,Studio,No,2.0,2,1,Fair,106900
81.8,1984.0,No,No,Centar,Stan,No,0.0,2,3,Fair,185600
72.4,1997.0,Yes,Yes,Periferia,Stan,Yes,0.0,3,2,Good,111500
48.8,2023.0,No,No,Predgradje,Studio,Yes,2.0,3,1,Good,43900
49.3,,Yes,No,Centar,Studio,No,2.0,1,1,Excellent,131300
29.0,1973.0,Yes,No,Novi Beograd,Stan,No,0.0,5,2,Excellent,86200
43.7,1969.0,Yes,No,Periferia,Kuca,No,1.0,3,2,Fair,58200
114.1,1964.0,Yes,No,Zemun,Stan,Yes,1.0,3,3,Fair,192400
45.2,1967.0,No,No,Centar,Stan,No,0.0,2,2,Good,106300
35.2,2009.0,Yes,Yes,Novi Beograd,Vila,Yes,0.0,2,1,Fair,113000
73.0,1990.0,No,Yes,Novi Beograd,Studio,No,0.0,5,1,,127700
62.2,2018.0,Yes,Yes,Vracar,Studio,No,1.0,1,2,Excellent,166800
60.1,1960.0,Yes,No,Zemun,Stan,No,0.0,3,2,Excellent,129900
100.2,2005.0,Yes,No,Novi Beograd,Studio,No,0.0,3,1,Good,183100
78.7,1967.0,No,No,Vracar,Stan,Yes,2.0,4,2,Excellent,239000
51.8,1961.0,,No,Zemun,Stan,No,0.0,2,2,Good,95600
54.4,1965.0,No,Yes,Centar,Kuca,Yes,1.0,3,2,Fair,150500
52.4,1976.0,Yes,No,Novi Beograd,Stan,No,2.0,3,2,Good,130500
86.9,1966.0,No,Yes,Zemun,Studio,No,0.0,1,2,Good,145400
57.3,1980.0,,No,Periferia,Kuca,Yes,,1,1,Good,84300
20.2,1984.0,No,Yes,Vracar,Stan,No,1.0,2,3,Fair,41100
63.8,1976.0,Yes,Yes,Vracar,Stan,No,1.0,1,1,Good,137200
26.6,1981.0,Yes,No,Centar,Stan,No,,1,2,Good,63900
119.6,1966.0,Yes,Yes,Vracar,Stan,No,1.0,3,1,Excellent,340000
40.9,1960.0,Yes,Yes,Vracar,Kuca,No,2.0,3,2,Good,106900
61.0,1950.0,No,No,Novi Beograd,Studio,No,0.0,5,3,Good,104700
71.5,1998.0,No,Yes,Novi Beograd,Stan,No,2.0,2,1,Good,170500
57.8,1990.0,No,Yes,Novi Beograd,Stan,No,0.0,2,3,Fair,120400
57.7,1969.0,No,Yes,Centar,Kuca,Yes,1.0,4,1,Good,171400
75.5,2020.0,No,No,Novi Beograd,Studio,Yes,0.0,4,1,Excellent,186700
103.2,1986.0,No,No,Novi Beograd,Stan,Yes,1.0,3,3,Good,220400
84.2,1965.0,No,Yes,Novi Beograd,Stan,Yes,2.0,2,2,Excellent,232400
102.0,1988.0,Yes,No,Centar,Kuca,Yes,0.0,4,1,Fair,272800
38.8,1994.0,Yes,No,Periferia,Stan,No,0.0,2,3,Poor,44500
72.9,2013.0,No,No,Zemun,Stan,Yes,1.0,1,2,Excellent,168200
68.9,1996.0,No,No,Zemun,Kuca,No,0.0,3,1,Excellent,182000
73.8,1972.0,No,Yes,Periferia,Kuca,No,2.0,3,3,Excellent,152900
99.4,1981.0,No,No,Vracar,Kuca,No,2.0,2,1,Good,278800
59.5,1998.0,Yes,No,Centar,Kuca,No,2.0,3,1,Excellent,208400
54.9,1968.0,Yes,No,Vracar,Kuca,Yes,1.0,3,2,Excellent,182600
78.3,2016.0,No,Yes,Zemun,Stan,No,1.0,4,2,Excellent,175900
20.5,1988.0,Yes,Yes,Zemun,Stan,No,0.0,2,2,Good,34000
59.1,2009.0,Yes,No,Vracar,Stan,No,1.0,1,2,Good,152300
61.6,1960.0,No,No,Centar,Stan,Yes,1.0,3,3,Excellent,175000
42.0,1998.0,Yes,Yes,Novi Beograd,Kuca,No,3.0,4,1,Good,118300
91.4,1964.0,No,Yes,Novi Beograd,Studio,No,3.0,2,3,Good,172900
38.4,2010.0,No,No,Zemun,Vila,No,2.0,2,1,Good,108900
61.6,1992.0,Yes,Yes,Zemun,Kuca,Yes,1.0,2,1,Good,132100
72.3,1964.0,Yes,No,Novi Beograd,Stan,No,1.0,1,2,Good,150300
98.8,2022.0,Yes,No,Predgradje,Stan,No,2.0,4,2,Poor,110600
64.7,1954.0,No,No,Zemun,Studio,No,1.0,1,1,Excellent,111200
88.4,1978.0,No,Yes,Novi Beograd,Kuca,No,1.0,3,2,Good,219600
82.5,2011.0,Yes,Yes,Centar,Kuca,Yes,0.0,2,2,Good,256000
68.1,2009.0,No,No,Centar,Studio,Yes,2.0,2,1,Fair,142600
37.8,2018.0,Yes,No,Novi Beograd,Kuca,Yes,1.0,4,3,Poor,103400
29.1,1971.0,,No,Centar,Studio,Yes,1.0,3,2,Fair,62000
67.7,1962.0,Yes,No,Centar,Stan,Yes,2.0,3,2,Good,183700
51.4,1999.0,Yes,No,Novi Beograd,Kuca,Yes,1.0,3,2,Poor,98400
88.0,,,No,Centar,Studio,Yes,1.0,2,1,Excellent,226700
83.6,1978.0,Yes,No,Periferia,Stan,No,1.0,3,3,Fair,102700
60.4,1966.0,Yes,Yes,Centar,Kuca,No,1.0,2,1,,151500
36.1,1969.0,No,No,Vracar,Stan,No,0.0,4,1,Fair,75200
77.8,1955.0,No,No,Vracar,Vila,No,1.0,3,3,Poor,206500
39.6,1971.0,Yes,No,Predgradje,Stan,No,,2,3,Good,47300
46.0,1958.0,No,No,Centar,Kuca,No,,4,2,Excellent,147700
40.5,1981.0,No,Yes,Novi Beograd,Stan,Yes,2.0,3,1,Good,92800
61.5,1982.0,Yes,Yes,Predgradje,Kuca,No,0.0,2,1,Fair,71300
94.3,2019.0,No,No,Periferia,Stan,No,2.0,1,1,Fair,112000
64.9,,No,Yes,Periferia,Stan,No,1.0,4,2,Good,82900
53.9,1979.0,No,No,Novi Beograd,Stan,No,1.0,5,2,Excellent,152600
26.9,1965.0,No,No,Centar,Vila,No,0.0,3,2,Fair,101200
78.8,2014.0,No,No,Zemun,Stan,No,0.0,2,2,Good,154500
45.5,1963.0,No,No,Predgradje,Stan,No,2.0,2,2,Good,52300
67.9,2005.0,Yes,No,Zemun,Studio,No,0.0,2,2,Fair,93900
56.1,1986.0,Yes,No,Zemun,Kuca,No,3.0,3,2,,144800
86.0,1998.0,No,No,Novi Beograd,Vila,No,0.0,1,2,Poor,217200
61.1,1999.0,Yes,Yes,Periferia,Stan,Yes,2.0,4,3,Good,98200
63.5,1985.0,No,No,Centar,Kuca,No,1.0,2,1,Fair,178300
77.1,2001.0,Yes,Yes,Novi Beograd,Stan,No,,3,3,Good,182400
117.7,1972.0,No,No,Vracar,Stan,No,0.0,2,1,Poor,213300
87.2,2015.0,No,Yes,Vracar,Kuca,Yes,1.0,2,3,Excellent,310500
62.8,2020.0,No,Yes,Novi Beograd,Kuca,Yes,0.0,3,2,Fair,150000
65.1,1994.0,Yes,No,Centar,Studio,No,1.0,3,2,Excellent,173800
51.9,1977.0,Yes,No,Zemun,Stan,No,1.0,3,1,Excellent,118000
41.3,1969.0,No,Yes,Novi Beograd,Stan,No,1.0,2,1,Excellent,111000
51.2,1998.0,No,Yes,Zemun,Stan,No,2.0,2,1,Good,94000
45.7,2006.0,No,No,Centar,Vila,Yes,1.0,4,3,Good,186400
81.3,2008.0,Yes,No,Vracar,Stan,No,0.0,3,1,Good,194000
38.2,1975.0,Yes,Yes,Vracar,Stan,No,0.0,3,2,Fair,85400
98.3,1968.0,No,No,Centar,Stan,No,2.0,2,3,Good,237700
83.8,1962.0,No,Yes,Novi Beograd,Kuca,No,0.0,3,1,Fair,186700
65.5,2023.0,Yes,Yes,Centar,Stan,No,1.0,2,2,Excellent,230600
65.0,2011.0,No,No,Centar,Vila,Yes,0.0,2,1,Poor,194000
51.1,1963.0,Yes,No,Predgradje,Stan,No,0.0,2,1,Good,50500
71.8,2022.0,No,Yes,Novi Beograd,Studio,Yes,1.0,1,2,Good,150800
92.2,1960.0,No,No,Periferia,Stan,Yes,1.0,2,2,Good,137600
47.4,2016.0,Yes,No,Novi Beograd,Kuca,Yes,1.0,1,1,Good,122800
26.7,1961.0,No,Yes,Zemun,Vila,No,1.0,2,2,Fair,81400
82.6,1984.0,Yes,No,Periferia,Stan,No,0.0,3,3,Good,107500
73.1,1988.0,Yes,No,Zemun,Vila,No,0.0,5,1,Fair,180600
37.0,,No,No,Vracar,Stan,No,,1,1,Excellent,98600
46.7,1963.0,Yes,No,Vracar,Vila,Yes,1.0,2,2,Good,179000
43.5,,No,No,Novi Beograd,Kuca,No,0.0,2,3,Excellent,125300
46.9,1976.0,Yes,No,Predgradje,Stan,No,1.0,2,2,Poor,49800
56.9,2009.0,No,No,Periferia,Stan,Yes,1.0,1,1,Fair,74400
58.3,1992.0,Yes,No,Predgradje,Stan,No,0.0,2,2,Fair,61000
48.7,2014.0,No,Yes,Centar,Stan,No,1.0,3,2,Poor,114000
46.0,2004.0,No,No,Zemun,Stan,No,1.0,4,1,,84900
59.3,1984.0,No,Yes,Predgradje,Stan,No,0.0,5,2,Good,82800
69.2,1981.0,No,No,Centar,Stan,Yes,1.0,3,2,,171800
57.1,1968.0,Yes,No,Centar,Studio,Yes,1.0,2,2,Good,149400
94.0,1988.0,Yes,No,Zemun,Stan,No,2.0,3,1,Excellent,220400
77.7,1969.0,No,No,Zemun,Stan,Yes,1.0,3,1,Good,144600
25.2,1977.0,No,No,Periferia,Kuca,No,0.0,2,2,Good,37600
78.1,1952.0,Yes,Yes,Centar,Stan,No,,4,2,Good,215900
80.1,1981.0,Yes,No,Periferia,Stan,Yes,2.0,3,2,Good,122800
54.1,2007.0,No,No,Novi Beograd,Stan,No,2.0,3,1,Fair,117300
27.6,2003.0,No,No,Centar,Vila,Yes,0.0,1,1,Good,117400
65.2,,No,No,Centar,Studio,Yes,0.0,4,2,Good,144300
64.8,1964.0,Yes,Yes,Periferia,Stan,No,1.0,3,3,Excellent,107200
37.0,2011.0,Yes,Yes,Zemun,Kuca,No,1.0,2,2,Good,95100
28.7,,Yes,Yes,Vracar,Kuca,No,0.0,2,2,Good,80100
62.8,2010.0,No,No,Novi Beograd,Kuca,Yes,1.0,1,2,Good,176500
59.2,1975.0,No,Yes,Periferia,Kuca,Yes,0.0,1,1,Fair,67700
54.6,2018.0,No,No,Novi Beograd,Kuca,No,0.0,3,2,Good,137700
62.9,2006.0,No,No,Periferia,Stan,No,0.0,2,1,Good,89100
37.4,1969.0,Yes,Yes,Vracar,Stan,No,1.0,4,3,Fair,85500
54.1,2015.0,,No,Novi Beograd,Stan,No,2.0,4,2,Fair,132100
78.3,1970.0,No,No,Vracar,Studio,No,,2,1,,141300
56.3,,Yes,Yes,Novi Beograd,Kuca,Yes,0.0,2,1,Good,149200
23.2,2012.0,Yes,No,Zemun,Studio,Yes,2.0,2,1,Fair,49200
53.2,2000.0,No,No,Vracar,Vila,Yes,0.0,1,1,Good,179300
38.2,,No,Yes,Novi Beograd,Stan,No,2.0,1,1,Good,94800
71.7,1960.0,No,No,Periferia,Kuca,No,2.0,2,3,Good,124400
73.0,2006.0,Yes,No,Novi Beograd,Kuca,Yes,0.0,4,1,Excellent,228800
23.5,1952.0,No,No,Vracar,Vila,Yes,0.0,4,2,Excellent,101200
84.0,1986.0,No,No,Predgradje,Vila,No,2.0,4,1,,134400
37.2,1974.0,No,Yes,Zemun,Kuca,No,1.0,3,2,Poor,59200
104.0,1970.0,No,No,Centar,Stan,No,0.0,4,2,Good,271400
63.8,,,No,Predgradje,Studio,Yes,2.0,3,1,Good,68200
33.8,1950.0,Yes,Yes,Zemun,Stan,No,0.0,2,3,Good,82600
36.5,1972.0,No,No,Novi Beograd,Studio,No,0.0,3,2,Good,71300
73.7,1973.0,Yes,Yes,Centar,Vila,Yes,1.0,4,3,Fair,258500
55.2,1996.0,Yes,Yes,Periferia,Stan,No,,1,1,Good,102800
62.6,1956.0,Yes,No,Zemun,Kuca,No,1.0,2,1,Fair,105500
105.3,1987.0,No,No,Vracar,Stan,Yes,0.0,2,3,Good,248700
47.5,1996.0,Yes,No,Periferia,Stan,No,1.0,1,2,Fair,64900
66.5,1984.0,No,No,Periferia,Stan,No,1.0,2,2,Good,94700
100.5,2011.0,No,Yes,Centar,Studio,No,2.0,2,2,Poor,170500
71.8,2022.0,Yes,Yes,Novi Beograd,Vila,Yes,1.0,4,2,Good,255900
24.8,1952.0,No,No,Novi Beograd,Vila,No,1.0,4,2,Good,91700
77.6,1969.0,Yes,Yes,Zemun,Stan,Yes,0.0,4,1,Fair,148200
35.9,1993.0,Yes,Yes,Centar,Studio,Yes,2.0,1,2,Good,108300
100.2,1981.0,No,Yes,Zemun,Kuca,No,0.0,1,2,Good,203500
44.4,1975.0,No,No,Periferia,Stan,No,1.0,1,1,Good,60900
139.2,1997.0,No,No,Periferia,Stan,Yes,2.0,4,1,Good,204500
101.7,1954.0,No,Yes,Novi Beograd,Stan,No,2.0,2,1,Good,209500
45.1,2008.0,No,Yes,Periferia,Vila,Yes,1.0,3,3,Good,106400
65.5,2010.0,Yes,No,Centar,Kuca,No,1.0,2,2,Good,203600
83.8,1998.0,No,No,Periferia,Kuca,No,2.0,1,2,Good,134400
84.6,,No,Yes,Centar,Stan,No,2.0,1,2,Good,215400
76.1,1966.0,Yes,No,Novi Beograd,Kuca,No,1.0,3,1,Fair,176300
96.3,2019.0,No,No,Periferia,Stan,Yes,1.0,2,3,Fair,139400
61.9,2007.0,No,No,Centar,Stan,No,0.0,2,1,Poor,120900
55.8,2012.0,Yes,Yes,Novi Beograd,Kuca,No,1.0,2,2,Fair,122000
56.3,2010.0,No,No,Zemun,Stan,Yes,0.0,3,1,Good,119200
86.5,2012.0,,No,Zemun,Studio,No,1.0,2,1,Good,130600
74.1,1964.0,No,No,Zemun,Stan,No,1.0,4,1,Fair,111900
72.3,1950.0,Yes,No,Zemun,Kuca,No,0.0,2,1,Excellent,178300
84.9,1962.0,,No,Vracar,Stan,No,0.0,2,2,Good,197300
20.0,1997.0,No,No,Novi Beograd,Kuca,No,,3,2,Excellent,60100
72.8,1983.0,No,No,Novi Beograd,Stan,Yes,0.0,2,1,Good,165700
70.5,1979.0,Yes,No,Centar,Stan,No,1.0,3,3,Good,184500
106.7,1968.0,Yes,No,Predgradje,Vila,No,2.0,4,1,Poor,124600
26.8,2013.0,Yes,No,Zemun,Stan,No,1.0,4,3,Fair,48900
103.9,2015.0,,No,Vracar,Studio,No,0.0,2,3,Poor,157900
66.9,2006.0,Yes,Yes,Vracar,Vila,Yes,0.0,2,2,Good,250000
77.2,1993.0,No,No,Predgradje,Stan,No,1.0,4,1,Fair,76100
106.9,1961.0,No,No,Centar,Stan,Yes,1.0,2,2,Good,257200
79.0,1989.0,No,No,Zemun,Kuca,No,1.0,3,2,Fair,145800
75.0,,Yes,No,Vracar,Vila,Yes,0.0,5,1,Excellent,329600
71.1,1960.0,No,No,Zemun,Vila,No,0.0,3,1,Fair,169700
52.9,2015.0,Yes,No,Centar,Kuca,No,0.0,2,2,Fair,152500
64.3,1950.0,No,No,Periferia,Studio,No,,3,2,Fair,71100
47.1,2007.0,No,No,Predgradje,Stan,Yes,2.0,2,1,Good,48000
63.9,1977.0,Yes,No,Zemun,Vila,No,2.0,2,3,Fair,157400
20.0,2017.0,Yes,No,Zemun,Vila,No,1.0,2,3,Good,70400
75.7,2008.0,No,Yes,Predgradje,Stan,No,2.0,2,1,Poor,77400
62.0,2020.0,Yes,Yes,Zemun,Stan,Yes,3.0,3,1,Good,140400
56.6,1971.0,No,No,Centar,Stan,No,1.0,3,2,Excellent,180700
70.5,1978.0,Yes,No,Zemun,Stan,No,1.0,3,1,Poor,109900
29.2,2023.0,No,Yes,Zemun,Studio,No,2.0,4,1,,57000
113.2,2018.0,No,Yes,Vracar,Stan,No,0.0,2,3,Excellent,325100
62.4,,No,Yes,Zemun,Stan,Yes,0.0,3,3,Poor,101900
61.4,,No,No,Predgradje,Stan,No,3.0,2,1,Fair,77200
40.9,1966.0,No,No,Predgradje,Vila,No,1.0,3,2,Good,80900
65.6,1988.0,Yes,No,Vracar,Kuca,No,,4,1,,198500
99.7,1989.0,No,No,Centar,Stan,No,2.0,2,1,Good,264600
90.9,1977.0,Yes,No,Predgradje,Stan,Yes,1.0,3,1,Good,102800
86.4,1951.0,Yes,No,Periferia,Vila,No,,2,1,Good,180800
78.7,1976.0,No,No,Centar,Studio,No,1.0,3,2,Fair,169900
56.0,1970.0,No,No,Predgradje,Stan,Yes,0.0,3,2,Excellent,87500
28.7,1956.0,Yes,No,Periferia,Stan,Yes,0.0,3,1,Good,44600
60.0,2010.0,No,Yes,Vracar,Stan,No,1.0,2,2,Good,162900
59.1,2001.0,No,No,Zemun,Stan,No,0.0,3,1,Excellent,132000
91.2,1997.0,Yes,Yes,Novi Beograd,Kuca,No,0.0,3,2,Good,239400
72.7,1968.0,No,Yes,Centar,Vila,No,,2,1,Fair,246700
105.3,2022.0,No,No,Novi Beograd,Stan,No,1.0,2,1,Good,223100
94.9,1961.0,Yes,Yes,Periferia,Studio,No,2.0,2,1,,124600
53.6,2020.0,No,No,Centar,Stan,No,1.0,1,1,Poor,105500
20.1,1951.0,No,Yes,Novi Beograd,Kuca,Yes,1.0,2,1,Excellent,66200
99.6,1966.0,No,No,Novi Beograd,Kuca,Yes,3.0,1,1,Fair,232600
99.0,1952.0,Yes,No,Vracar,Stan,No,0.0,4,2,Good,227800
30.8,1970.0,No,No,Predgradje,Stan,No,,4,3,Good,41800
102.7,2000.0,Yes,No,Novi Beograd,Kuca,No,0.0,4,1,Poor,197100
74.6,1959.0,Yes,No,Novi Beograd,Stan,No,1.0,4,1,Excellent,195800
69.0,2004.0,Yes,No,Zemun,Stan,Yes,0.0,2,2,Excellent,133200
105.4,1985.0,No,Yes,Vracar,Kuca,No,0.0,2,3,Good,290600
98.6,2000.0,,Yes,Novi Beograd,Vila,Yes,0.0,4,1,Fair,293000
81.3,2023.0,Yes,No,Vracar,Stan,No,1.0,3,2,Fair,180800
76.8,1966.0,Yes,No,Centar,Studio,No,1.0,1,1,Good,158200
80.4,2010.0,Yes,Yes,Centar,Stan,Yes,,2,2,Fair,194700
55.0,1962.0,Yes,No,Vracar,Studio,No,1.0,1,1,Good,106900
63.6,2014.0,No,Yes,Vracar,Kuca,No,0.0,2,1,Excellent,217400
42.4,2023.0,,No,Predgradje,Studio,No,2.0,2,1,Good,60300
56.7,1997.0,No,No,Novi Beograd,Stan,No,1.0,4,1,Excellent,154300
55.8,2019.0,No,No,Zemun,Kuca,No,0.0,3,1,Good,117200
49.1,1996.0,No,No,Zemun,Kuca,No,0.0,2,2,Good,100500
68.4,1959.0,Yes,Yes,Centar,Stan,No,2.0,2,2,Excellent,223300
56.9,2006.0,Yes,No,Zemun,Stan,No,1.0,4,2,Good,117200
77.6,1962.0,No,Yes,Centar,Stan,No,1.0,2,1,Excellent,227400
24.4,2010.0,,No,Predgradje,Stan,No,0.0,3,1,Fair,22100
62.2,2007.0,No,Yes,Centar,Studio,No,1.0,2,2,Fair,130500
68.3,2017.0,No,Yes,Vracar,Stan,No,1.0,2,1,Excellent,201000
57.2,1978.0,No,No,Centar,Stan,Yes,2.0,1,2,Good,145500
60.7,1965.0,Yes,Yes,Predgradje,Kuca,Yes,1.0,4,3,Excellent,103700
25.4,2012.0,Yes,Yes,Vracar,Stan,Yes,,1,1,Excellent,86400
73.9,,No,No,Zemun,Kuca,Yes,0.0,2,3,Poor,123700
81.2,1992.0,No,No,Centar,Stan,Yes,0.0,2,2,Good,209300
77.3,,Yes,No,Zemun,Vila,No,1.0,3,2,Good,220400
91.0,1979.0,No,No,Novi Beograd,Studio,Yes,0.0,3,3,Good,175600
70.0,2006.0,No,No,Periferia,Studio,No,1.0,1,1,Good,74600
77.0,1979.0,No,Yes,Novi Beograd,Stan,No,1.0,1,2,Fair,151400
68.9,2016.0,Yes,No,Centar,Studio,No,0.0,3,2,Good,154900
82.2,2005.0,No,No,Centar,Stan,No,1.0,3,2,Good,212200
25.6,,No,No,Vracar,Stan,Yes,1.0,4,2,Fair,54600
42.7,1957.0,Yes,No,Zemun,Stan,No,1.0,3,1,,88900
104.7,1993.0,No,Yes,Centar,Kuca,No,2.0,3,1,Good,321600
20.0,1983.0,No,Yes,Periferia,Stan,No,1.0,2,3,Excellent,32000
61.5,1984.0,No,Yes,Vracar,Kuca,No,1.0,3,1,Fair,153700
94.3,1999.0,Yes,Yes,Vracar,Stan,Yes,2.0,4,1,Fair,229000
62.7,1966.0,No,Yes,Vracar,Stan,Yes,1.0,2,1,Good,153100
54.9,1951.0,Yes,No,Vracar,Kuca,No,2.0,2,1,Poor,131100
68.2,2003.0,No,Yes,Zemun,Stan,No,1.0,3,1,Excellent,170200
56.2,,No,No,Centar,Kuca,No,1.0,3,1,Poor,108300
65.8,1998.0,Yes,No,Centar,Stan,Yes,0.0,3,1,Good,165800
47.9,1951.0,No,No,Periferia,Studio,No,1.0,2,3,Good,53100
92.7,2021.0,No,No,Predgradje,Kuca,Yes,0.0,1,2,Good,119800
100.6,2019.0,No,No,Novi Beograd,Stan,No,2.0,1,2,Poor,176500
2.0,1958.0,No,No,Novi Beograd,Stan,No,1.0,4,1,Good,138200
30.3,1950.0,Yes,No,Zemun,Kuca,Yes,1.0,4,3,Good,58100
51.9,2018.0,Yes,Yes,Vracar,Studio,Yes,1.0,2,2,Fair,120900
60.4,1958.0,Yes,No,Centar,Stan,No,1.0,1,1,Excellent,196200
77.6,1963.0,No,No,Centar,Stan,Yes,1.0,1,1,Fair,165000
39.8,1976.0,No,Yes,Zemun,Studio,No,1.0,2,2,Good,63200
45.8,1958.0,No,No,Zemun,Kuca,No,0.0,2,2,Good,87400
77.8,1985.0,,No,Centar,Stan,Yes,0.0,2,3,Fair,193600
88.5,1952.0,No,No,Novi Beograd,Stan,Yes,2.0,3,1,Excellent,245200
49.5,1972.0,Yes,No,Novi Beograd,Stan,No,2.0,3,3,Good,111200
31.7,2022.0,No,Yes,Zemun,Kuca,No,0.0,1,1,Poor,52800
147.1,1979.0,,No,Centar,Stan,No,0.0,3,1,Good,380600
84.6,,Yes,Yes,Centar,Vila,Yes,0.0,3,1,Good,327200
58.3,2016.0,No,Yes,Periferia,Stan,Yes,2.0,1,1,Good,95800
86.7,1999.0,Yes,No,Centar,Stan,No,0.0,3,2,Good,231900
61.9,1997.0,No,No,Zemun,Kuca,No,,1,2,Poor,101400
86.7,1952.0,No,Yes,Novi Beograd,Vila,Yes,0.0,2,3,Fair,259300
69.0,2015.0,No,No,Centar,Studio,Yes,1.0,1,2,,175500
67.3,1976.0,No,Yes,Novi Beograd,Stan,No,2.0,4,2,Poor,124600
62.2,1989.0,Yes,No,Zemun,Kuca,No,1.0,3,3,Excellent,170200
28.8,1967.0,No,Yes,Periferia,Kuca,Yes,0.0,2,2,Poor,45000
113.5,1976.0,No,No,Periferia,Stan,No,1.0,4,3,Excellent,177200
41.5,1960.0,No,Yes,Novi Beograd,Stan,Yes,,2,3,Good,101600
31.0,1988.0,,No,Zemun,Stan,No,0.0,4,1,Good,54800
59.7,1968.0,No,Yes,Novi Beograd,Stan,No,2.0,3,1,Fair,103900
41.0,1956.0,,No,Novi Beograd,Vila,No,2.0,3,1,Poor,101700
63.7,2006.0,Yes,Yes,Periferia,Stan,Yes,3.0,3,3,Fair,92500
82.2,1951.0,Yes,No,Centar,Vila,Yes,1.0,3,2,Fair,284700
89.9,1987.0,Yes,Yes,Centar,Kuca,Yes,,4,2,Fair,238900
85.4,1954.0,Yes,No,Novi Beograd,Kuca,No,2.0,4,1,Good,214900
57.4,1985.0,Yes,Yes,Centar,Kuca,Yes,0.0,2,1,,163500
66.2,2017.0,Yes,No,Centar,Stan,Yes,0.0,2,3,Good,173400
75.2,2006.0,Yes,Yes,Zemun,Stan,Yes,0.0,1,1,Good,149900
21.1,1969.0,Yes,Yes,Vracar,Stan,No,3.0,2,2,Good,75800
79.3,1954.0,No,Yes,Periferia,Kuca,No,1.0,2,3,Good,123900
28.6,,Yes,Yes,Periferia,Stan,Yes,0.0,1,2,Good,46400
116.0,,Yes,No,Novi Beograd,Studio,No,0.0,2,2,Good,220600
54.9,1977.0,Yes,No,Novi Beograd,Stan,Yes,2.0,3,1,Excellent,156000
60.4,2002.0,Yes,Yes,Novi Beograd,Stan,No,2.0,4,2,Fair,138800
45.8,2000.0,Yes,No,Zemun,Stan,Yes,1.0,1,1,Poor,75800
49.3,1956.0,Yes,No,Novi Beograd,Vila,Yes,0.0,1,2,,157000
121.9,1991.0,No,Yes,Zemun,Kuca,No,1.0,1,1,Fair,225800
88.5,1984.0,No,Yes,Vracar,Stan,No,1.0,4,2,Excellent,260200
26.3,1983.0,No,No,Zemun,Kuca,No,2.0,2,3,Excellent,51500
102.6,2022.0,No,Yes,Vracar,Stan,No,0.0,5,3,Poor,178800
94.8,2003.0,No,No,Novi Beograd,Vila,Yes,1.0,4,1,Fair,298800
58.0,1978.0,Yes,Yes,Predgradje,Kuca,Yes,0.0,4,2,Good,94200
72.7,1959.0,No,No,Periferia,Stan,No,1.0,1,1,Good,88000
64.6,1976.0,Yes,No,Centar,Kuca,No,0.0,2,1,Fair,158400
114.3,1962.0,No,Yes,Periferia,Stan,No,2.0,5,1,Good,167800
45.1,1991.0,Yes,Yes,Vracar,Vila,No,0.0,1,2,Good,170500
68.7,,No,Yes,Periferia,Stan,No,1.0,3,1,Fair,83600
54.3,2010.0,No,Yes,Periferia,Kuca,No,1.0,2,1,Poor,71600
29.2,1970.0,No,No,Vracar,Stan,No,2.0,2,2,Good,55800
119.8,1952.0,Yes,Yes,Centar,Kuca,No,2.0,4,1,Fair,318100
35.5,1957.0,Yes,No,Novi Beograd,Studio,Yes,0.0,3,1,Excellent,78800
70.5,,No,Yes,Vracar,Kuca,Yes,0.0,3,2,Good,205800
21.5,1966.0,No,No,Zemun,Kuca,Yes,1.0,3,2,Good,66500
55.0,1959.0,No,No,Novi Beograd,Studio,No,1.0,3,2,Excellent,111000
75.5,1962.0,No,Yes,Centar,Stan,No,0.0,3,1,Excellent,241500
44.4,1961.0,No,No,Periferia,Stan,No,2.0,5,1,Good,59300
79.7,2015.0,No,Yes,Predgradje,Stan,No,0.0,5,1,Fair,84200
58.3,2023.0,No,No,Vracar,Vila,No,3.0,3,1,,225800
94.0,1972.0,No,No,Centar,Stan,Yes,0.0,2,1,Good,231500
99.0,2014.0,No,No,Novi Beograd,Kuca,No,0.0,2,2,Fair,217700
50.3,2001.0,No,No,Centar,Kuca,No,0.0,1,1,Excellent,178800
66.9,2010.0,No,No,Predgradje,Stan,No,1.0,2,1,Fair,73200
69.6,1975.0,No,No,Centar,Stan,Yes,0.0,2,1,Poor,128000
80.5,1964.0,No,No,Zemun,Stan,Yes,1.0,1,1,Poor,123000
65.4,1971.0,No,No,Novi Beograd,Stan,No,1.0,2,1,Good,135800
69.8,2014.0,Yes,Yes,Zemun,Stan,No,0.0,1,1,Good,121900
58.9,1975.0,No,No,Zemun,Stan,No,2.0,3,1,Fair,89200
67.9,1970.0,No,No,Periferia,Studio,No,2.0,1,2,Fair,60900
97.4,1973.0,Yes,Yes,Novi Beograd,Vila,No,1.0,3,3,Fair,291400
81.2,1965.0,No,No,Centar,Stan,Yes,2.0,2,2,Good,221200
82.5,1981.0,No,No,Centar,Stan,No,0.0,3,1,Poor,140400
83.1,1965.0,No,Yes,Predgradje,Stan,No,0.0,4,1,Excellent,124400
61.2,1991.0,No,No,Periferia,Kuca,Yes,0.0,1,2,Fair,82400
73.0,1981.0,No,No,Zemun,Studio,Yes,3.0,5,1,Excellent,142900
37.9,1999.0,No,Yes,Zemun,Stan,No,1.0,3,2,Fair,65200
96.7,1990.0,Yes,No,Zemun,Stan,No,0.0,1,2,Good,171100
20.0,1973.0,,No,Centar,Studio,No,1.0,2,2,Fair,39300
62.8,1962.0,Yes,Yes,Predgradje,Kuca,Yes,0.0,4,1,Poor,67000
93.5,1959.0,No,Yes,Vracar,Stan,No,0.0,3,1,Excellent,265400
30.9,1991.0,Yes,No,Novi Beograd,Kuca,No,1.0,2,2,Excellent,80700
75.0,1990.0,Yes,No,Vracar,Stan,No,0.0,4,2,Good,180100
48.0,1952.0,No,Yes,Centar,Stan,Yes,0.0,3,2,Good,129400
55.8,2004.0,Yes,Yes,Centar,Studio,No,0.0,3,1,Good,129300
88.6,1965.0,No,No,Zemun,Studio,Yes,1.0,4,2,Excellent,166000
70.0,1993.0,No,No,Centar,Stan,No,1.0,3,3,Fair,159900
20.0,1979.0,No,Yes,Zemun,Vila,Yes,1.0,2,2,Good,72100
40.6,1986.0,Yes,No,Novi Beograd,Stan,Yes,1.0,3,1,Good,100700
89.4,2009.0,No,No,Novi Beograd,Studio,No,0.0,4,2,Good,168100
76.2,,Yes,No,Novi Beograd,Stan,No,0.0,2,2,,201900
108.7,,No,Yes,Novi Beograd,Studio,Yes,2.0,2,3,Fair,199600
107.1,2007.0,No,No,Zemun,Vila,Yes,0.0,2,2,Fair,255700
56.4,1958.0,Yes,No,Novi Beograd,Stan,No,,2,2,Good,126400
127.6,2010.0,Yes,Yes,Zemun,Vila,Yes,2.0,1,2,Good,356100
65.6,1968.0,Yes,No,Vracar,Studio,Yes,1.0,4,1,Fair,135800
40.9,1977.0,Yes,Yes,Zemun,Studio,Yes,0.0,4,1,Good,66800
49.2,1956.0,No,No,Predgradje,Stan,No,2.0,2,1,Excellent,62300
20.0,1994.0,No,No,Zemun,Studio,Yes,0.0,3,1,Fair,34700
105.2,2012.0,Yes,No,Novi Beograd,Studio,No,1.0,3,2,Good,188400
104.9,1986.0,No,Yes,Centar,Stan,No,0.0,2,1,Good,250900
39.6,1965.0,No,No,Novi Beograd,Vila,No,1.0,2,1,Good,122500
59.3,1954.0,No,Yes,Zemun,Stan,Yes,1.0,2,1,Excellent,146500
67.4,1978.0,Yes,No,Centar,Stan,No,1.0,3,1,Good,172400
41.0,2001.0,No,No,Vracar,Kuca,No,2.0,2,2,Good,120700
21.1,1972.0,No,Yes,Zemun,Kuca,No,2.0,2,2,Good,25900
59.7,1955.0,No,Yes,Novi Beograd,Kuca,No,0.0,1,2,Good,153100
57.0,1985.0,Yes,No,Periferia,Stan,Yes,2.0,4,1,Good,94000
55.3,2006.0,Yes,No,Centar,Vila,No,0.0,3,1,Excellent,261900
70.6,1982.0,No,No,Centar,Stan,Yes,0.0,2,3,Good,181900
100.7,1998.0,No,Yes,Zemun,Stan,No,3.0,4,1,Fair,168500
57.4,1990.0,No,No,Vracar,Stan,No,1.0,2,2,Fair,117200
69.3,2004.0,Yes,Yes,Zemun,Kuca,Yes,0.0,3,2,Poor,115800
83.2,1975.0,No,No,Vracar,Vila,Yes,1.0,2,1,Poor,226500
78.9,1986.0,Yes,No,Novi Beograd,Kuca,Yes,0.0,2,2,Excellent,239600
49.6,1966.0,Yes,No,Periferia,Studio,No,1.0,4,1,Good,67300
67.4,1981.0,No,Yes,Periferia,Stan,No,1.0,3,3,Good,104500
78.7,,Yes,No,Zemun,Kuca,No,2.0,2,1,Good,181900
36.8,1974.0,Yes,Yes,Novi Beograd,Stan,No,0.0,1,1,Excellent,99200
96.6,1996.0,No,No,Zemun,Stan,Yes,0.0,2,2,Good,176900
100.8,1971.0,No,No,Novi Beograd,Stan,Yes,0.0,3,1,Excellent,263600
46.9,2010.0,Yes,Yes,Centar,Kuca,Yes,0.0,1,2,Good,128000
69.8,1993.0,No,Yes,Predgradje,Kuca,No,2.0,3,2,Excellent,112900
81.1,,Yes,Yes,Centar,Studio,No,2.0,4,1,,190300
51.4,1999.0,Yes,No,Predgradje,Stan,No,1.0,2,1,Fair,53300
77.0,1996.0,No,No,Vracar,Stan,No,1.0,4,1,Good,183400
69.1,1996.0,Yes,No,Centar,Kuca,No,2.0,1,1,Good,204100
28.3,2021.0,No,Yes,Vracar,Stan,Yes,0.0,3,1,Fair,86300
76.5,2000.0,Yes,No,Periferia,Studio,Yes,0.0,3,2,Good,99800
37.5,2004.0,No,No,Zemun,Kuca,Yes,0.0,2,1,Fair,73500
88.5,1988.0,No,No,Periferia,Stan,No,2.0,2,1,Poor,112500
48.2,1963.0,No,No,Zemun,Vila,No,1.0,4,1,Excellent,145900
61.0,2018.0,Yes,No,Zemun,Kuca,Yes,1.0,1,2,Good,132800
99.3,1996.0,No,No,Periferia,Stan,No,0.0,3,2,Excellent,154400
77.4,1970.0,No,No,Novi Beograd,Kuca,No,1.0,2,3,Good,186400
38.0,1964.0,Yes,No,Vracar,Stan,Yes,2.0,2,1,,105800
39.6,1950.0,No,No,Novi Beograd,Studio,No,0.0,3,1,,59000
50.0,1959.0,Yes,Yes,Predgradje,Studio,No,1.0,3,1,Good,52300
74.9,1972.0,No,No,Predgradje,Vila,Yes,0.0,2,1,Excellent,149500
74.0,1967.0,No,Yes,Centar,Kuca,No,2.0,3,2,Fair,206400
43.9,2007.0,Yes,No,Zemun,Stan,Yes,1.0,1,2,Excellent,99900
35.8,2022.0,No,Yes,Predgradje,Studio,No,0.0,1,1,Excellent,51000
72.0,2001.0,Yes,Yes,Centar,Stan,No,1.0,2,2,Good,189700
60.5,1995.0,No,No,Zemun,Kuca,No,0.0,3,3,Excellent,153400
118.9,1962.0,Yes,Yes,Predgradje,Kuca,Yes,2.0,2,3,Good,152700
65.9,1966.0,No,No,Centar,Stan,No,3.0,3,1,Excellent,193000
110.4,2016.0,Yes,No,Zemun,Stan,Yes,1.0,3,1,Good,215200
35.7,2010.0,Yes,No,Novi Beograd,Studio,Yes,0.0,2,1,Poor,77000
25.7,2014.0,No,Yes,Predgradje,Studio,No,1.0,3,1,Excellent,37100
37.0,2002.0,Yes,Yes,Predgradje,Stan,Yes,1.0,5,1,Good,59300
94.7,1954.0,No,No,Predgradje,Stan,Yes,,2,3,Good,106600
108.9,1981.0,No,No,Vracar,Stan,No,0.0,3,1,Good,262300
45.4,1994.0,Yes,No,Periferia,Studio,No,2.0,2,2,Fair,64200
53.5,2005.0,No,No,Periferia,Stan,Yes,2.0,3,2,Good,89100
35.8,1954.0,Yes,No,Novi Beograd,Kuca,No,2.0,3,1,Excellent,108300
20.0,,Yes,No,Periferia,Stan,No,1.0,3,1,Poor,30500
83.0,2010.0,Yes,Yes,Centar,Kuca,Yes,2.0,4,2,Fair,242500
70.6,2011.0,No,No,Zemun,Stan,No,1.0,2,2,Poor,100400
65.3,2018.0,Yes,No,Novi Beograd,Studio,No,1.0,2,3,Good,137800
30.0,2012.0,No,Yes,Centar,Stan,No,2.0,1,2,Good,90700
106.0,1993.0,No,Yes,Centar,Kuca,Yes,3.0,3,2,Good,319900
52.4,1977.0,Yes,No,Zemun,Stan,Yes,2.0,4,2,Excellent,117600
78.3,2019.0,No,No,Novi Beograd,Kuca,No,2.0,2,1,Good,190000
28.6,1962.0,No,No,Zemun,Studio,No,1.0,2,2,Fair,30000
60.2,1992.0,,No,Centar,Stan,No,1.0,3,3,Excellent,190500
72.3,1979.0,Yes,No,Novi Beograd,Studio,No,2.0,1,1,Good,144700
73.2,1975.0,Yes,No,Vracar,Kuca,No,1.0,2,1,Good,198200
68.9,2012.0,No,No,Periferia,Stan,No,0.0,2,2,Good,98600
77.4,2022.0,No,Yes,Novi Beograd,Stan,No,2.0,3,3,Excellent,222600
36.7,2006.0,Yes,No,Zemun,Stan,No,2.0,2,1,Good,65600
69.9,2013.0,Yes,No,Periferia,Kuca,Yes,0.0,2,2,Good,115400
67.8,1998.0,No,No,Zemun,Studio,No,2.0,3,2,Good,102000
70.8,2001.0,Yes,Yes,Novi Beograd,Stan,Yes,0.0,4,2,Poor,128600
66.8,2012.0,No,No,Centar,Kuca,Yes,2.0,1,2,Good,206400
33.2,1962.0,Yes,Yes,Periferia,Studio,No,1.0,3,3,Good,47400
32.1,1994.0,No,Yes,Centar,Vila,No,1.0,3,1,Fair,111100
20.0,1995.0,,No,Periferia,Kuca,Yes,2.0,4,1,Poor,39300
85.4,1990.0,Yes,Yes,Vracar,Vila,No,2.0,3,1,Fair,285300
85.7,1995.0,Yes,No,Predgradje,Kuca,No,2.0,3,1,Good,119000
86.1,1950.0,No,No,Periferia,Stan,No,2.0,3,1,,140100
72.7,2022.0,,No,Predgradje,Studio,No,0.0,2,1,Excellent,80800
20.0,2017.0,Yes,Yes,Novi Beograd,Stan,No,0.0,3,2,Fair,42600
39.3,,No,No,Periferia,Stan,Yes,,3,1,Good,61200
69.3,2022.0,Yes,No,Vracar,Stan,Yes,2.0,2,2,Excellent,214700
68.4,1984.0,Yes,Yes,Vracar,Studio,No,0.0,1,1,Fair,127600
59.4,1982.0,No,No,Zemun,Studio,No,0.0,2,1,Good,105400
74.2,2007.0,No,No,Periferia,Stan,No,0.0,2,1,Good,98000
65.3,1984.0,Yes,Yes,Predgradje,Stan,No,1.0,3,1,Poor,65600
68.0,1995.0,No,No,Periferia,Stan,Yes,2.0,4,1,Excellent,122700
49.0,2015.0,No,No,Vracar,Kuca,No,0.0,2,1,Excellent,160600
89.6,1993.0,,Yes,Vracar,Stan,Yes,0.0,1,2,Poor,156600
54.2,1975.0,Yes,No,Zemun,Studio,No,2.0,5,1,Poor,69200
31.7,1991.0,Yes,Yes,Novi Beograd,Stan,Yes,0.0,3,1,Poor,71600
45.7,1979.0,No,Yes,Centar,Stan,No,2.0,4,1,Fair,118600
56.3,1981.0,No,No,Novi Beograd,Stan,Yes,1.0,1,2,Good,132000
89.9,1985.0,No,No,Novi Beograd,Stan,No,1.0,4,1,Good,193000
63.9,1968.0,Yes,No,Novi Beograd,Vila,No,0.0,4,1,Fair,195300
60.3,1971.0,No,Yes,Novi Beograd,Stan,Yes,0.0,2,1,Excellent,152600
33.8,2014.0,No,No,Centar,Stan,No,1.0,2,2,,89600
84.6,2006.0,Yes,No,Centar,Stan,No,2.0,2,1,Poor,161000
48.7,1960.0,Yes,No,Predgradje,Stan,No,1.0,2,1,Fair,61400
62.5,1975.0,No,No,Vracar,Stan,Yes,0.0,5,2,Good,153700
102.0,1997.0,No,Yes,Novi Beograd,Stan,No,2.0,2,2,Good,238800
77.7,1968.0,Yes,Yes,Zemun,Kuca,Yes,0.0,3,1,Fair,157100
24.3,1961.0,No,No,Novi Beograd,Kuca,Yes,2.0,4,1,Fair,65100
20.8,2016.0,,No,Predgradje,Stan,No,0.0,2,3,Excellent,23400
63.4,2005.0,No,Yes,Periferia,Stan,Yes,1.0,3,1,Excellent,116300
34.7,1967.0,No,No,Centar,Vila,No,0.0,1,1,Fair,103300
81.2,1954.0,No,Yes,Vracar,Stan,No,1.0,2,1,Good,187300
66.1,1973.0,Yes,Yes,Periferia,Stan,Yes,1.0,5,2,Good,105800
69.1,1987.0,Yes,No,Predgradje,Stan,Yes,1.0,2,1,Good,75100
47.3,2016.0,,Yes,Vracar,Stan,No,0.0,2,1,Good,108100
108.5,2019.0,Yes,No,Zemun,Studio,No,2.0,3,1,,202200
136.1,2001.0,No,No,Centar,Stan,No,2.0,3,1,Good,354900
58.0,1988.0,No,No,Predgradje,Kuca,No,1.0,3,3,Good,74000
73.8,2008.0,Yes,Yes,Novi Beograd,Stan,No,1.0,4,1,Good,164000
67.4,1975.0,No,Yes,Predgradje,Stan,Yes,1.0,1,1,Excellent,93400
58.5,2014.0,No,No,Zemun,Studio,No,0.0,3,1,Good,99000
44.2,1997.0,Yes,No,Zemun,Stan,Yes,2.0,4,2,Poor,74400
37.9,2002.0,No,Yes,Vracar,Kuca,No,0.0,1,1,Fair,84300
36.6,1958.0,No,No,Novi Beograd,Stan,Yes,1.0,3,2,Good,80400
75.1,1954.0,Yes,No,Centar,Kuca,No,1.0,2,1,Fair,188100
52.0,2021.0,No,No,Novi Beograd,Stan,Yes,1.0,1,2,Good,123500
20.0,2010.0,Yes,No,Centar,Studio,No,2.0,2,1,Excellent,58000
76.1,1970.0,Yes,No,Periferia,Stan,No,0.0,3,1,Good,104400
64.0,2012.0,Yes,No,Novi Beograd,Studio,No,1.0,4,2,Excellent,138500
98.7,1969.0,No,Yes,Centar,Stan,No,1.0,3,1,Fair,228700
74.3,2007.0,Yes,Yes,Predgradje,Kuca,No,0.0,4,2,Excellent,121600
28.0,1994.0,Yes,No,Periferia,Stan,Yes,1.0,1,1,Good,37700
20.0,1971.0,No,No,Predgradje,Vila,No,2.0,2,3,Good,35500
47.0,2012.0,Yes,Yes,Predgradje,Stan,No,0.0,5,1,,62500
49.4,1979.0,Yes,No,Centar,Stan,Yes,1.0,4,1,Fair,120700
88.6,2012.0,Yes,No,Novi Beograd,Stan,No,1.0,2,1,Good,190700
64.8,1993.0,Yes,Yes,Periferia,Stan,No,1.0,3,1,Good,99500
93.3,2016.0,No,Yes,Zemun,Stan,No,2.0,2,1,Fair,148600
31.9,2007.0,Yes,No,Centar,Vila,Yes,0.0,2,1,Good,126900
89.1,2014.0,Yes,No,Periferia,Vila,No,1.0,4,3,Good,192600
83.0,1985.0,No,No,Novi Beograd,Stan,No,,3,2,Fair,177300
20.0,1955.0,No,Yes,Novi Beograd,Vila,No,0.0,2,1,Poor,44500
98.1,1986.0,No,No,Vracar,Kuca,No,2.0,2,2,Good,280400
67.3,2004.0,No,No,Zemun,Stan,No,0.0,2,1,Good,130500
74.8,2008.0,No,No,Zemun,Kuca,No,0.0,3,3,Excellent,189200
43.4,1987.0,No,Yes,Centar,Kuca,Yes,1.0,2,1,Excellent,160300
96.9,1974.0,No,No,Periferia,Vila,No,0.0,5,1,Good,187900
35.4,1982.0,No,Yes,Novi Beograd,Stan,No,1.0,4,2,Good,80300
85.8,1962.0,No,Yes,Centar,Kuca,Yes,2.0,2,1,Good,258500
85.5,1987.0,Yes,No,Periferia,Stan,No,0.0,3,2,Good,116100
40.6,2007.0,No,Yes,Predgradje,Stan,Yes,0.0,3,3,Fair,59800
114.6,1969.0,No,No,Periferia,Stan,No,0.0,2,3,Good,157000
70.8,1966.0,No,Yes,Periferia,Vila,No,0.0,2,3,Good,147300
81.3,1973.0,Yes,No,Zemun,Studio,No,0.0,5,1,Poor,101900
26.8,1975.0,Yes,Yes,Zemun,Studio,Yes,2.0,2,2,Good,58400
117.9,1989.0,Yes,No,Centar,Kuca,No,2.0,3,1,Excellent,418200
34.4,1981.0,,Yes,Vracar,Stan,No,0.0,2,2,Good,77900
90.6,1986.0,Yes,No,Novi Beograd,Stan,No,2.0,2,1,Good,216500
40.1,2009.0,Yes,No,Novi Beograd,Stan,No,0.0,3,1,Excellent,115200
49.5,2006.0,Yes,No,Zemun,Stan,No,1.0,4,3,Good,103500
84.7,2007.0,Yes,No,Vracar,Studio,No,0.0,1,2,Fair,149100
90.7,2016.0,No,Yes,Centar,Kuca,Yes,0.0,2,3,Fair,269500
33.2,1971.0,No,Yes,Novi Beograd,Stan,No,2.0,3,1,Good,73400
92.3,2007.0,Yes,No,Zemun,Stan,No,1.0,2,1,Good,173300
91.1,2022.0,No,Yes,Centar,Stan,No,1.0,3,3,,221900
41.6,,Yes,No,Periferia,Stan,No,1.0,1,1,Fair,47500
105.0,1998.0,Yes,No,Vracar,Vila,No,0.0,3,3,Excellent,452400
28.6,1998.0,No,No,Vracar,Kuca,No,1.0,3,2,Good,84700
49.4,1991.0,No,No,Zemun,Studio,No,2.0,2,3,Excellent,88100
77.0,1989.0,No,No,Periferia,Stan,No,0.0,2,2,Good,109500
43.7,2020.0,No,No,Novi Beograd,Stan,No,1.0,2,2,Excellent,112400
71.6,1995.0,No,No,Zemun,Stan,No,1.0,2,1,Fair,115500
71.0,1971.0,Yes,No,Zemun,Studio,No,1.0,3,3,Good,107400
60.3,1970.0,Yes,No,Novi Beograd,Studio,No,1.0,2,1,Poor,89300
85.8,2000.0,Yes,Yes,Periferia,Stan,Yes,1.0,3,1,Good,136200
59.3,,No,No,Periferia,Kuca,Yes,3.0,3,2,Good,91800
70.8,2023.0,Yes,Yes,Zemun,Stan,Yes,1.0,1,2,Fair,127800
93.7,1958.0,Yes,Yes,Periferia,Kuca,No,1.0,2,2,Excellent,175500
84.8,1967.0,No,No,Periferia,Vila,No,1.0,3,1,Excellent,210700
84.7,1962.0,Yes,No,Zemun,Kuca,Yes,1.0,2,2,Poor,131000
36.3,1966.0,Yes,No,Periferia,Kuca,No,1.0,3,2,Good,58700
78.1,1974.0,Yes,No,Zemun,Stan,No,1.0,2,2,Good,141700
43.0,2003.0,Yes,No,Zemun,Stan,No,1.0,1,1,Good,79600
33.0,1965.0,No,Yes,Zemun,Stan,No,1.0,2,2,,88700
63.2,1973.0,,No,Periferia,Stan,No,0.0,2,3,Fair,69700
42.4,1972.0,Yes,No,Centar,Kuca,Yes,1.0,3,3,,154800
84.8,1990.0,Yes,Yes,Periferia,Kuca,Yes,2.0,2,1,Fair,137300
85.4,1982.0,No,No,Periferia,Stan,No,2.0,1,1,Good,113100
20.0,1991.0,No,No,Centar,Studio,No,2.0,3,1,Good,43700
44.3,1997.0,No,No,Periferia,Stan,Yes,1.0,2,1,Fair,63000
28.5,1967.0,No,No,Centar,Stan,Yes,0.0,2,1,Fair,70400
53.4,2012.0,Yes,Yes,Novi Beograd,Stan,No,1.0,4,2,Excellent,165500
76.4,1960.0,,No,Zemun,Stan,No,0.0,2,2,Good,131300
58.9,1973.0,No,No,Centar,Stan,No,2.0,4,1,Fair,131800
50.3,2010.0,Yes,No,Periferia,Stan,Yes,0.0,2,1,Good,70600
97.5,,Yes,No,Periferia,Stan,No,2.0,2,1,Poor,120300
20.0,1985.0,Yes,No,Vracar,Vila,No,2.0,4,1,Fair,74900
95.9,2002.0,Yes,No,Centar,Stan,No,2.0,3,2,Good,246300
51.4,1996.0,No,No,Novi Beograd,Stan,No,2.0,1,1,Poor,81100
63.0,2001.0,No,No,Zemun,Stan,No,1.0,3,2,Excellent,132700
51.8,2006.0,Yes,No,Predgradje,Kuca,No,1.0,2,1,Good,70500
103.6,1972.0,Yes,No,Zemun,Stan,No,0.0,3,2,Excellent,229300
34.2,2008.0,No,No,Novi Beograd,Studio,Yes,,3,2,Good,83300
65.3,2018.0,Yes,Yes,Zemun,Kuca,No,0.0,2,1,Excellent,182000
78.2,2005.0,No,Yes,Vracar,Kuca,No,0.0,1,2,Good,216400
24.7,1991.0,No,No,Periferia,Kuca,No,2.0,3,1,Good,38400
42.0,1967.0,No,No,Centar,Stan,No,0.0,1,1,Excellent,124600
61.3,2020.0,No,Yes,Periferia,Stan,No,1.0,2,2,Good,80500
42.8,1982.0,No,No,Vracar,Stan,No,0.0,2,2,Poor,67500
44.6,1952.0,No,Yes,Predgradje,Kuca,Yes,3.0,3,2,Good,72700
56.3,1977.0,Yes,No,Novi Beograd,Stan,No,1.0,3,1,Excellent,156900
81.2,1950.0,No,No,Zemun,Stan,No,1.0,2,1,Good,152000
56.4,2012.0,,No,Predgradje,Vila,Yes,1.0,4,1,Good,105200
92.0,1996.0,Yes,No,Centar,Stan,No,2.0,3,1,Good,251500
40.1,1986.0,,No,Predgradje,Studio,Yes,0.0,2,1,Excellent,46400
33.7,1997.0,No,No,Zemun,Studio,No,2.0,5,2,Poor,45400
113.2,1968.0,Yes,No,Centar,Stan,No,,4,2,Good,292800
48.6,1963.0,No,No,Novi Beograd,Stan,Yes,0.0,1,2,Fair,102000
32.2,2016.0,No,No,Zemun,Stan,No,0.0,3,2,Good,70800
21.4,2014.0,Yes,No,Centar,Kuca,No,2.0,3,1,Good,82300
91.9,1975.0,No,No,Zemun,Kuca,Yes,0.0,2,1,Fair,176100
56.5,1959.0,No,No,Novi Beograd,Studio,No,2.0,2,1,Fair,100300
58.7,,No,No,Zemun,Vila,No,,3,1,Good,163500
61.0,1992.0,Yes,No,Centar,Kuca,Yes,1.0,2,2,Fair,171300
90.3,2019.0,No,No,Periferia,Stan,No,1.0,4,2,Fair,141800
60.5,2021.0,No,Yes,Predgradje,Stan,Yes,1.0,1,2,Excellent,100000
123.6,2008.0,Yes,No,Predgradje,Studio,Yes,0.0,4,1,Fair,113900
68.3,1952.0,Yes,No,Zemun,Stan,Yes,2.0,4,3,Good,139600
91.5,1954.0,No,No,Centar,Stan,Yes,2.0,3,1,Excellent,272300
85.1,1986.0,No,No,Periferia,Kuca,No,1.0,2,3,Fair,119100
64.1,2001.0,Yes,Yes,Centar,Stan,No,1.0,3,2,Good,173500
50.3,2015.0,Yes,Yes,Centar,Vila,Yes,1.0,2,1,Good,201500
73.3,2012.0,No,Yes,Novi Beograd,Kuca,Yes,2.0,3,1,Good,213900
77.8,1956.0,Yes,Yes,Vracar,Stan,Yes,2.0,2,3,Excellent,235100
50.7,2002.0,No,Yes,Periferia,Vila,No,0.0,4,2,Excellent,137600
69.2,1955.0,,No,Zemun,Stan,No,0.0,1,1,Good,118900
95.9,1956.0,,No,Vracar,Stan,No,3.0,3,2,Fair,196500
116.7,1993.0,Yes,No,Novi Beograd,Stan,Yes,0.0,4,2,Poor,198900
86.4,1967.0,No,No,Predgradje,Stan,No,3.0,3,1,Good,94400
111.6,2003.0,No,No,Vracar,Stan,No,1.0,2,1,Fair,230300
49.3,1978.0,No,No,Vracar,Stan,No,0.0,2,1,Good,118500
82.5,1974.0,No,No,Centar,Stan,No,0.0,3,1,Good,203800
98.5,2012.0,Yes,Yes,Periferia,Stan,No,1.0,2,1,Poor,98200
42.6,2017.0,Yes,Yes,Zemun,Studio,No,2.0,1,1,Excellent,92700
52.9,1962.0,No,Yes,Novi Beograd,Studio,Yes,0.0,1,1,Fair,89800
108.4,1981.0,No,No,Centar,Stan,No,0.0,3,1,Good,278200
40.6,1976.0,No,No,Zemun,Stan,No,2.0,1,2,Good,75300
31.5,2000.0,Yes,Yes,Zemun,Stan,Yes,0.0,4,2,Good,68200
103.2,1983.0,No,No,Novi Beograd,Stan,No,1.0,2,1,,227200
94.9,1977.0,No,No,Predgradje,Studio,No,1.0,3,2,Poor,62100
75.8,2022.0,Yes,No,Centar,Kuca,No,,1,1,Good,230500
63.9,2021.0,,Yes,Vracar,Stan,No,0.0,4,3,Good,172300
54.0,1979.0,Yes,Yes,Predgradje,Stan,No,1.0,1,2,Excellent,57400
72.0,1958.0,No,Yes,Vracar,Stan,No,0.0,1,1,Good,160100
104.5,1962.0,Yes,Yes,Zemun,Kuca,No,,1,2,Good,224700
71.0,2013.0,Yes,No,Novi Beograd,Stan,No,1.0,1,2,Good,161400
119.2,1987.0,Yes,Yes,Novi Beograd,Vila,No,1.0,2,1,Excellent,482800
42.6,1971.0,No,No,Predgradje,Studio,Yes,1.0,3,3,Fair,51300
64.5,1980.0,No,Yes,Vracar,Stan,No,1.0,2,3,Good,165200
55.7,1991.0,Yes,Yes,Periferia,Kuca,Yes,0.0,3,3,Good,87500
37.9,2011.0,No,No,Novi Beograd,Vila,No,0.0,3,1,Good,125000
61.2,2013.0,No,No,Novi Beograd,Kuca,Yes,1.0,4,3,Fair,155800
75.4,2023.0,No,No,Centar,Stan,Yes,2.0,1,2,Good,202100
78.1,1958.0,Yes,No,Zemun,Stan,No,0.0,1,2,Fair,122100
119.3,1993.0,Yes,No,Novi Beograd,Studio,No,1.0,1,1,Good,232300
76.6,2012.0,No,No,Periferia,Kuca,No,1.0,2,1,Good,126500
93.8,,Yes,No,Vracar,Kuca,No,1.0,2,1,Excellent,305100
66.7,1990.0,No,Yes,Predgradje,Studio,No,3.0,2,1,Good,63100
107.0,2021.0,Yes,Yes,Centar,Studio,No,0.0,2,1,Fair,231600
125.0,1999.0,Yes,No,Periferia,Vila,No,0.0,3,1,,235000
78.3,1969.0,Yes,No,Periferia,Stan,Yes,0.0,2,3,Excellent,127900
40.2,2019.0,No,Yes,Periferia,Kuca,No,0.0,2,2,Fair,72900
51.3,1991.0,Yes,Yes,Periferia,Kuca,No,1.0,1,2,Good,75900
72.0,1982.0,Yes,No,Periferia,Studio,No,2.0,3,2,Fair,96600
76.4,2012.0,No,No,Zemun,Kuca,No,1.0,3,2,Good,170200
82.5,2006.0,No,No,Centar,Stan,No,0.0,3,1,Good,228300
76.5,2014.0,No,No,Centar,Studio,Yes,0.0,4,2,Good,179400
65.2,2001.0,No,No,Predgradje,Kuca,No,2.0,3,2,Good,90900
49.1,1955.0,Yes,No,Zemun,Stan,No,1.0,2,1,,100400
75.0,1956.0,Yes,No,Periferia,Stan,Yes,2.0,2,1,Good,103500
111.4,1958.0,No,No,Vracar,Stan,No,1.0,4,1,Good,250400
90.5,2010.0,No,No,Centar,Stan,Yes,3.0,3,2,Excellent,305400
78.4,1983.0,No,No,Centar,Stan,Yes,2.0,3,1,Excellent,246500
90.7,1984.0,Yes,No,Zemun,Stan,No,1.0,3,2,Fair,159900
55.7,1969.0,,No,Vracar,Kuca,No,2.0,2,1,Excellent,191900
52.3,2007.0,Yes,Yes,Novi Beograd,Kuca,No,1.0,4,2,Poor,111600
46.3,2009.0,No,No,Vracar,Kuca,No,0.0,1,2,Good,119400
61.9,2003.0,Yes,Yes,Centar,Studio,No,0.0,2,3,Excellent,164200
54.4,1984.0,Yes,Yes,Zemun,Stan,No,1.0,2,2,Fair,85300
95.2,1996.0,Yes,No,Novi Beograd,Stan,No,0.0,3,1,Fair,180400
53.1,1995.0,No,No,Periferia,Studio,No,0.0,2,2,Fair,59800
44.9,1953.0,,Yes,Novi Beograd,Stan,Yes,1.0,2,2,Good,114000
113.6,,No,Yes,Vracar,Vila,No,3.0,3,2,Good,408000
53.7,1989.0,,No,Centar,Studio,No,1.0,2,3,Good,125700
68.8,2004.0,Yes,No,Centar,Kuca,No,1.0,2,1,Excellent,253300
76.3,2022.0,No,Yes,Novi Beograd,Vila,No,0.0,3,2,Good,255900
36.6,1989.0,,Yes,Vracar,Stan,No,0.0,3,1,Fair,94000
95.9,1972.0,Yes,No,Zemun,Stan,No,1.0,2,1,Excellent,207500
80.9,1964.0,No,No,Novi Beograd,Kuca,Yes,2.0,3,2,Fair,183900
104.0,1954.0,No,Yes,Zemun,Stan,Yes,1.0,3,1,Fair,175700
48.0,1989.0,No,Yes,Periferia,Vila,Yes,1.0,1,2,Poor,71400
67.5,1967.0,No,No,Periferia,Stan,Yes,1.0,2,2,Good,93800
66.0,1970.0,No,Yes,Centar,Kuca,Yes,0.0,1,2,Fair,158100
71.6,1952.0,Yes,Yes,Vracar,Kuca,No,1.0,3,3,Fair,186000
28.6,1995.0,No,No,Centar,Kuca,No,1.0,3,2,Fair,68900
67.8,2002.0,No,No,Novi Beograd,Stan,No,1.0,1,2,Fair,134500
29.3,1969.0,Yes,Yes,Predgradje,Stan,No,0.0,3,2,Good,49800
74.0,2008.0,Yes,No,Centar,Studio,No,0.0,4,2,,199400
20.0,1970.0,No,No,Vracar,Stan,Yes,1.0,2,1,Good,34100
20.0,2000.0,Yes,No,Zemun,Studio,No,0.0,5,2,Fair,37500
85.5,1974.0,Yes,Yes,Zemun,Kuca,No,2.0,5,2,Fair,172200
51.3,2017.0,No,No,Zemun,Studio,No,0.0,3,2,,107100
40.3,1959.0,No,No,Centar,Kuca,No,0.0,4,2,,84900
96.8,2016.0,No,No,Novi Beograd,Stan,Yes,0.0,2,3,Excellent,268600
73.2,1958.0,Yes,No,Vracar,Kuca,No,2.0,2,1,Fair,182900
86.8,1978.0,No,No,Centar,Studio,No,2.0,5,2,Excellent,237700
60.8,1986.0,Yes,No,Novi Beograd,Stan,No,2.0,2,2,Fair,124700
132.0,2020.0,Yes,No,Centar,Vila,Yes,1.0,1,1,,520600
49.9,,No,No,Centar,Stan,Yes,2.0,2,3,Good,131100
108.6,2021.0,Yes,No,Novi Beograd,Stan,Yes,,3,2,Good,238000
63.5,2008.0,Yes,No,Centar,Stan,Yes,1.0,2,1,Fair,146400
23.6,2006.0,No,No,Zemun,Vila,Yes,3.0,2,1,Good,77500
77.1,2009.0,No,No,Zemun,Stan,Yes,2.0,4,2,Good,155700
72.9,1977.0,No,No,Periferia,Studio,No,3.0,2,1,Poor,68400
38.7,1977.0,No,No,Novi Beograd,Studio,No,2.0,3,1,Poor,66500
41.9,1995.0,No,No,Centar,Stan,No,2.0,2,1,Good,111800
64.4,2020.0,Yes,No,Centar,Stan,No,2.0,2,3,Fair,162100
73.7,,No,No,Zemun,Kuca,No,1.0,1,2,Good,165200
20.0,2004.0,Yes,Yes,Zemun,Stan,No,2.0,3,1,Fair,34500
91.3,1987.0,Yes,Yes,Centar,Studio,Yes,0.0,3,3,Good,215300
52.6,,No,No,Predgradje,Stan,No,,3,3,Fair,63100
31.7,2012.0,No,Yes,Centar,Stan,No,2.0,2,2,Good,98800
88.5,1954.0,Yes,No,Vracar,Studio,No,1.0,4,1,Fair,162900
64.4,1993.0,Yes,No,Zemun,Stan,Yes,2.0,1,2,Poor,104200
95.4,1978.0,Yes,No,Periferia,Stan,No,1.0,1,1,Poor,80500
75.9,1963.0,No,Yes,Zemun,Stan,No,1.0,4,2,Excellent,169300
65.0,2007.0,No,Yes,Periferia,Stan,Yes,0.0,2,1,Fair,79000
61.2,1993.0,,Yes,Novi Beograd,Kuca,Yes,0.0,3,2,Good,165900
77.1,1967.0,No,Yes,Periferia,Studio,No,1.0,1,1,Poor,59800
54.7,1956.0,No,No,Centar,Stan,No,1.0,1,2,Fair,126700
43.7,2011.0,No,Yes,Periferia,Kuca,No,0.0,3,1,Good,73100
80.2,1994.0,No,Yes,Vracar,Kuca,Yes,0.0,2,2,Good,215000
61.4,1965.0,No,Yes,Periferia,Stan,No,0.0,1,2,Excellent,91600
65.8,2013.0,No,No,Vracar,Stan,Yes,1.0,2,1,Excellent,183100
92.2,1986.0,No,No,Zemun,Vila,Yes,1.0,2,2,,254500
62.2,,No,Yes,Vracar,Kuca,No,0.0,4,1,Good,176800
65.4,1958.0,No,No,Zemun,Kuca,Yes,2.0,4,2,Good,137300
50.0,2004.0,Yes,No,Centar,Kuca,Yes,0.0,3,1,Good,142700
75.8,1977.0,No,Yes,Centar,Stan,No,1.0,2,2,Excellent,234600
73.7,1958.0,,No,Novi Beograd,Kuca,Yes,,2,1,Good,180900
87.5,1961.0,No,No,Centar,Kuca,Yes,3.0,3,1,Good,257100
50.5,1967.0,No,Yes,Periferia,Kuca,No,,1,1,Fair,63200
53.6,2005.0,Yes,No,Novi Beograd,Stan,No,1.0,2,3,Poor,105700
84.8,2023.0,Yes,Yes,Predgradje,Stan,No,1.0,4,2,,123500
71.3,2007.0,,No,Novi Beograd,Stan,No,0.0,2,3,Fair,133500
42.3,2000.0,No,No,Centar,Vila,No,0.0,3,3,Good,163100
97.7,1981.0,Yes,No,Periferia,Stan,No,1.0,1,2,Fair,125500
22.5,1997.0,No,No,Zemun,Stan,No,2.0,3,2,Excellent,59700
84.6,1957.0,No,Yes,Vracar,Stan,No,0.0,1,1,Poor,133100
33.4,1979.0,No,Yes,Zemun,Stan,No,1.0,4,3,Excellent,91600
112.1,1975.0,No,No,Zemun,Kuca,No,1.0,1,1,Fair,208200
26.4,1973.0,No,Yes,Novi Beograd,Kuca,No,0.0,4,2,Excellent,88600
93.8,1976.0,No,Yes,Predgradje,Kuca,No,0.0,2,3,Good,141500
63.0,1988.0,No,No,Predgradje,Stan,No,2.0,3,1,Fair,72400
55.8,2015.0,No,Yes,Zemun,Kuca,No,0.0,4,1,Good,130700
69.6,2000.0,Yes,No,Centar,Stan,Yes,0.0,1,1,Fair,161900
80.8,2022.0,Yes,Yes,Zemun,Stan,Yes,1.0,2,3,Fair,151100
42.4,1999.0,No,Yes,Centar,Stan,No,0.0,4,3,Excellent,128800
44.6,1994.0,No,No,Centar,Stan,No,1.0,2,2,Good,116100
81.2,1982.0,No,Yes,Novi Beograd,Stan,No,0.0,3,3,Good,194600
22.3,1968.0,No,No,Vracar,Kuca,No,3.0,1,1,Fair,59000
50.4,1962.0,Yes,Yes,Periferia,Kuca,No,1.0,3,1,Good,102800
141.0,1971.0,No,No,Zemun,Studio,Yes,3.0,1,1,Excellent,269200
40.8,1969.0,,No,Zemun,Stan,No,1.0,3,1,Good,78400
93.7,1954.0,No,Yes,Vracar,Stan,No,0.0,2,1,Excellent,260500
50.4,1981.0,No,No,Novi Beograd,Stan,No,2.0,2,1,Excellent,149000
77.7,1979.0,No,No,Novi Beograd,Vila,No,0.0,2,2,Fair,221100
81.4,1975.0,No,Yes,Predgradje,Kuca,No,1.0,3,1,,90800
93.2,1953.0,No,No,Centar,Kuca,No,0.0,2,1,Excellent,310400
60.0,2016.0,No,Yes,Periferia,Stan,No,3.0,2,3,Good,116400
114.7,1992.0,No,Yes,Zemun,Kuca,No,,3,1,Poor,185000
50.3,1979.0,No,No,Vracar,Stan,No,2.0,2,1,Fair,108900
70.9,1965.0,No,Yes,Zemun,Kuca,No,1.0,4,1,Good,156600
71.1,2020.0,Yes,No,Vracar,Vila,No,0.0,3,2,Good,256400
37.0,,Yes,No,Periferia,Vila,No,0.0,3,2,Fair,65400
57.9,,No,No,Predgradje,Kuca,No,2.0,1,2,Fair,61600
69.0,1980.0,Yes,No,Vracar,Stan,No,1.0,3,1,Excellent,191400
54.2,1998.0,No,No,Novi Beograd,Vila,No,1.0,1,1,Good,160700
126.0,1962.0,No,No,Zemun,Kuca,No,1.0,4,1,Good,261500
44.0,1990.0,,Yes,Predgradje,Stan,Yes,0.0,2,1,,43000
94.5,1977.0,No,No,Novi Beograd,Stan,Yes,1.0,1,2,Good,211500
86.4,2013.0,Yes,No,Zemun,Stan,Yes,1.0,2,3,Good,176100
64.7,1968.0,Yes,No,Zemun,Stan,Yes,1.0,5,1,Good,121200
43.4,2021.0,No,No,Zemun,Stan,No,1.0,3,2,Fair,81600
45.8,1974.0,Yes,No,Centar,Kuca,No,3.0,2,1,Good,145500
52.1,1987.0,Yes,No,Zemun,Stan,No,0.0,5,1,Good,111800
20.4,1952.0,No,No,Predgradje,Stan,Yes,0.0,1,1,Excellent,19000
39.9,1951.0,,No,Centar,Kuca,No,2.0,3,3,Fair,94300
27.9,1954.0,No,Yes,Novi Beograd,Studio,No,1.0,3,1,,56700
98.6,2010.0,No,No,Predgradje,Kuca,No,0.0,4,2,Excellent,139600
80.5,,Yes,Yes,Centar,Stan,No,2.0,2,1,Fair,195100
84.6,1987.0,No,No,Periferia,Vila,Yes,1.0,2,1,Good,150500
79.7,1985.0,No,Yes,Vracar,Vila,Yes,0.0,3,1,Good,280400
69.2,1995.0,No,Yes,Novi Beograd,Stan,No,1.0,2,1,Excellent,186600
101.5,1986.0,Yes,Yes,Periferia,Stan,No,0.0,1,2,Good,134200
49.7,2003.0,No,Yes,Vracar,Kuca,No,0.0,3,2,Good,135200
67.7,1970.0,No,No,Vracar,Studio,No,0.0,3,1,Good,138700
83.7,1970.0,No,No,Novi Beograd,Vila,Yes,1.0,2,2,Fair,238500
32.0,2019.0,No,No,Zemun,Studio,No,,2,1,Fair,43700
142.4,2009.0,Yes,No,Centar,Kuca,No,2.0,2,2,Good,430900
65.7,1985.0,Yes,Yes,Novi Beograd,Kuca,No,1.0,3,2,Good,171400
68.5,1960.0,No,No,Predgradje,Stan,No,0.0,3,1,Good,89100
96.4,1980.0,No,No,Novi Beograd,Stan,Yes,1.0,4,2,Good,224900
87.9,,No,No,Zemun,Stan,No,2.0,3,1,Fair,156400
66.0,2009.0,Yes,No,Novi Beograd,Kuca,No,,3,1,Good,161600
68.3,2010.0,No,Yes,Periferia,Kuca,Yes,,2,2,Poor,90600
27.4,2016.0,Yes,No,Centar,Kuca,Yes,0.0,1,1,Excellent,101300
51.1,1978.0,No,No,Predgradje,Stan,No,2.0,3,1,Excellent,66600
77.9,2016.0,Yes,No,Vracar,Kuca,No,0.0,1,1,Good,209600
76.1,2020.0,No,No,Novi Beograd,Stan,No,0.0,5,2,Poor,131100
95.5,2016.0,No,No,Centar,Stan,Yes,1.0,4,1,Fair,209700
62.0,1965.0,No,No,Centar,Studio,No,0.0,3,1,Good,122000
30.3,1994.0,Yes,No,Vracar,Kuca,Yes,3.0,2,1,Good,109000
91.4,1983.0,Yes,Yes,Novi Beograd,Vila,Yes,2.0,3,1,Good,308200
100.9,1993.0,No,No,Periferia,Stan,No,1.0,3,2,Fair,121700
87.5,1991.0,Yes,No,Vracar,Stan,No,2.0,3,1,Good,212800
60.9,1984.0,No,No,Novi Beograd,Stan,No,1.0,1,2,Good,131800
91.1,,Yes,No,Zemun,Stan,Yes,2.0,4,2,Fair,142800
150.7,2002.0,No,No,Zemun,Studio,No,1.0,3,1,Good,236400
67.9,2007.0,Yes,Yes,Centar,Kuca,No,0.0,1,1,,189400
32.2,1977.0,Yes,Yes,Centar,Studio,No,2.0,2,2,Good,84600
50.3,1964.0,No,No,Centar,Stan,No,2.0,3,2,Excellent,147100
80.6,1987.0,Yes,No,Zemun,Studio,Yes,3.0,2,3,Good,150600
24.9,1999.0,Yes,No,Zemun,Stan,Yes,1.0,2,3,Excellent,77000
69.2,1962.0,No,No,Vracar,Studio,No,1.0,1,2,Good,145100
74.5,1984.0,No,Yes,Periferia,Stan,No,0.0,4,3,Fair,104800
103.4,1973.0,Yes,Yes,Periferia,Stan,No,0.0,1,2,Good,140700
97.8,2014.0,No,No,Zemun,Kuca,No,0.0,2,1,Good,205000
86.6,1967.0,No,No,Periferia,Vila,No,0.0,2,2,Good,183200
20.0,2007.0,Yes,Yes,Novi Beograd,Stan,No,1.0,3,1,Fair,34100
88.0,1975.0,No,Yes,Centar,Stan,No,1.0,3,1,Good,221600
82.6,1978.0,No,Yes,Novi Beograd,Studio,Yes,,4,1,Poor,126500
71.4,2021.0,Yes,Yes,Centar,Stan,No,1.0,3,1,Poor,148700
21.7,1993.0,Yes,No,Vracar,Stan,No,0.0,3,1,Good,51400
45.6,1954.0,No,No,Predgradje,Stan,Yes,1.0,2,1,,57300
35.8,1982.0,No,No,Centar,Stan,No,3.0,3,1,Excellent,121600
20.0,1954.0,Yes,No,Centar,Vila,No,1.0,1,1,Good,80800
64.9,,No,No,Vracar,Studio,No,0.0,3,2,Good,123600
45.1,1962.0,No,Yes,Predgradje,Kuca,Yes,1.0,1,1,Good,56300
130.6,1974.0,Yes,No,Novi Beograd,Vila,No,2.0,4,2,Good,434900
60.8,2007.0,No,No,Vracar,Stan,Yes,1.0,3,3,Fair,143000
97.3,1951.0,No,Yes,Centar,Stan,No,3.0,3,2,Excellent,317100
25.8,1985.0,Yes,No,Centar,Stan,Yes,0.0,3,1,Good,74600
51.7,1974.0,No,No,Predgradje,Stan,No,0.0,3,2,Excellent,79300
67.4,1983.0,No,Yes,Predgradje,Stan,No,0.0,2,1,Good,80800
42.3,1961.0,,Yes,Centar,Vila,No,2.0,2,2,Fair,150600
54.4,1968.0,Yes,No,Predgradje,Studio,Yes,1.0,2,1,Good,48800
59.6,1986.0,Yes,No,Zemun,Stan,No,0.0,1,2,,87700
59.2,1950.0,Yes,No,Periferia,Kuca,No,0.0,2,2,Good,85900
111.4,2009.0,Yes,Yes,Vracar,Kuca,No,1.0,1,2,Fair,280600
74.5,2016.0,No,No,Vracar,Vila,No,3.0,4,2,Good,269200
77.0,1998.0,No,Yes,Vracar,Studio,No,1.0,3,1,Excellent,192900
78.5,1995.0,Yes,No,Zemun,Kuca,No,0.0,2,2,Good,170900
80.3,1997.0,Yes,No,Centar,Studio,No,1.0,1,1,Excellent,207100
62.9,2017.0,Yes,No,Centar,Kuca,No,0.0,2,1,Good,182500
57.0,1968.0,Yes,Yes,Novi Beograd,Kuca,No,1.0,2,1,Good,148200
69.2,1989.0,Yes,Yes,Zemun,Stan,No,1.0,3,1,Excellent,164000
93.9,1955.0,,Yes,Novi Beograd,Stan,No,1.0,2,1,Excellent,247500
93.2,2012.0,No,Yes,Zemun,Kuca,Yes,2.0,4,2,Good,228300
59.0,1984.0,Yes,Yes,Predgradje,Stan,No,0.0,1,2,Fair,63700
84.2,2021.0,No,No,Centar,Stan,No,2.0,2,1,Good,224900
60.1,2010.0,Yes,No,Zemun,Kuca,Yes,2.0,4,1,Fair,135900
65.8,1954.0,Yes,No,Vracar,Stan,No,1.0,1,2,Good,155600
53.2,1986.0,No,No,Periferia,Kuca,Yes,0.0,2,2,Good,78200
60.5,1960.0,Yes,Yes,Centar,Kuca,No,2.0,2,1,Excellent,211200
98.5,1989.0,No,No,Zemun,Vila,No,,3,2,Excellent,314100
67.3,2014.0,Yes,Yes,Periferia,Stan,No,0.0,2,3,Good,92800
68.4,1957.0,No,No,Predgradje,Stan,No,1.0,4,1,Poor,57000
28.8,,No,No,Zemun,Kuca,No,1.0,4,1,Excellent,81400
57.3,2020.0,Yes,No,Vracar,Studio,No,0.0,4,3,Fair,119700
59.0,2007.0,Yes,Yes,Zemun,Vila,No,1.0,2,1,Good,176900
44.3,1997.0,No,Yes,Periferia,Stan,No,1.0,5,2,Poor,49600
65.5,1962.0,Yes,Yes,Zemun,Stan,No,2.0,3,2,Good,132000
54.3,2009.0,No,No,Centar,Vila,No,1.0,2,1,Excellent,254800
67.0,1998.0,Yes,No,Predgradje,Stan,No,1.0,1,1,Fair,82600
68.0,2016.0,Yes,No,Zemun,Kuca,No,1.0,3,2,Good,154300
41.1,1956.0,Yes,Yes,Zemun,Stan,No,0.0,3,2,Fair,84800
55.0,,No,No,Novi Beograd,Stan,No,2.0,1,1,Excellent,143600
66.9,1972.0,Yes,No,Zemun,Stan,Yes,1.0,3,2,Excellent,156300
94.6,2000.0,,Yes,Novi Beograd,Stan,No,2.0,5,2,Fair,212100
71.4,1996.0,No,Yes,Zemun,Kuca,No,2.0,2,1,Poor,122700
48.5,1954.0,Yes,No,Centar,Vila,No,1.0,2,2,Good,171200
75.0,1962.0,Yes,No,Zemun,Stan,No,0.0,4,1,Fair,114300
107.7,1991.0,Yes,Yes,Predgradje,Studio,No,,1,1,Good,130700
87.9,1954.0,No,Yes,Centar,Stan,No,1.0,4,2,Poor,171900
78.7,1972.0,No,No,Predgradje,Kuca,No,3.0,3,1,Fair,98700
83.1,2011.0,Yes,Yes,Vracar,Stan,Yes,1.0,2,1,Good,202500
101.0,1950.0,Yes,Yes,Periferia,Vila,Yes,,1,2,Fair,191200
91.9,2023.0,No,No,Periferia,Studio,No,2.0,1,2,Excellent,145500
79.2,2003.0,No,No,Zemun,Kuca,Yes,2.0,2,2,Poor,118900
91.7,2021.0,Yes,No,Zemun,Studio,Yes,2.0,3,3,Fair,147000
38.0,1952.0,Yes,No,Periferia,Kuca,No,0.0,2,3,Excellent,70600
27.4,2013.0,Yes,No,Vracar,Vila,Yes,2.0,3,2,Good,115600
68.9,2000.0,No,No,Novi Beograd,Kuca,Yes,,3,1,Good,196500
66.7,1951.0,No,No,Zemun,Vila,No,1.0,3,2,Fair,158000
51.4,1998.0,Yes,Yes,Periferia,Kuca,No,2.0,5,1,Good,93600
85.6,1980.0,Yes,Yes,Periferia,Stan,No,,3,2,Good,124600
20.0,2023.0,Yes,Yes,Periferia,Kuca,No,0.0,4,2,Fair,62700
51.6,,Yes,No,Vracar,Stan,No,,2,3,Excellent,146900
52.9,1984.0,Yes,No,Periferia,Kuca,Yes,1.0,3,3,Good,97800
24.1,1985.0,No,Yes,Centar,Stan,No,2.0,3,2,Good,53000
102.4,2013.0,,No,Vracar,Kuca,No,0.0,4,1,Good,284800
31.0,1981.0,No,Yes,Centar,Stan,No,2.0,3,2,Good,86800
50.3,1967.0,Yes,Yes,Novi Beograd,Stan,No,2.0,2,1,Fair,107000
87.7,1983.0,,No,Novi Beograd,Stan,No,0.0,2,2,Good,185700
81.2,2005.0,No,No,Novi Beograd,Vila,No,0.0,2,2,,228600
37.3,2016.0,Yes,Yes,Zemun,Stan,No,1.0,2,2,Good,79300
82.1,2002.0,No,Yes,Novi Beograd,Stan,No,2.0,2,1,Good,200100
72.2,2016.0,Yes,Yes,Vracar,Kuca,No,1.0,4,1,Good,211600
123.3,2015.0,No,No,Novi Beograd,Kuca,No,2.0,2,2,Excellent,361800
75.1,2013.0,,No,Novi Beograd,Stan,No,1.0,2,1,Fair,141400
61.5,2016.0,Yes,No,Novi Beograd,Stan,Yes,1.0,4,1,Good,150400
43.6,1988.0,No,No,Centar,Stan,No,0.0,2,1,Good,100000
46.4,1987.0,No,No,Zemun,Vila,Yes,0.0,5,3,Good,136100
44.4,,No,No,Zemun,Stan,Yes,1.0,2,2,Good,96200
99.3,1968.0,No,No,Zemun,Stan,No,2.0,2,2,Poor,139400
65.4,1954.0,Yes,Yes,Vracar,Stan,No,1.0,1,1,Good,147700
79.1,2018.0,No,No,Novi Beograd,Stan,No,,5,1,Fair,165200
102.9,1963.0,No,No,Periferia,Studio,No,1.0,4,1,Excellent,148000
20.0,1998.0,No,No,Vracar,Stan,Yes,0.0,4,2,Fair,44400
97.0,2013.0,No,Yes,Vracar,Stan,No,1.0,2,2,Excellent,274600
66.4,2006.0,Yes,Yes,Centar,Stan,No,1.0,5,1,Good,182900
75.9,1984.0,Yes,Yes,Novi Beograd,Stan,No,1.0,4,1,Fair,171500
44.3,1954.0,No,Yes,Novi Beograd,Stan,No,1.0,2,1,,88800
46.1,1988.0,No,No,Novi Beograd,Studio,No,2.0,3,2,Excellent,104200
77.2,1973.0,,No,Zemun,Studio,No,0.0,5,3,Excellent,135100
124.6,1989.0,No,No,Vracar,Vila,No,1.0,2,2,Fair,389800
90.1,1999.0,No,No,Zemun,Studio,Yes,1.0,1,2,Fair,129300
96.6,2007.0,No,No,Periferia,Kuca,No,2.0,4,1,Fair,143200
60.2,1950.0,No,No,Periferia,Stan,No,1.0,2,2,Poor,35300
50.0,1992.0,No,No,Zemun,Studio,No,0.0,5,1,Good,78400
45.5,1988.0,No,No,Predgradje,Studio,No,3.0,3,1,Excellent,71800
52.8,1959.0,,No,Centar,Studio,No,1.0,1,1,Good,109500
20.0,1951.0,Yes,No,Centar,Kuca,No,0.0,2,1,Good,52100
46.9,2012.0,Yes,No,Centar,Stan,No,1.0,3,1,Good,122800
51.0,1965.0,Yes,No,Zemun,Studio,No,1.0,1,2,Good,70800
60.6,1986.0,Yes,Yes,Periferia,Kuca,No,1.0,2,1,Fair,94300
68.3,1965.0,Yes,Yes,Novi Beograd,Vila,Yes,1.0,2,2,Good,235600
74.1,1976.0,No,Yes,Predgradje,Stan,No,0.0,3,3,Excellent,115200
64.6,2012.0,No,No,Centar,Stan,Yes,1.0,5,1,Good,170100
50.5,2013.0,Yes,No,Predgradje,Stan,Yes,0.0,3,1,Poor,62100
20.0,1981.0,No,Yes,Novi Beograd,Studio,No,1.0,3,2,Fair,50700
50.6,1958.0,No,No,Centar,Stan,No,1.0,2,2,Poor,90000
40.7,1960.0,Yes,Yes,Vracar,Stan,No,,3,1,Good,95800
76.7,2019.0,No,No,Novi Beograd,Vila,Yes,1.0,3,2,Good,249300
87.7,1979.0,Yes,Yes,Novi Beograd,Stan,No,1.0,3,2,Fair,181000
88.5,1964.0,No,No,Novi Beograd,Studio,No,0.0,4,3,Excellent,192700
83.9,2008.0,Yes,No,Periferia,Stan,No,0.0,3,2,Good,128900
61.7,1997.0,No,No,Vracar,Studio,No,0.0,5,1,Good,130000
52.0,2009.0,No,Yes,Novi Beograd,Kuca,No,0.0,4,1,Excellent,148900
46.3,2017.0,Yes,No,Zemun,Vila,Yes,1.0,1,1,Poor,104200
27.3,2006.0,No,No,Zemun,Vila,No,2.0,3,1,Excellent,98700
89.8,,Yes,No,Novi Beograd,Stan,No,1.0,4,2,Fair,184600
60.6,2003.0,,No,Vracar,Stan,No,1.0,4,3,Good,157300
33.8,2003.0,No,No,Centar,Stan,No,0.0,2,3,Excellent,100500
44.3,,No,No,Centar,Kuca,No,1.0,3,1,Excellent,168000
43.3,1988.0,Yes,No,Zemun,Studio,No,1.0,2,1,Good,65900
66.1,1964.0,Yes,No,Centar,Stan,No,0.0,1,2,Good,161400
91.7,2023.0,No,No,Vracar,Kuca,Yes,2.0,4,1,Good,278200
56.3,1977.0,Yes,No,Zemun,Stan,Yes,0.0,4,1,Excellent,118000
20.0,1985.0,No,No,Centar,Studio,No,,3,2,Fair,42500
60.3,,No,Yes,Zemun,Vila,Yes,,1,2,Excellent,210000
61.1,1966.0,No,No,Novi Beograd,Stan,Yes,2.0,4,3,,136300
59.4,1971.0,Yes,No,Predgradje,Stan,No,2.0,2,1,Good,72000
49.3,1985.0,No,Yes,Vracar,Stan,Yes,2.0,1,2,Good,132900
70.4,1978.0,No,Yes,Periferia,Kuca,No,1.0,2,2,Good,117100
66.7,2004.0,No,No,Zemun,Kuca,No,1.0,2,1,Excellent,170700
64.4,1991.0,No,No,Centar,Stan,No,0.0,3,2,Good,168000
75.3,1981.0,Yes,Yes,Zemun,Stan,No,,2,1,Excellent,164700
54.3,1963.0,Yes,Yes,Predgradje,Stan,No,2.0,1,2,Fair,55100
52.8,1967.0,Yes,No,Zemun,Kuca,No,1.0,4,2,Good,117900
99.5,1987.0,,Yes,Periferia,Kuca,No,0.0,5,1,Excellent,190400
79.0,1983.0,Yes,No,Periferia,Stan,No,0.0,1,2,Good,106600
85.7,1994.0,,No,Novi Beograd,Studio,No,1.0,2,1,Good,139200
95.7,1981.0,No,No,Novi Beograd,Kuca,No,0.0,3,2,Good,243100
78.1,2016.0,No,Yes,Zemun,Stan,No,1.0,2,2,Excellent,190600
88.2,2012.0,Yes,Yes,Vracar,Stan,No,0.0,2,2,Excellent,263800
25.5,2004.0,No,No,Periferia,Studio,No,0.0,2,3,Fair,35500
70.1,1992.0,No,No,Predgradje,Vila,No,0.0,4,1,Excellent,145900
60.4,1971.0,Yes,Yes,Novi Beograd,Stan,No,2.0,5,1,Good,142500
106.9,2017.0,Yes,No,Novi Beograd,Stan,Yes,1.0,4,3,Fair,218100
88.2,1978.0,No,No,Periferia,Stan,No,1.0,3,2,Excellent,149200
49.2,1989.0,Yes,No,Novi Beograd,Kuca,Yes,1.0,3,3,Good,142500
74.3,1994.0,Yes,No,Periferia,Stan,No,1.0,2,1,Excellent,116700
69.2,1959.0,Yes,Yes,Vracar,Stan,No,2.0,3,2,Fair,161200
76.4,1994.0,Yes,Yes,Zemun,Kuca,Yes,2.0,3,3,Poor,140900
39.5,1966.0,No,Yes,Centar,Kuca,No,0.0,3,2,Good,116400
74.0,1951.0,No,Yes,Zemun,Stan,Yes,0.0,1,2,Fair,119300
59.3,1966.0,No,No,Vracar,Stan,No,1.0,2,1,Good,138700
72.1,1987.0,No,No,Zemun,Kuca,No,,5,1,Fair,132100
46.9,1986.0,No,Yes,Centar,Stan,Yes,2.0,2,1,Good,154700
50.4,2012.0,No,No,Zemun,Stan,No,1.0,2,1,Poor,62100
94.3,1954.0,Yes,No,Periferia,Studio,No,1.0,2,1,Fair,76000
38.7,1974.0,No,No,Novi Beograd,Stan,No,1.0,2,3,Good,86900
40.6,2022.0,Yes,No,Centar,Kuca,No,1.0,1,2,Fair,115300
63.7,,Yes,No,Centar,Vila,No,0.0,2,3,Good,246100
45.7,2012.0,Yes,No,Zemun,Stan,Yes,2.0,3,3,Excellent,93600
42.9,1984.0,Yes,Yes,Zemun,Stan,No,0.0,2,1,Good,68600
67.6,2004.0,Yes,Yes,Vracar,Kuca,Yes,3.0,3,1,Excellent,236700
27.4,1969.0,Yes,No,Novi Beograd,Studio,No,0.0,1,1,Fair,49600
39.8,1954.0,No,No,Novi Beograd,Vila,Yes,1.0,1,2,Fair,101000
116.4,,Yes,Yes,Zemun,Kuca,No,0.0,4,1,Excellent,302300
76.5,2012.0,No,No,Vracar,Stan,Yes,1.0,3,2,Good,188200
46.3,1981.0,,Yes,Predgradje,Kuca,No,,3,1,Good,65300
75.5,2012.0,No,No,Centar,Stan,No,0.0,1,1,Good,190700
79.2,2023.0,Yes,No,Zemun,Stan,No,1.0,2,1,Good,151800
89.9,1989.0,No,No,Vracar,Stan,No,0.0,4,2,Poor,160300
61.8,1966.0,Yes,No,Vracar,Stan,No,1.0,1,2,Good,153700
89.4,2022.0,No,No,Zemun,Studio,Yes,1.0,4,3,Good,152300
20.0,1981.0,No,Yes,Zemun,Stan,No,2.0,3,3,Good,55200
38.6,1972.0,Yes,No,Predgradje,Stan,No,0.0,3,1,Excellent,47200
69.1,2009.0,Yes,Yes,Centar,Stan,Yes,0.0,3,2,Fair,181900
73.2,2005.0,Yes,No,Centar,Studio,No,1.0,2,1,Fair,145900
42.2,1958.0,No,No,Zemun,Kuca,No,2.0,2,1,Excellent,102100
71.5,2018.0,No,No,Zemun,Stan,Yes,2.0,3,2,Good,129100
49.4,2011.0,No,No,Novi Beograd,Stan,Yes,1.0,4,1,Good,111000
58.1,2013.0,Yes,No,Centar,Stan,No,2.0,1,1,Fair,135000
90.6,1971.0,Yes,Yes,Centar,Vila,No,2.0,2,1,Fair,302800
87.7,1981.0,Yes,No,Periferia,Kuca,No,0.0,2,3,Good,131800
40.1,,No,Yes,Centar,Kuca,No,0.0,3,2,Good,129000
38.6,1951.0,,Yes,Novi Beograd,Kuca,Yes,0.0,1,1,Excellent,125000
54.7,2001.0,Yes,Yes,Novi Beograd,Stan,No,0.0,4,3,Excellent,141900
64.3,1963.0,No,No,Novi Beograd,Studio,No,1.0,3,3,Excellent,155800
48.6,1986.0,No,No,Centar,Kuca,Yes,1.0,4,2,Good,156400
91.0,1976.0,No,Yes,Vracar,Stan,Yes,1.0,4,2,Good,241900
73.7,1973.0,Yes,Yes,Centar,Stan,No,0.0,2,1,Good,198900
75.2,2013.0,No,No,Periferia,Kuca,Yes,2.0,1,1,Fair,130100
33.3,2019.0,No,No,Novi Beograd,Vila,No,1.0,4,1,Poor,93000
94.2,1975.0,No,No,Vracar,Stan,No,1.0,3,3,Good,216900
20.0,2003.0,Yes,No,Periferia,Studio,No,3.0,1,2,Excellent,40500
85.9,1964.0,Yes,No,Zemun,Studio,No,0.0,4,1,Fair,101400
88.4,1978.0,Yes,No,Vracar,Stan,Yes,1.0,2,2,Fair,192500
54.2,2023.0,No,No,Novi Beograd,Stan,No,1.0,2,2,Excellent,147500
96.8,1977.0,Yes,No,Novi Beograd,Stan,No,2.0,3,2,Poor,172000
63.4,2008.0,No,No,Zemun,Kuca,No,0.0,4,1,Good,137500
66.6,2022.0,No,No,Predgradje,Stan,No,1.0,1,2,Fair,66900
73.5,1970.0,No,No,Zemun,Stan,No,2.0,2,1,Poor,88900
144.7,1959.0,Yes,Yes,Zemun,Kuca,Yes,1.0,2,1,Excellent,362200
98.6,1953.0,No,No,Zemun,Kuca,No,0.0,4,2,Fair,179200
82.5,2011.0,No,No,Vracar,Stan,No,1.0,3,1,Good,193500
42.2,1953.0,Yes,No,Centar,Stan,No,0.0,2,2,Fair,72100
68.6,1955.0,No,No,Zemun,Stan,No,1.0,3,1,Poor,90200
44.7,2021.0,Yes,No,Predgradje,Kuca,No,2.0,2,3,Poor,51500
85.6,1965.0,No,Yes,Centar,Studio,No,1.0,3,2,Fair,166300
68.5,1987.0,Yes,Yes,Zemun,Stan,Yes,0.0,5,1,Poor,108700
36.9,1998.0,No,No,Novi Beograd,Studio,No,0.0,3,2,Good,66700
67.0,2010.0,No,No,Vracar,Kuca,Yes,1.0,5,1,Good,201800
43.8,2014.0,Yes,No,Centar,Kuca,No,,3,2,Fair,118800
68.8,1999.0,No,No,Vracar,Kuca,No,1.0,1,1,Good,179800
43.5,1966.0,No,No,Periferia,Stan,Yes,2.0,3,1,Excellent,70200
65.7,1977.0,No,No,Novi Beograd,Stan,Yes,1.0,2,3,Excellent,177200
83.8,1993.0,Yes,Yes,Zemun,Kuca,No,3.0,3,1,Good,191100
63.7,1961.0,Yes,No,Periferia,Kuca,Yes,2.0,3,2,Excellent,123200
55.2,2019.0,No,No,Predgradje,Kuca,No,0.0,4,1,Fair,67800
70.1,2020.0,Yes,No,Novi Beograd,Stan,Yes,0.0,2,2,Good,165900
82.4,2021.0,No,Yes,Novi Beograd,Vila,Yes,0.0,4,1,Good,287300
37.3,1952.0,Yes,Yes,Centar,Kuca,No,0.0,4,1,Good,111400
71.5,1998.0,Yes,Yes,Predgradje,Stan,No,0.0,1,1,Good,77500
97.9,1970.0,No,No,Predgradje,Stan,No,1.0,4,1,Good,100800
79.3,,No,No,Vracar,Studio,No,0.0,2,3,Excellent,187300
66.4,2013.0,No,No,Periferia,Studio,No,0.0,1,2,Excellent,99100
81.0,2008.0,No,Yes,Vracar,Stan,No,0.0,5,3,Good,203800
76.3,1979.0,,Yes,Zemun,Studio,Yes,0.0,2,1,Good,119900
83.8,1981.0,No,Yes,Centar,Stan,Yes,1.0,3,1,Fair,196100
20.0,1969.0,No,No,Periferia,Stan,Yes,0.0,3,2,Fair,33000
26.2,1965.0,No,No,Centar,Studio,No,2.0,2,3,Good,48500
90.1,1974.0,No,No,Periferia,Studio,No,0.0,3,2,Good,98600
27.4,2009.0,Yes,Yes,Periferia,Kuca,No,2.0,1,1,Poor,56700
75.0,1994.0,No,Yes,Zemun,Studio,No,0.0,2,2,Excellent,152600
56.2,1958.0,Yes,Yes,Centar,Stan,No,1.0,4,1,Good,150800
40.1,2000.0,Yes,No,Novi Beograd,Studio,No,0.0,5,3,Good,79600
73.7,2010.0,Yes,No,Novi Beograd,Stan,Yes,2.0,2,3,,133300
70.0,1989.0,Yes,No,Novi Beograd,Stan,No,0.0,2,3,Fair,140500
117.8,2010.0,Yes,No,Centar,Stan,No,3.0,2,1,,385500
49.4,2016.0,No,No,Predgradje,Stan,No,0.0,4,2,Good,68300
101.0,1964.0,No,Yes,Zemun,Stan,No,0.0,1,2,Excellent,224800
73.8,2002.0,Yes,Yes,Novi Beograd,Stan,No,1.0,1,1,Excellent,199700
48.5,1953.0,,Yes,Novi Beograd,Stan,No,2.0,4,2,Good,108100
85.0,1972.0,No,No,Vracar,Stan,No,3.0,2,2,Fair,182100
79.1,1976.0,No,No,Zemun,Kuca,No,1.0,1,1,Excellent,202200
65.9,1986.0,Yes,No,Vracar,Stan,No,2.0,1,1,Excellent,202900
71.7,1992.0,No,Yes,Predgradje,Stan,No,1.0,4,1,Good,80300
50.1,1986.0,Yes,No,Vracar,Kuca,No,,2,3,Good,122200
44.4,1978.0,Yes,Yes,Predgradje,Studio,No,1.0,2,2,Good,47400
84.0,1978.0,Yes,Yes,Periferia,Studio,No,0.0,4,2,Good,114000
59.4,1998.0,No,No,Novi Beograd,Stan,No,1.0,4,1,Good,129300
63.0,2000.0,No,No,Predgradje,Kuca,Yes,2.0,1,2,Excellent,106400
72.0,1999.0,Yes,No,Centar,Stan,No,,3,1,Good,179700
71.6,1977.0,Yes,No,Periferia,Stan,Yes,2.0,2,2,Poor,80100
29.3,2023.0,No,Yes,Novi Beograd,Stan,No,2.0,3,2,,67000
97.2,1954.0,No,Yes,Periferia,Studio,No,2.0,2,3,Fair,104700
68.0,2005.0,Yes,Yes,Periferia,Stan,Yes,0.0,2,1,Fair,97400
59.9,2013.0,No,Yes,Periferia,Stan,No,0.0,3,1,Excellent,111400
75.8,1966.0,No,Yes,Periferia,Stan,No,0.0,3,3,Poor,77200
70.9,2004.0,Yes,No,Novi Beograd,Studio,No,3.0,2,3,Fair,121600
84.2,1958.0,No,Yes,Centar,Kuca,No,0.0,1,1,Fair,205000
78.4,2017.0,Yes,No,Vracar,Stan,No,1.0,5,1,Good,205100
82.9,2022.0,No,No,Centar,Kuca,No,0.0,2,1,Good,237400
98.8,1965.0,Yes,Yes,Zemun,Kuca,No,0.0,3,2,Fair,193800
87.1,1965.0,Yes,No,Novi Beograd,Kuca,No,0.0,1,2,Fair,179600
61.0,1962.0,No,No,Predgradje,Stan,No,0.0,3,2,Fair,69100
36.9,,No,No,Zemun,Studio,No,1.0,1,1,Good,83400
106.7,,Yes,Yes,Periferia,Stan,No,3.0,2,2,Fair,151000
59.1,1990.0,Yes,No,Centar,Kuca,No,1.0,3,1,Excellent,209100
53.2,2002.0,Yes,Yes,Periferia,Stan,No,1.0,2,1,Good,94500
21.6,,No,No,Predgradje,Stan,No,1.0,3,1,Poor,20500
73.5,2023.0,No,Yes,Vracar,Stan,No,2.0,1,1,,184700
68.7,1958.0,No,No,Zemun,Kuca,No,2.0,2,2,Fair,106000
27.1,2000.0,No,No,Periferia,Stan,Yes,3.0,3,1,Good,49400
76.3,1997.0,No,No,Centar,Studio,No,0.0,1,2,Fair,155800
52.5,1998.0,No,Yes,Vracar,Stan,Yes,2.0,1,2,Good,132800
132.3,1967.0,No,Yes,Novi Beograd,Kuca,No,0.0,2,3,Good,327500
50.8,1959.0,No,No,Centar,Studio,No,1.0,1,2,Excellent,123300
54.1,2003.0,No,No,Novi Beograd,Kuca,No,0.0,1,2,Fair,137000
43.1,1964.0,Yes,No,Centar,Kuca,No,1.0,2,1,Fair,114700
96.9,1960.0,Yes,No,Centar,Kuca,No,1.0,1,1,Good,279500
55.7,1989.0,Yes,Yes,Centar,Stan,Yes,0.0,4,2,Excellent,179900
46.9,1996.0,No,No,Predgradje,Studio,No,2.0,1,1,Excellent,63200
82.7,1969.0,Yes,Yes,Vracar,Stan,Yes,1.0,4,1,Poor,151900
30.5,1971.0,Yes,Yes,Predgradje,Kuca,No,,4,1,Fair,51200
80.6,,No,No,Vracar,Kuca,No,1.0,1,1,Good,216900
109.5,1965.0,No,No,Novi Beograd,Stan,No,1.0,1,2,Fair,219400
79.2,1954.0,No,Yes,Vracar,Stan,No,0.0,1,2,Fair,161800
80.9,2014.0,Yes,Yes,Vracar,Stan,No,0.0,3,2,Fair,189900
86.8,2023.0,No,No,Centar,Studio,No,3.0,3,1,Good,203100
107.7,1970.0,Yes,Yes,Zemun,Vila,No,2.0,3,1,,358900
95.2,2010.0,,No,Novi Beograd,Kuca,Yes,0.0,3,2,Excellent,306100
76.0,2004.0,Yes,Yes,Zemun,Kuca,Yes,1.0,2,3,Good,185200
87.6,1973.0,No,Yes,Zemun,Vila,No,1.0,4,1,Good,238200
42.9,1972.0,Yes,No,Centar,Stan,No,1.0,2,2,,126700
84.4,1960.0,No,No,Centar,Stan,Yes,,5,1,Fair,194900
39.9,1996.0,,Yes,Periferia,Kuca,No,0.0,2,1,Good,64400
55.8,1951.0,Yes,No,Vracar,Studio,No,0.0,2,1,Good,115400
20.0,2019.0,Yes,Yes,Centar,Studio,No,0.0,4,2,Fair,56700
75.0,2002.0,Yes,No,Predgradje,Stan,No,1.0,3,2,Good,82500
48.9,1960.0,No,No,Centar,Stan,No,2.0,3,1,Poor,86500
92.8,1964.0,Yes,No,Zemun,Stan,No,3.0,2,2,Good,174400
74.8,2022.0,Yes,No,Predgradje,Stan,Yes,,4,1,Fair,98300
93.1,1961.0,Yes,No,Novi Beograd,Stan,Yes,3.0,4,1,Fair,205600
37.9,,No,No,Centar,Studio,No,0.0,2,1,Fair,72600
91.0,1972.0,Yes,No,Centar,Stan,No,1.0,2,3,Excellent,277900
117.6,1976.0,Yes,No,Novi Beograd,Studio,No,0.0,3,1,Good,215400
84.1,1963.0,Yes,No,Centar,Stan,Yes,2.0,5,1,,217500
84.8,2003.0,No,Yes,Zemun,Kuca,No,2.0,3,1,Good,187300
69.2,1976.0,Yes,No,Centar,Stan,Yes,1.0,5,2,Good,182300
51.9,1970.0,No,No,Vracar,Stan,No,1.0,2,2,Fair,105400
84.0,1998.0,Yes,Yes,Predgradje,Stan,Yes,0.0,4,2,Good,111600
27.3,2011.0,No,No,Periferia,Vila,No,0.0,1,2,Fair,39800
54.6,2021.0,No,No,Zemun,Studio,Yes,3.0,2,1,Fair,74900
20.7,1993.0,No,No,Novi Beograd,Stan,No,2.0,2,3,Good,43500
47.4,1993.0,Yes,Yes,Zemun,Stan,Yes,0.0,3,1,Fair,96000
81.1,2010.0,Yes,No,Vracar,Vila,Yes,0.0,2,1,Fair,267900
77.6,1991.0,Yes,No,Vracar,Stan,Yes,0.0,4,2,Good,199200
66.3,1972.0,,Yes,Centar,Stan,No,3.0,4,2,Good,166600
69.3,2022.0,No,No,Periferia,Kuca,No,2.0,3,1,,121900
20.0,1950.0,Yes,No,Vracar,Vila,No,1.0,1,2,Good,56600
55.7,1985.0,,No,Centar,Stan,Yes,,1,2,Good,135900
48.0,2004.0,Yes,No,Novi Beograd,Stan,Yes,1.0,2,1,Good,103800
48.5,1965.0,,No,Vracar,Vila,No,0.0,3,1,Fair,140800
80.0,,Yes,Yes,Periferia,Stan,No,2.0,1,1,Fair,125300
43.5,1987.0,Yes,No,Zemun,Stan,Yes,1.0,3,3,Good,94000
49.9,2016.0,,No,Periferia,Kuca,No,0.0,3,2,Fair,60200
20.0,1969.0,No,No,Centar,Studio,No,1.0,3,2,Excellent,39600
57.6,1968.0,No,Yes,Vracar,Stan,No,1.0,2,2,Excellent,166500
37.8,1962.0,No,Yes,Vracar,Vila,No,1.0,3,2,Fair,125500
67.0,1966.0,No,Yes,Centar,Kuca,Yes,1.0,2,2,Poor,148300
41.2,1979.0,Yes,No,Novi Beograd,Stan,Yes,2.0,2,1,Poor,89500
67.6,1992.0,Yes,Yes,Periferia,Vila,No,2.0,4,2,Fair,132300
61.4,1997.0,Yes,No,Centar,Stan,Yes,1.0,2,2,Fair,157100
106.8,1992.0,No,No,Vracar,Stan,Yes,1.0,5,3,Good,268600
77.4,2015.0,No,Yes,Novi Beograd,Kuca,No,0.0,1,2,Excellent,257100
20.0,2002.0,No,No,Centar,Stan,No,1.0,2,1,Good,73200
33.4,2021.0,No,Yes,Novi Beograd,Stan,No,0.0,2,1,Fair,79000
66.4,1983.0,Yes,No,Predgradje,Stan,No,2.0,5,1,Good,82400
41.8,2023.0,No,No,Periferia,Stan,No,2.0,5,2,Good,73600
20.0,2021.0,Yes,Yes,Predgradje,Studio,No,0.0,2,1,Excellent,38500
98.7,2020.0,No,Yes,Vracar,Kuca,Yes,2.0,2,2,,322200
83.0,1962.0,Yes,No,Centar,Vila,No,1.0,3,2,Excellent,367200
78.0,2005.0,No,No,Vracar,Stan,Yes,3.0,4,1,Good,206000
49.8,2008.0,No,No,Vracar,Stan,Yes,1.0,3,2,Good,138100
75.7,1981.0,Yes,Yes,Periferia,Stan,No,1.0,4,1,Fair,114900
47.4,2003.0,No,No,Centar,Stan,No,1.0,1,1,Good,119600
70.1,1951.0,Yes,Yes,Vracar,Stan,Yes,0.0,3,1,Fair,156800
42.0,1986.0,Yes,No,Centar,Studio,No,0.0,3,2,Good,90100
102.9,1982.0,No,No,Novi Beograd,Vila,No,0.0,2,3,Good,347800
25.7,1950.0,No,No,Zemun,Vila,No,,3,2,Fair,54700
95.8,1977.0,Yes,No,Vracar,Stan,No,0.0,4,1,Poor,164800
66.0,1966.0,Yes,Yes,Novi Beograd,Studio,No,1.0,4,1,Poor,98400
52.8,2006.0,No,Yes,Novi Beograd,Stan,No,1.0,2,2,Poor,92200
69.2,2019.0,No,Yes,Vracar,Stan,No,3.0,2,1,Poor,136600
83.3,2001.0,Yes,Yes,Periferia,Studio,No,0.0,2,2,Fair,102800
99.2,1993.0,No,No,Periferia,Kuca,No,2.0,2,1,Fair,144000
72.8,1996.0,No,Yes,Predgradje,Stan,No,1.0,5,1,Fair,77800
42.7,1962.0,Yes,No,Periferia,Stan,No,1.0,2,1,Excellent,64100
66.4,1979.0,Yes,No,Novi Beograd,Stan,No,1.0,3,2,Fair,130000
110.4,2015.0,No,No,Zemun,Kuca,Yes,1.0,2,1,Fair,199300
98.7,2002.0,No,Yes,Vracar,Stan,No,0.0,3,1,,245400
87.7,1967.0,Yes,Yes,Novi Beograd,Vila,No,2.0,1,2,Excellent,353900
84.9,1977.0,No,Yes,Periferia,Stan,No,1.0,2,1,Good,131500
82.5,1953.0,Yes,No,Centar,Stan,Yes,3.0,2,3,Fair,200000
94.0,1991.0,No,No,Predgradje,Stan,No,2.0,3,1,Good,95000
53.6,,Yes,No,Vracar,Kuca,No,1.0,3,1,Good,146100
31.1,1958.0,No,No,Zemun,Stan,No,1.0,1,2,Good,53600
66.7,1969.0,No,No,Zemun,Kuca,No,2.0,2,1,Good,144800
44.6,1987.0,Yes,Yes,Periferia,Studio,Yes,3.0,3,1,Excellent,95200
38.6,2017.0,No,No,Zemun,Vila,No,2.0,4,1,Excellent,126100
47.0,1999.0,Yes,Yes,Zemun,Studio,Yes,2.0,2,3,Good,95700
127.1,2009.0,No,Yes,Centar,Studio,No,0.0,2,1,Good,277700
68.4,1962.0,No,No,Vracar,Kuca,No,2.0,1,2,Good,203800
74.0,1991.0,No,No,Centar,Studio,No,0.0,2,3,Excellent,198300
34.4,2017.0,No,No,Zemun,Stan,No,1.0,1,2,Poor,49300
20.0,1974.0,No,Yes,Vracar,Stan,No,1.0,3,2,Excellent,73500
44.5,1980.0,No,No,Zemun,Stan,No,0.0,4,3,Fair,72500
101.0,1961.0,Yes,Yes,Centar,Stan,No,0.0,1,2,Good,262000
73.4,2013.0,Yes,No,Centar,Stan,No,2.0,3,1,Excellent,230700
80.0,2010.0,No,Yes,Zemun,Vila,No,2.0,3,3,Fair,210400
83.5,2002.0,No,Yes,Centar,Stan,No,1.0,4,1,Good,231800
50.2,1975.0,No,No,Centar,Stan,Yes,1.0,3,1,Fair,115600
99.7,2010.0,Yes,No,Centar,Kuca,No,,4,2,Good,281000
49.2,1959.0,No,No,Predgradje,Stan,Yes,1.0,3,2,,45000
100.2,1961.0,No,Yes,Zemun,Stan,No,1.0,4,3,Good,199300
76.1,1971.0,Yes,No,Novi Beograd,Stan,No,1.0,2,2,Good,179600
20.3,2002.0,Yes,No,Novi Beograd,Stan,Yes,2.0,2,1,Excellent,59600
46.3,1970.0,Yes,No,Novi Beograd,Stan,No,1.0,4,1,Excellent,111700
20.4,1984.0,Yes,Yes,Periferia,Studio,No,3.0,3,2,Fair,33300
94.1,2020.0,No,Yes,Zemun,Kuca,No,0.0,1,2,Good,210400
64.4,1976.0,No,No,Centar,Stan,Yes,0.0,4,1,Poor,123800
20.0,2009.0,Yes,No,Centar,Stan,No,0.0,2,1,Poor,26600
74.4,,No,No,Centar,Stan,No,,2,1,Fair,175600
51.6,2015.0,No,No,Zemun,Studio,Yes,1.0,3,2,Excellent,114600
27.9,1964.0,Yes,No,Periferia,Stan,No,1.0,3,1,Excellent,59900
106.9,1973.0,No,No,Novi Beograd,Stan,No,1.0,3,1,Fair,191700
67.7,1959.0,No,Yes,Centar,Studio,No,1.0,2,2,Fair,142400
57.7,1973.0,No,No,Centar,Stan,No,2.0,5,1,Fair,138200
55.0,2006.0,No,Yes,Predgradje,Stan,No,2.0,5,1,Good,69900
27.2,1983.0,No,Yes,Novi Beograd,Stan,Yes,1.0,1,2,Good,54400
32.4,1990.0,Yes,No,Periferia,Vila,No,3.0,2,2,Fair,54600
97.1,1989.0,Yes,No,Zemun,Studio,No,1.0,1,1,Good,145200
53.2,1960.0,Yes,No,Novi Beograd,Kuca,No,0.0,4,3,Fair,114800
65.6,1950.0,Yes,Yes,Novi Beograd,Stan,Yes,0.0,4,1,Excellent,177100
20.0,1979.0,Yes,Yes,Centar,Kuca,No,0.0,3,2,Good,77600
32.0,1992.0,Yes,No,Zemun,Vila,No,1.0,4,1,Good,93500
80.2,1975.0,No,Yes,Periferia,Vila,No,2.0,3,2,Good,159200
74.4,2002.0,No,No,Zemun,Stan,No,2.0,2,1,Excellent,158300
108.8,1996.0,Yes,Yes,Vracar,Studio,Yes,0.0,2,1,,209200
98.6,1958.0,Yes,No,Centar,Stan,No,1.0,2,2,Fair,218200
59.2,1958.0,No,No,Predgradje,Stan,No,1.0,2,2,Excellent,73400
76.8,1950.0,Yes,Yes,Periferia,Kuca,No,3.0,3,2,Fair,127400
57.1,2020.0,Yes,No,Novi Beograd,Stan,Yes,0.0,2,2,Poor,109100
116.4,1993.0,No,Yes,Predgradje,Vila,No,1.0,2,1,Good,191000
93.7,2008.0,Yes,Yes,Zemun,Stan,Yes,3.0,1,2,Excellent,215100
69.2,2005.0,Yes,No,Zemun,Kuca,No,3.0,3,2,Good,173100
70.0,2000.0,Yes,No,Zemun,Vila,Yes,,5,1,Excellent,233100
101.1,1965.0,Yes,Yes,Periferia,Vila,No,0.0,4,3,Good,232000
79.5,1987.0,No,No,Zemun,Stan,No,1.0,3,2,Fair,145200
104.0,1960.0,Yes,Yes,Centar,Stan,Yes,2.0,3,3,Good,276300
20.0,1974.0,No,Yes,Novi Beograd,Kuca,Yes,0.0,2,2,,46400
76.5,2008.0,No,No,Predgradje,Stan,No,2.0,2,2,Poor,69900
52.1,1978.0,Yes,No,Novi Beograd,Vila,No,0.0,2,3,Fair,164600
108.9,1989.0,Yes,No,Novi Beograd,Vila,No,1.0,1,1,Poor,264300
103.7,1957.0,No,No,Vracar,Stan,Yes,1.0,3,3,Good,236100
65.8,1955.0,No,No,Vracar,Stan,No,0.0,2,1,Excellent,173900
103.4,1994.0,Yes,No,Zemun,Stan,Yes,1.0,3,1,Good,199700
109.6,2002.0,Yes,Yes,Predgradje,Vila,No,1.0,2,1,Excellent,228000
66.9,1970.0,No,No,Novi Beograd,Stan,No,2.0,2,2,Poor,110900
126.8,2006.0,Yes,No,Centar,Stan,No,0.0,5,1,Excellent,388500
64.2,1955.0,Yes,No,Centar,Stan,No,1.0,1,1,Excellent,190800
59.6,2012.0,Yes,No,Periferia,Kuca,No,1.0,2,2,,88300
86.6,1955.0,Yes,Yes,Zemun,Stan,Yes,1.0,1,1,Excellent,194800
56.2,2002.0,Yes,Yes,Novi Beograd,Stan,No,2.0,1,2,Fair,124600
67.1,,No,No,Periferia,Vila,No,1.0,3,1,Excellent,158500
100.2,1958.0,No,Yes,Periferia,Vila,Yes,1.0,3,1,Excellent,243800
65.5,,No,No,Periferia,Studio,Yes,1.0,2,1,Good,94800
22.6,2023.0,Yes,No,Predgradje,Stan,Yes,1.0,4,2,Good,44100
74.2,2021.0,Yes,No,Novi Beograd,Stan,Yes,0.0,3,1,Fair,162000
47.6,1953.0,,No,Periferia,Kuca,No,2.0,2,1,Good,66300
86.6,2007.0,Yes,Yes,Vracar,Stan,No,0.0,2,1,Good,211400
82.4,1986.0,Yes,No,Periferia,Vila,No,1.0,3,2,Good,167100
101.8,2020.0,Yes,No,Zemun,Kuca,Yes,1.0,3,1,Good,236400
87.7,1955.0,Yes,No,Periferia,Stan,No,0.0,1,2,Excellent,129600
92.3,2000.0,No,Yes,Zemun,Vila,No,0.0,2,1,Poor,184200
48.3,1999.0,No,Yes,Centar,Vila,Yes,,2,1,Excellent,228900
85.1,1963.0,Yes,No,Vracar,Stan,No,0.0,2,1,Excellent,227500
114.2,1960.0,No,Yes,Predgradje,Kuca,No,2.0,2,1,Good,157500
47.8,1959.0,Yes,Yes,Predgradje,Stan,No,2.0,5,1,Fair,46900
110.0,2010.0,Yes,No,Centar,Stan,No,0.0,3,3,Poor,214400
51.3,1962.0,Yes,No,Centar,Stan,No,0.0,3,3,Poor,94800
43.7,1983.0,No,No,Centar,Kuca,No,2.0,2,2,,132900
72.4,2009.0,Yes,No,Zemun,Vila,Yes,0.0,1,1,Good,196300
82.9,2000.0,Yes,No,Periferia,Kuca,Yes,3.0,1,2,Excellent,170900
87.8,1954.0,Yes,Yes,Novi Beograd,Stan,No,0.0,3,2,Good,186800
41.0,2023.0,Yes,No,Vracar,Kuca,No,1.0,2,2,Fair,101600
75.9,1981.0,No,Yes,Periferia,Stan,No,1.0,2,1,,105700
47.9,1961.0,No,No,Zemun,Studio,Yes,0.0,1,2,Excellent,85200
27.8,2001.0,No,No,Vracar,Stan,No,0.0,4,3,Excellent,81400
41.8,1962.0,No,Yes,Zemun,Stan,No,1.0,3,2,Excellent,91900
46.2,2003.0,,No,Vracar,Stan,No,0.0,1,2,,119400
78.0,2003.0,,No,Novi Beograd,Studio,Yes,1.0,3,2,Good,158500
93.8,1990.0,Yes,Yes,Zemun,Stan,No,0.0,3,2,Excellent,214000
28.2,1997.0,Yes,No,Zemun,Studio,No,,2,2,Good,58200
73.8,2000.0,Yes,No,Periferia,Stan,No,1.0,2,2,Fair,85700
35.6,1996.0,Yes,No,Zemun,Stan,No,1.0,4,3,Fair,84600
80.7,1999.0,Yes,No,Periferia,Stan,No,0.0,2,3,Poor,73500
49.4,1995.0,Yes,No,Centar,Vila,Yes,1.0,4,2,Good,209700
38.7,1987.0,No,Yes,Vracar,Vila,No,1.0,1,1,Fair,113300
85.0,1962.0,No,Yes,Centar,Stan,No,3.0,2,1,Fair,199500
50.3,,Yes,No,Novi Beograd,Stan,Yes,2.0,2,3,Fair,102900
57.1,1951.0,Yes,No,Zemun,Stan,Yes,0.0,3,1,Good,116500
20.0,1962.0,No,Yes,Predgradje,Kuca,No,0.0,5,1,Good,35200
88.7,2006.0,Yes,Yes,Centar,Stan,No,0.0,2,1,Good,230500
85.5,1983.0,Yes,No,Vracar,Vila,No,0.0,1,1,Poor,228700
65.1,1968.0,Yes,No,Periferia,Vila,Yes,0.0,2,2,Fair,124500
26.8,1958.0,No,No,Novi Beograd,Stan,No,0.0,4,2,Good,61600
95.2,1982.0,No,No,Zemun,Stan,No,0.0,3,1,Fair,151900
48.3,1976.0,No,No,Zemun,Studio,No,0.0,2,2,Fair,58800
53.7,1994.0,Yes,No,Zemun,Studio,No,0.0,5,2,Poor,52300
122.8,1951.0,Yes,No,Centar,Stan,No,0.0,3,2,Excellent,367100
47.4,2006.0,Yes,No,Novi Beograd,Stan,Yes,,2,1,Good,111800
83.6,2006.0,No,Yes,Periferia,Stan,No,1.0,3,3,Fair,105900
79.1,1965.0,No,No,Zemun,Stan,No,0.0,2,1,Poor,101300
74.8,1955.0,Yes,No,Centar,Stan,Yes,0.0,4,1,Excellent,238800
72.1,1963.0,No,No,Periferia,Stan,No,0.0,2,2,Good,93900
74.4,,Yes,No,Centar,Kuca,Yes,1.0,4,3,Good,221000
71.8,1987.0,,No,Zemun,Stan,No,2.0,4,2,Good,144100
63.7,1968.0,No,No,Novi Beograd,Stan,No,0.0,3,2,,137400
102.8,1986.0,Yes,No,Predgradje,Stan,No,1.0,2,1,Good,116300
32.2,1953.0,,Yes,Novi Beograd,Studio,No,1.0,5,1,Good,61000
90.5,2007.0,No,No,Novi Beograd,Studio,No,1.0,3,1,Good,161500
85.6,1958.0,Yes,No,Centar,Stan,No,2.0,4,1,Poor,168800
82.5,1989.0,No,No,Novi Beograd,Stan,No,2.0,2,1,Excellent,220500
92.9,1964.0,No,Yes,Periferia,Vila,No,0.0,5,2,Good,187900
62.7,1953.0,Yes,No,Predgradje,Stan,No,1.0,4,1,Fair,64000
20.0,2001.0,No,No,Novi Beograd,Stan,No,1.0,4,3,Excellent,67400
63.2,1967.0,No,Yes,Vracar,Stan,No,3.0,2,3,Excellent,179300
40.2,,Yes,Yes,Zemun,Stan,No,2.0,2,1,Excellent,103900
46.7,2008.0,Yes,Yes,Periferia,Stan,Yes,0.0,1,1,Excellent,87000
33.9,2003.0,No,No,Zemun,Vila,No,0.0,1,1,Excellent,116900
53.1,1990.0,Yes,No,Novi Beograd,Kuca,Yes,2.0,2,2,Fair,139200
50.1,2009.0,No,Yes,Vracar,Stan,No,1.0,5,2,Excellent,155900
20.0,,,No,Zemun,Vila,Yes,1.0,3,1,Excellent,69100
82.5,1988.0,Yes,Yes,Centar,Stan,Yes,1.0,2,1,Fair,198400
120.5,1956.0,Yes,No,Zemun,Stan,No,0.0,5,2,Poor,156500
80.2,1972.0,No,No,Novi Beograd,Kuca,No,2.0,3,2,Excellent,245900
59.9,2012.0,No,No,Periferia,Kuca,No,2.0,4,2,,95400
63.6,2014.0,Yes,Yes,Centar,Stan,Yes,1.0,4,3,Excellent,208300
54.5,1990.0,Yes,No,Zemun,Stan,No,1.0,3,2,Poor,64700
67.3,1993.0,No,No,Vracar,Kuca,Yes,,2,1,Poor,146100
64.1,,Yes,No,Zemun,Kuca,No,0.0,5,2,Good,137800
44.0,2018.0,Yes,No,Centar,Kuca,No,0.0,2,1,Fair,126300
107.1,2000.0,Yes,No,Zemun,Stan,Yes,0.0,3,2,Good,191800
27.8,2014.0,Yes,Yes,Zemun,Stan,No,2.0,4,3,Good,71100
83.0,2003.0,Yes,Yes,Zemun,Stan,No,0.0,2,1,Poor,120600
62.5,2005.0,,Yes,Zemun,Stan,No,0.0,3,1,Fair,110200
112.5,2021.0,Yes,No,Zemun,Vila,Yes,1.0,2,1,Good,329400
73.5,1989.0,No,No,Periferia,Stan,No,,2,1,Fair,89300
56.0,2007.0,Yes,No,Novi Beograd,Stan,No,0.0,1,2,Good,111100
58.8,1964.0,No,No,Periferia,Studio,No,1.0,4,2,Good,65800
66.0,1968.0,No,No,Vracar,Stan,No,1.0,1,1,Poor,99500
36.4,1959.0,Yes,No,Centar,Stan,Yes,1.0,4,1,Good,109800
45.8,,No,Yes,Centar,Studio,No,1.0,3,2,Poor,80700
20.4,1992.0,Yes,No,Novi Beograd,Studio,Yes,1.0,3,1,Fair,42600
41.9,1980.0,Yes,Yes,Periferia,Kuca,No,1.0,4,2,Fair,59200
67.3,1965.0,No,No,Zemun,Stan,No,1.0,3,2,Excellent,146900
72.5,1977.0,No,Yes,Periferia,Kuca,No,0.0,2,2,Excellent,146400
20.0,2011.0,No,No,Vracar,Studio,No,1.0,1,2,Excellent,56500
61.6,1969.0,No,No,Vracar,Stan,No,1.0,3,2,Fair,134900
79.1,1984.0,Yes,Yes,Centar,Stan,Yes,0.0,3,1,Fair,202400
60.9,2008.0,Yes,No,Novi Beograd,Studio,No,0.0,2,2,Good,129600
49.2,1958.0,Yes,Yes,Vracar,Stan,No,0.0,3,2,Good,120600
54.7,1959.0,No,No,Centar,Studio,No,,2,2,Excellent,143100
51.5,1994.0,No,No,Novi Beograd,Stan,Yes,,4,1,Fair,122800
49.1,1964.0,No,No,Zemun,Stan,No,0.0,3,1,Poor,54800
69.3,1979.0,Yes,Yes,Zemun,Stan,No,3.0,4,2,Good,145300
122.7,1997.0,Yes,No,Predgradje,Studio,Yes,1.0,3,1,Excellent,137900
46.4,1989.0,No,No,Predgradje,Stan,No,2.0,4,2,Excellent,64900
57.0,2023.0,No,No,Zemun,Kuca,No,1.0,3,2,Good,137500
63.7,1993.0,Yes,No,Vracar,Kuca,Yes,0.0,3,2,Excellent,207800
47.8,1995.0,Yes,Yes,Zemun,Kuca,Yes,3.0,2,1,Good,126800
92.5,1955.0,Yes,No,Periferia,Vila,No,2.0,2,1,Excellent,221600
20.0,1973.0,Yes,No,Centar,Kuca,No,1.0,4,1,Excellent,83200
51.7,2022.0,No,No,Vracar,Stan,No,0.0,2,1,Excellent,160600
85.5,1956.0,No,No,Periferia,Vila,No,0.0,1,2,Fair,141900
57.6,1955.0,No,Yes,Novi Beograd,Kuca,Yes,2.0,4,1,Fair,144500
44.5,1982.0,Yes,No,Zemun,Stan,Yes,0.0,3,2,Good,96200
76.0,1987.0,,Yes,Zemun,Stan,No,1.0,2,1,Good,142300
87.7,1993.0,Yes,No,Centar,Studio,Yes,1.0,2,3,Excellent,240800
70.3,1966.0,No,No,Novi Beograd,Stan,No,0.0,3,1,Fair,123900
45.0,1980.0,No,Yes,Novi Beograd,Kuca,No,1.0,3,1,Fair,124500
76.4,1986.0,Yes,No,Centar,Stan,No,1.0,4,2,Good,194400
54.9,1960.0,Yes,No,Centar,Stan,Yes,1.0,2,2,Poor,106400
83.6,1954.0,Yes,No,Periferia,Kuca,No,1.0,3,1,Fair,116200
102.1,2013.0,Yes,No,Novi Beograd,Stan,No,2.0,4,1,Good,234500
20.0,1952.0,No,No,Vracar,Stan,Yes,1.0,4,1,Good,53100
67.8,2005.0,No,No,Novi Beograd,Kuca,Yes,1.0,2,2,Fair,163700
21.6,2012.0,Yes,Yes,Predgradje,Stan,No,,2,3,Excellent,33800
126.0,1987.0,No,No,Novi Beograd,Kuca,No,0.0,3,1,Good,302900
53.3,,No,No,Vracar,Studio,No,3.0,4,2,Excellent,153200
83.7,1951.0,Yes,No,Periferia,Studio,No,1.0,3,1,Good,105400
64.1,1951.0,Yes,No,Periferia,Stan,No,0.0,3,1,Fair,65000
44.9,1961.0,No,No,Centar,Stan,No,1.0,5,1,Fair,106600
41.9,1989.0,No,No,Periferia,Kuca,No,,2,2,Poor,57500
104.6,1951.0,Yes,No,Vracar,Vila,No,0.0,4,1,Good,382700
88.9,2006.0,No,No,Vracar,Studio,Yes,2.0,4,2,Fair,169600
113.6,1996.0,Yes,No,Centar,Studio,No,0.0,4,1,Good,257300
66.4,1985.0,No,No,Centar,Stan,No,1.0,5,2,Good,179300
72.2,1953.0,No,No,Zemun,Stan,Yes,1.0,2,2,Fair,112300
58.3,1973.0,No,No,Vracar,Stan,Yes,0.0,2,1,Fair,120400
57.8,2011.0,No,No,Vracar,Stan,Yes,2.0,2,2,Good,141300
39.0,1951.0,Yes,No,Zemun,Stan,No,1.0,4,1,Excellent,88700
67.1,1964.0,No,Yes,Periferia,Vila,Yes,2.0,4,1,Fair,121900
45.3,1998.0,No,No,Centar,Stan,No,1.0,2,1,Fair,103600
76.0,1984.0,No,No,Zemun,Stan,No,2.0,1,1,Excellent,162800
69.3,1996.0,,Yes,Centar,Stan,No,0.0,3,1,Poor,120900
72.2,1973.0,No,Yes,Periferia,Vila,No,1.0,2,1,Excellent,181800
106.9,2009.0,Yes,Yes,Zemun,Kuca,No,2.0,1,1,,184600
64.1,1997.0,Yes,No,Predgradje,Kuca,No,0.0,3,1,Excellent,88400
83.9,1972.0,No,No,Centar,Vila,No,0.0,2,3,Fair,283600
116.3,1961.0,No,No,Centar,Stan,No,3.0,3,2,Excellent,345200
97.7,1990.0,No,No,Novi Beograd,Kuca,Yes,3.0,1,1,Fair,228300
93.8,1978.0,No,No,Novi Beograd,Stan,Yes,2.0,4,2,Good,222100
57.3,2019.0,No,No,Novi Beograd,Stan,No,1.0,3,2,Poor,97000
70.7,2000.0,No,Yes,Predgradje,Studio,No,1.0,2,1,Fair,64000
32.0,1972.0,Yes,No,Novi Beograd,Studio,Yes,0.0,3,1,Good,80400
77.5,1980.0,No,No,Novi Beograd,Stan,Yes,1.0,2,3,Good,167300
71.9,,Yes,Yes,Periferia,Stan,No,1.0,5,2,Excellent,120900
65.6,1973.0,Yes,No,Vracar,Kuca,No,0.0,3,2,Good,178300
90.7,2021.0,Yes,Yes,Periferia,Stan,No,1.0,3,2,Excellent,182800
34.8,1958.0,Yes,Yes,Centar,Stan,Yes,,2,2,Good,99300
105.9,1971.0,Yes,Yes,Vracar,Stan,No,1.0,1,2,Excellent,298200
87.5,1953.0,Yes,No,Centar,Stan,No,1.0,3,2,,270700
63.2,1952.0,Yes,Yes,Centar,Studio,Yes,,1,2,Fair,137500
61.3,1977.0,,Yes,Predgradje,Stan,No,,3,1,Excellent,93200
77.0,1964.0,No,Yes,Centar,Stan,No,1.0,2,2,Excellent,242600
103.0,1957.0,No,No,Vracar,Kuca,No,1.0,2,2,Fair,254400
67.5,1997.0,No,No,Vracar,Studio,No,0.0,1,1,Good,131700
68.6,2001.0,No,No,Novi Beograd,Stan,No,1.0,5,1,Poor,117700
65.5,2004.0,Yes,No,Periferia,Stan,No,1.0,5,3,Excellent,125800
109.6,1986.0,No,Yes,Centar,Stan,Yes,1.0,1,2,Fair,238300
55.8,1953.0,Yes,Yes,Zemun,Kuca,No,2.0,2,2,Poor,73200
64.3,2004.0,Yes,Yes,Predgradje,Kuca,Yes,1.0,2,1,Good,90600
101.6,1961.0,No,No,Zemun,Studio,Yes,0.0,2,1,Good,151300
68.7,1968.0,No,No,Predgradje,Vila,No,1.0,4,1,Excellent,140200
93.4,2006.0,No,Yes,Centar,Studio,Yes,2.0,3,2,Excellent,254000
42.2,1986.0,No,Yes,Vracar,Kuca,No,1.0,5,2,Good,134200
59.9,1956.0,Yes,No,Novi Beograd,Stan,No,2.0,4,3,Poor,105000
102.1,2004.0,No,Yes,Zemun,Stan,No,1.0,3,3,Good,189500
48.1,,No,No,Predgradje,Vila,Yes,0.0,3,1,Good,90500
61.2,,No,No,Novi Beograd,Stan,Yes,0.0,4,1,Good,139700
71.4,2010.0,No,No,Zemun,Stan,No,1.0,3,3,Fair,113200
40.3,1988.0,Yes,No,Centar,Kuca,No,0.0,2,2,Good,125500
54.7,1972.0,Yes,Yes,Zemun,Stan,Yes,1.0,3,1,Fair,106900
67.8,2001.0,Yes,No,Vracar,Kuca,No,2.0,3,1,Good,182300
66.2,1960.0,Yes,No,Predgradje,Kuca,No,1.0,5,2,Good,88500
97.0,2015.0,Yes,No,Zemun,Stan,Yes,1.0,3,2,Excellent,229000
103.5,1962.0,No,No,Novi Beograd,Studio,No,1.0,1,1,Good,172400
43.6,1990.0,No,No,Centar,Stan,No,0.0,2,1,,106200
67.8,1998.0,No,Yes,Centar,Stan,No,1.0,4,2,Excellent,211100
81.9,1964.0,No,No,Novi Beograd,Kuca,Yes,1.0,5,1,Good,202500
102.9,2005.0,Yes,Yes,Novi Beograd,Kuca,No,1.0,3,3,,242900
83.0,2003.0,,No,Periferia,Studio,No,0.0,1,1,Good,103200
72.3,1980.0,No,Yes,Zemun,Stan,No,2.0,1,2,Good,145000
81.7,2010.0,Yes,No,Vracar,Kuca,No,1.0,2,2,Excellent,285500
81.8,2007.0,No,Yes,Centar,Stan,Yes,0.0,5,1,Good,213900
41.8,2009.0,No,Yes,Periferia,Vila,No,2.0,4,1,Good,102300
69.8,2002.0,,No,Zemun,Stan,No,2.0,4,2,Poor,112400
101.5,2010.0,No,No,Centar,Kuca,No,1.0,3,1,,303900
59.8,1991.0,Yes,No,Zemun,Stan,Yes,1.0,4,1,Excellent,132900
68.2,1978.0,No,No,Vracar,Stan,Yes,3.0,2,1,Excellent,202200
58.9,1976.0,Yes,No,Centar,Stan,No,2.0,1,1,Fair,139500
20.0,1993.0,Yes,No,Vracar,Studio,Yes,,4,3,Fair,44600
65.5,1954.0,No,Yes,Vracar,Kuca,No,1.0,2,2,Fair,164500
72.5,2001.0,No,Yes,Centar,Vila,No,0.0,3,1,Good,282800
52.2,2002.0,No,Yes,Predgradje,Stan,No,0.0,3,3,Good,54800
36.1,2001.0,No,Yes,Periferia,Stan,Yes,0.0,2,1,Good,63400
43.0,1987.0,No,Yes,Zemun,Stan,No,0.0,2,1,Good,81800
84.1,1993.0,No,No,Vracar,Studio,No,1.0,2,1,Excellent,187500
114.3,2002.0,No,No,Vracar,Stan,No,0.0,3,2,Good,268300
99.6,1951.0,No,No,Zemun,Studio,No,2.0,1,2,Fair,135700
31.4,,No,No,Vracar,Vila,Yes,1.0,2,1,Good,111800
86.4,1984.0,No,No,Centar,Vila,No,1.0,3,1,Excellent,396400
48.4,1995.0,No,Yes,Vracar,Kuca,No,0.0,2,2,Good,133600
50.4,2021.0,Yes,No,Periferia,Kuca,No,1.0,1,2,Good,95000
53.5,2004.0,Yes,No,Vracar,Studio,No,0.0,2,2,Good,113600
82.7,2021.0,No,No,Centar,Stan,Yes,,2,1,Excellent,275400
89.0,1960.0,No,No,Periferia,Kuca,No,1.0,3,2,Good,126000
62.5,,No,Yes,Novi Beograd,Stan,No,1.0,5,2,Fair,134200
63.0,2018.0,Yes,No,Novi Beograd,Stan,Yes,1.0,1,2,Excellent,175500
76.6,2012.0,Yes,No,Centar,Stan,No,1.0,4,1,Excellent,245700
79.2,1996.0,Yes,No,Novi Beograd,Stan,No,2.0,2,1,Fair,172200
94.4,1956.0,Yes,No,Periferia,Stan,No,0.0,3,2,Good,115300
32.9,2013.0,No,Yes,Vracar,Stan,No,3.0,4,2,Good,100700
65.5,,No,No,Novi Beograd,Kuca,No,1.0,3,1,Fair,155500
38.3,1961.0,Yes,Yes,Periferia,Stan,No,1.0,1,1,Excellent,58300
63.7,1961.0,No,No,Periferia,Kuca,No,1.0,1,1,Good,104000
59.3,1985.0,Yes,No,Periferia,Stan,No,1.0,3,1,Excellent,101700
63.8,1978.0,No,No,Novi Beograd,Kuca,No,3.0,2,1,Fair,141300
45.0,1960.0,No,Yes,Vracar,Kuca,No,0.0,3,1,Good,125400
27.8,,Yes,No,Predgradje,Kuca,Yes,1.0,2,1,Poor,43700
20.0,2019.0,No,No,Periferia,Kuca,Yes,,2,1,Good,40800
61.7,2023.0,No,Yes,Centar,Stan,No,0.0,3,2,Good,163400
54.2,1996.0,Yes,Yes,Centar,Studio,No,1.0,3,1,Good,121500
48.1,1982.0,No,Yes,Vracar,Stan,No,0.0,3,2,Poor,83100
98.1,2016.0,Yes,Yes,Predgradje,Stan,No,2.0,2,1,Fair,117500
43.5,1992.0,No,Yes,Vracar,Kuca,Yes,1.0,2,1,Poor,106000
100.4,1967.0,No,No,Vracar,Stan,No,1.0,3,2,Fair,209900
105.6,2023.0,No,Yes,Centar,Kuca,Yes,0.0,4,2,Good,341600
20.0,2002.0,Yes,No,Zemun,Kuca,Yes,0.0,3,2,Good,49700
67.3,1988.0,Yes,No,Periferia,Stan,Yes,2.0,5,1,Good,105400
55.0,2021.0,,No,Novi Beograd,Stan,No,1.0,1,2,Good,124200
20.0,1983.0,Yes,Yes,Periferia,Stan,Yes,0.0,5,1,Fair,37700
28.9,1986.0,Yes,No,Predgradje,Vila,Yes,0.0,3,2,Fair,49600
84.4,1990.0,No,No,Novi Beograd,Kuca,No,0.0,4,1,Fair,195200
115.5,1998.0,No,Yes,Vracar,Stan,Yes,0.0,2,2,Excellent,332900
87.6,,No,Yes,Novi Beograd,Stan,Yes,2.0,3,2,Good,204800
73.1,1989.0,Yes,No,Periferia,Kuca,No,1.0,3,2,Fair,96100
64.5,1967.0,Yes,No,Zemun,Studio,No,1.0,3,3,Fair,88300
107.1,1974.0,Yes,Yes,Zemun,Stan,Yes,2.0,2,3,Excellent,244300
118.7,1990.0,Yes,No,Periferia,Stan,Yes,0.0,2,2,Good,165100
50.3,1985.0,Yes,Yes,Novi Beograd,Studio,No,1.0,3,3,Good,89800
20.0,1951.0,Yes,No,Predgradje,Stan,No,1.0,4,1,Good,30300
20.0,2023.0,No,No,Vracar,Stan,Yes,0.0,2,1,Fair,38200
98.0,1998.0,No,Yes,Centar,Vila,Yes,1.0,2,2,Excellent,452100
63.8,,No,No,Zemun,Kuca,No,1.0,4,3,Good,142100
69.6,2002.0,No,No,Periferia,Stan,No,1.0,3,2,Fair,106600
20.2,1968.0,Yes,No,Novi Beograd,Stan,No,1.0,2,1,Excellent,53000
46.2,1975.0,No,Yes,Periferia,Stan,Yes,,1,2,Good,73600
57.6,2003.0,Yes,No,Predgradje,Stan,Yes,1.0,3,1,Fair,56000
70.2,2000.0,Yes,Yes,Novi Beograd,Studio,No,0.0,2,1,Good,130600
55.0,1974.0,Yes,No,Predgradje,Stan,No,0.0,1,1,Fair,45900
39.1,,Yes,No,Centar,Kuca,Yes,1.0,3,1,Fair,104000
45.4,2023.0,,No,Novi Beograd,Vila,No,0.0,2,1,Good,159100
95.2,2010.0,No,No,Centar,Stan,Yes,2.0,2,2,Fair,223400
71.1,1995.0,No,No,Periferia,Stan,No,2.0,2,2,Excellent,125700
80.3,2004.0,Yes,No,Zemun,Kuca,Yes,0.0,3,1,Excellent,202800
42.5,1999.0,No,No,Centar,Vila,No,2.0,2,1,Poor,123500
20.0,1960.0,,Yes,Vracar,Studio,No,1.0,1,2,Good,22000
51.9,1961.0,No,Yes,Zemun,Stan,No,0.0,2,3,Excellent,113100
43.3,1989.0,No,Yes,Centar,Kuca,No,1.0,1,2,Good,131100
73.7,1997.0,No,Yes,Periferia,Kuca,No,1.0,3,1,Good,121800
147.1,2005.0,No,No,Periferia,Vila,No,0.0,5,1,Fair,289500
82.4,1957.0,No,No,Vracar,Stan,Yes,0.0,3,1,Good,191700
133.4,1963.0,Yes,Yes,Predgradje,Kuca,No,0.0,2,1,Good,146800
79.2,2005.0,Yes,No,Vracar,Studio,Yes,,2,2,Excellent,188400
49.3,2003.0,No,No,Predgradje,Stan,No,0.0,2,1,Fair,48400
73.7,1966.0,No,No,Zemun,Stan,No,1.0,2,3,Excellent,158400
109.5,1994.0,Yes,Yes,Zemun,Stan,Yes,0.0,2,2,Fair,183400
110.7,1954.0,No,Yes,Centar,Stan,No,0.0,1,1,Excellent,323600
50.6,1952.0,Yes,No,Periferia,Stan,No,0.0,4,2,Good,79600
71.3,,Yes,No,Vracar,Vila,No,,4,2,Good,264300
29.3,1969.0,Yes,Yes,Centar,Stan,Yes,1.0,3,2,Good,95600
85.6,1970.0,No,No,Centar,Stan,No,1.0,1,2,Fair,187000
103.8,1982.0,Yes,No,Zemun,Kuca,No,1.0,4,1,Fair,205200
66.0,1954.0,No,No,Vracar,Stan,Yes,2.0,1,2,Fair,120500
48.3,1973.0,Yes,No,Zemun,Stan,No,,1,1,Fair,75300
74.0,2012.0,No,No,Periferia,Kuca,No,,2,1,Fair,101200
75.4,1975.0,No,No,Centar,Studio,No,0.0,2,2,Good,157100
67.0,1982.0,Yes,No,Zemun,Kuca,No,0.0,2,1,Good,140300
69.5,1967.0,,No,Centar,Kuca,No,1.0,2,1,Fair,177900
60.7,1967.0,No,No,Periferia,Stan,No,0.0,1,1,Excellent,83300
89.9,1987.0,Yes,No,Periferia,Vila,No,0.0,4,1,Good,180500
83.4,1982.0,No,No,Vracar,Stan,Yes,1.0,2,2,Excellent,243500
40.4,,Yes,No,Zemun,Studio,No,1.0,2,3,Good,68900
39.7,1998.0,Yes,No,Novi Beograd,Stan,Yes,1.0,2,1,Fair,99500
58.6,1999.0,No,No,Vracar,Vila,No,1.0,1,1,Good,209400
83.4,1964.0,No,No,Periferia,Kuca,No,3.0,3,1,Good,145400
68.7,2001.0,Yes,No,Vracar,Studio,Yes,3.0,2,1,Poor,106000
48.9,2017.0,Yes,Yes,Novi Beograd,Stan,No,2.0,3,1,Poor,101400
71.5,1968.0,No,No,Vracar,Stan,No,3.0,3,2,Fair,162200
56.7,1974.0,No,No,Periferia,Kuca,Yes,0.0,4,3,Fair,88600
87.0,1974.0,Yes,No,Novi Beograd,Studio,No,2.0,2,3,Good,156600
73.3,1982.0,No,No,Centar,Stan,No,0.0,2,1,Good,185000
57.1,2009.0,Yes,Yes,Zemun,Vila,No,1.0,5,1,Fair,152600
70.8,1986.0,,No,Periferia,Studio,Yes,1.0,3,1,Good,95200
97.9,1992.0,No,No,Centar,Stan,Yes,0.0,5,1,Good,253700
50.8,1958.0,No,No,Novi Beograd,Studio,Yes,3.0,4,2,Fair,89000
75.1,,Yes,Yes,Centar,Kuca,Yes,0.0,3,1,Poor,189800
63.2,1952.0,No,No,Novi Beograd,Stan,No,2.0,2,1,Poor,94600
75.7,,Yes,No,Vracar,Stan,No,1.0,3,1,Good,189500
48.6,2005.0,No,No,Zemun,Kuca,Yes,,3,3,Fair,103600
67.8,,Yes,No,Zemun,Kuca,Yes,1.0,3,2,Good,146600
92.7,2002.0,Yes,Yes,Zemun,Stan,No,0.0,3,2,Good,187200
41.6,1990.0,Yes,No,Novi Beograd,Kuca,No,2.0,3,1,Good,118600
31.8,1970.0,No,No,Periferia,Kuca,No,3.0,3,2,Fair,36800
32.7,1988.0,Yes,No,Vracar,Kuca,Yes,1.0,2,1,Fair,92200
35.7,1972.0,Yes,No,Predgradje,Stan,No,2.0,1,2,Good,56400
79.9,2023.0,Yes,No,Zemun,Studio,No,0.0,4,2,Excellent,151500
29.9,2007.0,No,No,Centar,Stan,No,1.0,4,1,Good,71300
57.6,2018.0,Yes,No,Zemun,Stan,No,0.0,3,1,Good,108900
80.5,1978.0,No,No,Novi Beograd,Stan,No,1.0,2,1,Good,173200
75.4,2011.0,Yes,No,Zemun,Stan,No,0.0,1,2,Good,140500
55.4,2002.0,No,No,Centar,Studio,No,1.0,1,2,Excellent,153500
69.8,1994.0,No,No,Centar,Stan,No,1.0,1,2,Poor,127900
67.7,,No,No,Periferia,Kuca,Yes,,2,2,Excellent,132200
59.4,1983.0,No,No,Novi Beograd,Stan,No,0.0,2,2,Good,133300
59.7,1963.0,No,Yes,Periferia,Stan,No,0.0,2,2,Good,82300
120.9,1990.0,No,Yes,Novi Beograd,Vila,No,2.0,3,1,Poor,299200
85.2,2023.0,Yes,No,Zemun,Studio,No,0.0,5,1,Good,132500
127.0,2009.0,No,No,Zemun,Stan,No,0.0,2,1,Good,218100
52.6,1991.0,No,Yes,Vracar,Kuca,No,2.0,2,2,Fair,125700
62.9,2000.0,Yes,No,Novi Beograd,Stan,No,0.0,5,2,Fair,118300
31.7,,Yes,No,Novi Beograd,Stan,No,1.0,4,2,Excellent,98300
44.8,1984.0,No,No,Centar,Studio,No,1.0,2,1,Good,95000
112.5,1968.0,No,No,Novi Beograd,Studio,No,1.0,2,1,Good,221000
51.9,2014.0,Yes,Yes,Zemun,Stan,No,1.0,2,1,Poor,86000
113.0,2010.0,No,No,Predgradje,Vila,No,0.0,2,1,Good,172700
33.9,1996.0,Yes,Yes,Periferia,Kuca,Yes,,2,2,Good,63800
38.7,1963.0,Yes,No,Periferia,Stan,Yes,1.0,2,1,Good,61600
56.5,2016.0,No,No,Periferia,Kuca,No,0.0,3,1,Good,94500
63.4,2001.0,No,No,Zemun,Kuca,Yes,2.0,2,2,Good,138300
88.1,1981.0,No,No,Novi Beograd,Kuca,Yes,1.0,3,1,Good,231500
76.3,,No,Yes,Predgradje,Stan,No,1.0,2,2,Fair,68500
54.6,1966.0,No,Yes,Zemun,Kuca,Yes,0.0,3,2,,143800
61.7,1989.0,,No,Zemun,Stan,No,2.0,3,2,Good,126600
57.0,2017.0,No,No,Centar,Studio,Yes,1.0,3,1,Fair,117800
42.1,2012.0,Yes,No,Vracar,Kuca,Yes,1.0,2,1,Good,128900
42.8,1964.0,Yes,Yes,Vracar,Stan,No,1.0,2,2,Excellent,125600
90.7,1988.0,No,Yes,Periferia,Studio,No,1.0,2,1,Fair,101300
20.0,2006.0,Yes,No,Vracar,Vila,Yes,1.0,3,3,Fair,80800
105.4,1959.0,No,No,Novi Beograd,Vila,No,,1,1,,334400
56.4,2020.0,Yes,Yes,Predgradje,Stan,No,1.0,3,2,Fair,82300
45.7,1966.0,Yes,No,Centar,Stan,No,0.0,1,1,Good,114000
83.5,1966.0,Yes,Yes,Vracar,Kuca,No,0.0,2,1,Fair,209900
102.1,1965.0,No,No,Centar,Stan,Yes,0.0,3,3,Good,269000
92.9,1952.0,Yes,Yes,Zemun,Vila,No,0.0,2,2,Poor,195000
77.5,2000.0,No,No,Predgradje,Stan,No,0.0,2,2,Poor,56600
92.2,1995.0,No,Yes,Novi Beograd,Stan,Yes,2.0,3,1,Excellent,259900
22.1,2004.0,Yes,No,Periferia,Stan,No,,3,3,Good,41900
52.0,1975.0,No,No,Novi Beograd,Stan,No,3.0,2,2,Good,111800
42.2,,Yes,Yes,Predgradje,Studio,No,0.0,2,1,,49400
95.6,2021.0,No,No,Periferia,Stan,Yes,1.0,3,1,Good,132400
55.4,1968.0,Yes,Yes,Periferia,Stan,No,1.0,5,1,Good,81000
86.1,2017.0,Yes,Yes,Centar,Stan,No,1.0,2,1,Excellent,270500
78.4,1964.0,Yes,No,Predgradje,Kuca,No,1.0,3,3,Excellent,110600
43.4,2007.0,No,No,Zemun,Stan,No,1.0,4,1,Good,84900
50.3,1979.0,No,No,Novi Beograd,Kuca,No,1.0,2,1,Good,119400
97.3,1997.0,No,No,Periferia,Kuca,Yes,2.0,2,1,Good,161800
45.6,2005.0,No,No,Novi Beograd,Kuca,No,1.0,3,1,Good,132200
68.1,1991.0,Yes,No,Periferia,Vila,No,3.0,1,1,Fair,131800
45.4,1973.0,No,No,Centar,Vila,No,2.0,2,1,Fair,159700
57.2,2001.0,No,Yes,Zemun,Vila,Yes,1.0,2,1,Poor,127700
63.8,1992.0,No,No,Vracar,Stan,Yes,,2,2,Poor,113600
45.4,1983.0,Yes,No,Centar,Stan,No,0.0,2,1,Fair,109700
41.0,2009.0,Yes,No,Novi Beograd,Stan,Yes,0.0,3,3,,93300
72.2,1952.0,No,Yes,Centar,Studio,No,0.0,5,1,Good,165300
43.9,2017.0,Yes,No,Vracar,Vila,No,1.0,2,2,Good,157300
44.7,1960.0,No,Yes,Novi Beograd,Studio,Yes,0.0,1,2,Fair,87500
41.5,1962.0,No,Yes,Zemun,Stan,No,1.0,3,2,Poor,57800
63.1,1999.0,No,No,Novi Beograd,Vila,No,0.0,3,2,Good,200600
88.6,1968.0,Yes,No,Novi Beograd,Stan,No,1.0,3,1,Fair,175700
102.7,1993.0,Yes,No,Zemun,Stan,Yes,0.0,3,2,Good,181100
46.9,,Yes,Yes,Centar,Stan,Yes,2.0,4,1,Excellent,150900
118.8,1987.0,No,No,Predgradje,Stan,No,2.0,1,2,Fair,122200
39.9,1952.0,No,Yes,Periferia,Kuca,No,1.0,2,1,Fair,65900
92.1,2014.0,No,No,Zemun,Stan,No,2.0,2,2,Good,169600
47.0,1984.0,No,No,Zemun,Stan,Yes,,2,2,,114700
43.2,1985.0,Yes,No,Periferia,Kuca,Yes,2.0,4,1,Good,76900
46.4,,No,No,Centar,Studio,No,1.0,4,1,Excellent,124700
63.7,1988.0,Yes,No,Centar,Kuca,No,0.0,4,2,Fair,173300
79.5,1974.0,No,Yes,Novi Beograd,Stan,No,0.0,2,3,Excellent,221800
81.7,2013.0,No,No,Periferia,Studio,No,0.0,3,2,Fair,96300
41.4,1962.0,No,No,Centar,Vila,Yes,2.0,2,1,Poor,119400
40.3,2017.0,No,Yes,Zemun,Stan,No,1.0,4,3,Excellent,122000
42.1,2019.0,Yes,No,Predgradje,Kuca,No,0.0,2,1,Excellent,68500
62.2,1950.0,No,Yes,Periferia,Stan,Yes,1.0,1,2,Poor,67000
59.7,2021.0,,No,Vracar,Stan,No,0.0,4,1,,137900
41.2,2003.0,No,No,Centar,Kuca,No,0.0,3,3,,90500
71.7,1958.0,No,No,Periferia,Studio,Yes,2.0,4,1,Fair,91200
121.6,1985.0,Yes,No,Zemun,Stan,No,1.0,2,2,Fair,200900
52.4,1986.0,Yes,No,Centar,Studio,No,1.0,4,2,Excellent,147700
54.2,2008.0,Yes,Yes,Centar,Studio,No,2.0,3,2,Good,111300
79.0,1970.0,Yes,No,Predgradje,Vila,No,1.0,3,2,Good,132900
51.0,1969.0,No,Yes,Zemun,Stan,No,0.0,3,1,Good,91400
81.7,1950.0,,No,Periferia,Vila,No,0.0,3,1,Good,163400
47.0,2008.0,No,Yes,Periferia,Stan,No,1.0,2,1,Good,63300
110.8,1977.0,Yes,Yes,Zemun,Kuca,No,1.0,1,2,Good,234800
73.6,,No,No,Vracar,Stan,Yes,0.0,3,2,Fair,166400
49.5,2005.0,No,No,Vracar,Stan,No,1.0,3,1,Good,118100
50.3,1958.0,Yes,No,Novi Beograd,Kuca,Yes,2.0,2,1,Good,135800
52.2,2014.0,No,Yes,Vracar,Stan,Yes,1.0,2,1,Excellent,161100
99.3,1985.0,No,Yes,Periferia,Stan,Yes,2.0,3,2,Excellent,180600
33.3,1983.0,Yes,Yes,Zemun,Stan,No,0.0,2,3,Good,75600
48.3,1981.0,No,No,Periferia,Kuca,Yes,0.0,2,1,Good,85000
51.0,2015.0,Yes,No,Vracar,Stan,No,1.0,4,3,Poor,99600
64.6,1974.0,Yes,No,Zemun,Studio,No,0.0,2,3,Good,97200
58.2,2000.0,No,No,Zemun,Stan,No,0.0,2,1,Good,118000
27.7,2012.0,Yes,No,Zemun,Stan,Yes,0.0,2,2,Poor,40300
55.0,1994.0,No,No,Zemun,Stan,No,2.0,2,2,Good,101100
62.5,,Yes,Yes,Novi Beograd,Stan,Yes,0.0,2,2,Good,143400
49.3,1970.0,Yes,No,Vracar,Stan,Yes,0.0,4,2,Fair,103900
82.2,2000.0,No,No,Centar,Stan,No,0.0,3,2,Excellent,252400
88.0,1973.0,No,Yes,Novi Beograd,Vila,Yes,2.0,2,1,Poor,233900
63.0,1961.0,No,No,Vracar,Kuca,No,1.0,2,1,Excellent,185200
70.8,1960.0,Yes,No,Zemun,Stan,No,0.0,3,1,Good,122200
20.0,1976.0,No,Yes,Predgradje,Stan,Yes,2.0,1,2,Fair,30700
54.5,1972.0,No,No,Zemun,Studio,No,2.0,4,1,Good,100100
90.1,,No,No,Zemun,Stan,Yes,1.0,2,2,Good,155400
54.4,1987.0,No,Yes,Vracar,Stan,No,0.0,3,1,Good,139200
46.6,2004.0,No,No,Zemun,Studio,No,1.0,3,1,Good,75000
121.9,2019.0,,No,Centar,Kuca,Yes,2.0,4,3,Good,374800
110.5,1991.0,Yes,Yes,Novi Beograd,Kuca,No,0.0,2,1,Good,291400
76.7,1978.0,Yes,Yes,Novi Beograd,Stan,Yes,0.0,3,1,Excellent,208400
93.5,1983.0,No,No,Vracar,Stan,No,0.0,1,2,Fair,194000
20.0,2006.0,Yes,No,Centar,Kuca,No,1.0,4,2,Good,69800
45.3,1952.0,No,No,Centar,Stan,No,1.0,2,1,Fair,100100
53.3,1955.0,Yes,Yes,Novi Beograd,Kuca,No,0.0,2,1,Good,125300
59.1,1997.0,No,Yes,Predgradje,Kuca,No,0.0,3,3,Good,83100
52.8,2013.0,Yes,Yes,Novi Beograd,Stan,No,2.0,2,2,Fair,122500
20.0,1962.0,No,No,Vracar,Vila,Yes,2.0,1,1,Poor,41900
74.7,1985.0,Yes,No,Centar,Studio,No,2.0,2,3,Poor,135100
78.6,2019.0,No,No,Zemun,Kuca,No,2.0,2,1,Good,178300
105.0,1982.0,No,No,Novi Beograd,Stan,No,1.0,5,3,Good,235500
45.3,2006.0,,No,Novi Beograd,Stan,No,0.0,2,1,Excellent,108000
43.2,,Yes,No,Vracar,Stan,No,1.0,3,2,Good,104900
20.0,1962.0,,Yes,Centar,Stan,No,1.0,4,1,Fair,35000
57.7,2000.0,No,Yes,Centar,Vila,No,1.0,2,1,Excellent,266800
87.5,2002.0,Yes,Yes,Novi Beograd,Stan,No,,2,1,Good,192900
49.7,1985.0,Yes,Yes,Centar,Stan,No,2.0,2,1,Good,135900
118.6,1954.0,No,No,Centar,Stan,Yes,0.0,4,1,Poor,232700
58.6,1974.0,Yes,Yes,Novi Beograd,Kuca,No,0.0,4,1,Good,149000
68.7,1986.0,Yes,No,Periferia,Stan,No,1.0,2,3,Excellent,120400
30.9,1968.0,No,Yes,Zemun,Stan,No,2.0,2,1,Good,60500
72.2,1984.0,Yes,Yes,Vracar,Stan,No,2.0,4,1,Fair,158800
20.0,1983.0,,Yes,Novi Beograd,Studio,No,1.0,3,2,Good,58800
82.3,2003.0,No,Yes,Predgradje,Stan,No,0.0,3,2,Excellent,121600
83.1,1995.0,Yes,No,Novi Beograd,Vila,Yes,1.0,3,2,Fair,245100
99.0,1955.0,No,No,Centar,Studio,Yes,2.0,3,2,Good,220800
39.5,1950.0,Yes,No,Zemun,Stan,Yes,1.0,4,3,Excellent,91100
69.0,2020.0,No,No,Centar,Studio,No,1.0,4,2,Fair,147000
79.1,1983.0,Yes,Yes,Novi Beograd,Stan,No,0.0,4,2,Good,170000
76.1,2005.0,Yes,No,Vracar,Vila,Yes,0.0,4,2,,276500
43.4,1975.0,Yes,Yes,Periferia,Kuca,Yes,1.0,1,2,Good,80900
20.0,1991.0,Yes,No,Vracar,Stan,No,2.0,1,1,Good,43600
73.7,1987.0,No,No,Zemun,Stan,Yes,3.0,4,1,Fair,134400
61.2,1975.0,Yes,Yes,Predgradje,Stan,No,2.0,1,1,Good,71600
50.8,2008.0,No,No,Centar,Vila,Yes,1.0,3,1,Fair,182800
84.1,1973.0,No,No,Novi Beograd,Stan,No,1.0,4,1,Good,191700
63.9,1970.0,No,Yes,Novi Beograd,Kuca,No,,2,2,Fair,171400
32.0,2009.0,Yes,Yes,Vracar,Stan,No,0.0,2,1,Poor,66500
20.0,1969.0,Yes,Yes,Vracar,Vila,No,3.0,2,2,Excellent,95000
36.8,1955.0,No,No,Predgradje,Stan,No,1.0,1,2,Good,50800
124.8,2016.0,No,Yes,Zemun,Kuca,No,3.0,3,1,Excellent,335900
83.1,1959.0,No,No,Zemun,Stan,No,2.0,1,1,Fair,146600
69.7,1961.0,Yes,No,Novi Beograd,Kuca,No,0.0,4,1,Good,175600
60.5,1971.0,No,No,Periferia,Stan,Yes,0.0,2,3,Fair,82100
58.8,2011.0,,Yes,Predgradje,Stan,Yes,1.0,3,3,Good,80900
94.2,2010.0,Yes,No,Periferia,Stan,No,0.0,1,2,Good,132000
52.7,1966.0,No,Yes,Centar,Kuca,No,1.0,3,1,Fair,142600
79.4,1959.0,Yes,No,Zemun,Stan,No,1.0,2,1,Excellent,174600
56.3,1961.0,Yes,No,Centar,Kuca,Yes,1.0,1,2,Fair,151000
113.5,,No,No,Novi Beograd,Stan,Yes,0.0,3,1,Good,260500
83.6,1972.0,,No,Centar,Studio,No,3.0,4,1,Excellent,229200
96.1,1989.0,No,No,Zemun,Vila,No,1.0,1,1,Excellent,312700
50.4,2023.0,Yes,Yes,Zemun,Kuca,No,2.0,2,3,Excellent,145300
91.5,2023.0,Yes,No,Centar,Stan,Yes,0.0,3,1,Fair,216500
57.2,1999.0,No,Yes,Novi Beograd,Stan,No,2.0,4,3,Fair,117800
67.8,1959.0,No,No,Vracar,Stan,No,0.0,2,1,Fair,145000
105.9,1953.0,Yes,Yes,Novi Beograd,Stan,No,1.0,1,2,Good,240100
38.9,1950.0,Yes,No,Centar,Kuca,Yes,1.0,1,1,Good,104800
70.1,1992.0,No,No,Vracar,Kuca,No,2.0,2,1,Fair,165300
76.0,1954.0,Yes,No,Periferia,Vila,No,0.0,1,2,Good,155500
78.0,1983.0,Yes,No,Centar,Stan,No,0.0,2,1,Fair,175200
53.7,2015.0,Yes,No,Centar,Kuca,No,2.0,2,2,Fair,143800
117.2,1973.0,,No,Novi Beograd,Stan,No,0.0,2,3,Good,241700
32.6,1963.0,Yes,Yes,Predgradje,Kuca,Yes,0.0,1,1,,42100
101.5,1990.0,Yes,No,Zemun,Stan,No,1.0,2,1,Excellent,224700
95.4,1991.0,Yes,No,Zemun,Stan,Yes,0.0,1,2,Fair,157800
112.5,1962.0,No,No,Novi Beograd,Stan,No,0.0,2,3,Good,229100
25.3,1978.0,Yes,Yes,Zemun,Kuca,No,1.0,2,2,Poor,43200
43.3,2014.0,No,Yes,Centar,Vila,No,0.0,1,1,Fair,157700
102.3,1995.0,No,No,Zemun,Stan,No,1.0,4,2,Good,1200000
20.0,1983.0,Yes,Yes,Predgradje,Stan,No,1.0,2,1,Excellent,34600
24.8,2012.0,No,No,Zemun,Stan,No,2.0,3,1,Fair,57100
52.8,1953.0,Yes,Yes,Periferia,Kuca,No,2.0,2,2,,86900
69.8,1977.0,Yes,Yes,Zemun,Stan,Yes,0.0,2,2,Good,130900
104.8,1950.0,Yes,Yes,Centar,Studio,Yes,2.0,3,1,Fair,220900
60.4,1985.0,No,No,Predgradje,Vila,No,2.0,1,2,Excellent,129100
49.8,1962.0,No,No,Centar,Vila,Yes,1.0,1,1,Good,184100
72.8,1954.0,Yes,Yes,Vracar,Stan,No,3.0,2,2,Fair,163500
76.7,1963.0,Yes,Yes,Centar,Studio,No,0.0,2,3,Good,164600
76.0,1981.0,No,No,Centar,Kuca,Yes,2.0,2,1,Good,216700
60.6,1999.0,Yes,No,Vracar,Stan,No,1.0,3,1,Fair,143100
20.0,1976.0,Yes,No,Novi Beograd,Kuca,No,0.0,1,2,Good,61800
42.1,1984.0,No,No,Vracar,Studio,No,1.0,5,2,,68300
100.5,1952.0,No,No,Zemun,Stan,Yes,1.0,2,2,Good,177300
69.7,1953.0,Yes,No,Centar,Stan,No,0.0,2,3,Fair,165000
56.9,1956.0,Yes,No,Centar,Stan,No,0.0,4,1,Excellent,181300
93.0,1952.0,No,No,Zemun,Kuca,No,1.0,1,2,Good,180800
36.7,2008.0,Yes,Yes,Novi Beograd,Stan,No,1.0,5,2,Fair,90100
59.4,2023.0,No,Yes,Zemun,Vila,Yes,1.0,1,1,Excellent,222100
68.4,1950.0,No,No,Zemun,Kuca,No,1.0,1,2,Poor,115700
54.0,1977.0,No,No,Periferia,Kuca,No,0.0,2,2,Good,74400
67.5,2008.0,Yes,Yes,Zemun,Stan,Yes,1.0,2,2,Good,127500
60.3,2002.0,Yes,No,Vracar,Kuca,Yes,2.0,3,2,Fair,164000
30.0,1959.0,Yes,No,Zemun,Stan,Yes,,1,1,Excellent,75300
69.5,2020.0,No,No,Novi Beograd,Stan,No,1.0,1,2,Good,161300
31.8,1952.0,No,Yes,Novi Beograd,Kuca,Yes,,1,2,Poor,72800
69.1,1956.0,Yes,No,Periferia,Stan,No,2.0,2,2,Good,98400
99.4,,No,Yes,Vracar,Kuca,No,0.0,4,1,Good,266200
58.0,2018.0,No,No,Periferia,Stan,No,1.0,2,2,,95500
35.7,1962.0,Yes,Yes,Periferia,Stan,No,0.0,3,1,Fair,54000
61.8,1989.0,Yes,No,Periferia,Stan,No,1.0,2,3,Good,84000
44.2,2011.0,Yes,Yes,Predgradje,Vila,Yes,2.0,1,2,Good,76800
79.9,2011.0,Yes,Yes,Vracar,Kuca,No,0.0,3,2,Good,228700
61.3,1959.0,No,Yes,Novi Beograd,Kuca,Yes,,4,1,Good,165800
107.7,1960.0,No,Yes,Zemun,Stan,No,1.0,4,2,Fair,195800
94.1,2011.0,Yes,No,Novi Beograd,Stan,No,1.0,3,1,Good,212600
61.2,2005.0,Yes,Yes,Zemun,Vila,No,0.0,2,3,Good,165800
82.9,1998.0,Yes,No,Zemun,Stan,No,0.0,1,2,Excellent,191400
55.2,1965.0,No,No,Zemun,Stan,Yes,,3,1,Fair,92200
65.8,2022.0,No,No,Novi Beograd,Kuca,No,2.0,2,2,Good,171900
56.0,2023.0,No,Yes,Centar,Stan,No,2.0,4,2,Excellent,177900
84.2,1958.0,No,No,Vracar,Studio,Yes,1.0,3,2,Good,174700
100.8,1982.0,Yes,Yes,Centar,Kuca,No,0.0,4,2,Excellent,361500
85.0,1984.0,No,No,Periferia,Stan,Yes,0.0,3,3,,143800
88.0,1988.0,No,Yes,Novi Beograd,Stan,No,2.0,3,1,Good,207700
88.1,1974.0,Yes,No,Centar,Stan,No,0.0,2,1,Good,230000
78.8,2005.0,No,No,Centar,Studio,Yes,1.0,3,2,Fair,164600
36.5,1997.0,,No,Zemun,Kuca,No,1.0,1,2,Good,84800
107.5,1959.0,No,Yes,Zemun,Stan,No,,3,1,Fair,180200
110.1,1990.0,No,Yes,Novi Beograd,Stan,No,1.0,3,1,Good,259100
59.2,2008.0,No,No,Centar,Kuca,No,2.0,3,2,Good,173400
55.7,1977.0,No,No,Vracar,Kuca,No,2.0,3,2,Good,145700
80.3,1990.0,Yes,No,Novi Beograd,Stan,No,2.0,3,1,Fair,155000
78.8,2015.0,No,Yes,Zemun,Stan,Yes,1.0,1,2,,188000
60.0,2000.0,Yes,No,Zemun,Stan,No,0.0,4,1,Poor,86500
33.7,2011.0,No,No,Novi Beograd,Kuca,No,3.0,1,1,Poor,62000
72.6,1979.0,Yes,Yes,Novi Beograd,Vila,No,0.0,4,1,Fair,218400
78.8,1989.0,No,Yes,Predgradje,Stan,Yes,1.0,2,3,Excellent,131600
83.1,1989.0,Yes,No,Vracar,Kuca,No,0.0,4,2,Excellent,277500
73.7,2018.0,Yes,No,Zemun,Stan,No,1.0,2,1,Good,153100
58.2,2011.0,Yes,No,Centar,Stan,No,0.0,3,1,Excellent,172100
89.9,1964.0,No,No,Vracar,Stan,No,2.0,2,2,Fair,192700
66.6,1952.0,Yes,Yes,Centar,Studio,No,3.0,3,2,Excellent,186500
53.4,1973.0,Yes,No,Vracar,Stan,No,1.0,2,3,Fair,121800
60.5,1990.0,Yes,No,Predgradje,Kuca,No,0.0,3,2,Fair,70000
21.4,2012.0,Yes,No,Novi Beograd,Stan,No,1.0,2,1,Fair,57200
60.4,1997.0,,No,Centar,Stan,No,1.0,3,2,Good,164100
82.2,2010.0,No,No,Centar,Stan,Yes,3.0,2,1,Good,221200
73.5,1997.0,Yes,No,Novi Beograd,Kuca,No,0.0,2,3,Good,184100
103.0,1996.0,No,Yes,Centar,Stan,Yes,0.0,4,1,Excellent,311400
58.4,2005.0,Yes,No,Centar,Kuca,No,1.0,4,1,Good,163600
77.2,1957.0,Yes,No,Periferia,Stan,No,2.0,3,1,Fair,91900
84.8,1967.0,No,Yes,Vracar,Stan,No,1.0,4,1,Good,203100
123.6,1972.0,Yes,No,Novi Beograd,Stan,No,0.0,2,1,Good,260800
68.6,2018.0,Yes,Yes,Predgradje,Stan,No,0.0,2,1,Excellent,102800
38.9,2014.0,Yes,Yes,Centar,Stan,No,0.0,2,1,Good,115100
86.2,1995.0,Yes,No,Predgradje,Stan,No,0.0,2,1,Good,85700
111.6,2015.0,No,No,Novi Beograd,Kuca,Yes,2.0,2,3,Fair,267500
56.9,2018.0,No,Yes,Periferia,Kuca,No,0.0,3,2,Good,98700
86.0,1971.0,,No,Zemun,Stan,No,1.0,2,3,Excellent,172500
95.7,2014.0,Yes,No,Periferia,Stan,No,1.0,2,1,Poor,112200
90.4,1961.0,Yes,Yes,Predgradje,Stan,Yes,0.0,3,1,Excellent,117700
68.1,1968.0,Yes,Yes,Novi Beograd,Stan,Yes,2.0,2,2,Good,181300
47.5,1971.0,No,No,Predgradje,Stan,No,1.0,2,1,Fair,54100
63.0,2004.0,No,No,Novi Beograd,Studio,No,0.0,1,1,Excellent,137200
76.5,2011.0,Yes,No,Novi Beograd,Stan,No,2.0,5,3,Good,181800
87.7,2000.0,No,No,Novi Beograd,Stan,Yes,1.0,2,2,Fair,167300
73.3,1997.0,Yes,Yes,Vracar,Stan,Yes,1.0,4,1,Fair,185900
55.5,1966.0,No,Yes,Centar,Stan,Yes,2.0,3,2,Fair,130900
78.9,1962.0,Yes,Yes,Zemun,Kuca,Yes,2.0,2,1,Excellent,208000
86.5,1977.0,No,No,Vracar,Stan,No,1.0,2,2,Good,197700
74.5,2016.0,Yes,No,Periferia,Stan,No,0.0,3,1,Excellent,131700
44.1,1954.0,No,No,Periferia,Kuca,No,0.0,5,1,Fair,59500
60.5,2009.0,Yes,Yes,Vracar,Stan,Yes,2.0,2,1,Fair,141200
88.7,1964.0,Yes,Yes,Novi Beograd,Kuca,Yes,2.0,1,2,Poor,180500
30.4,1993.0,Yes,Yes,Novi Beograd,Kuca,Yes,0.0,2,1,Good,98900
20.0,,No,Yes,Centar,Stan,No,0.0,2,2,Excellent,66500
102.7,1978.0,No,No,Centar,Kuca,No,2.0,4,1,Good,285200
77.8,2017.0,Yes,No,Novi Beograd,Stan,No,,2,1,Fair,162700
80.2,1998.0,No,No,Novi Beograd,Kuca,No,0.0,1,1,Excellent,225800
38.1,1992.0,No,No,Predgradje,Stan,No,0.0,4,1,Good,32400
83.4,2017.0,Yes,Yes,Zemun,Stan,No,0.0,2,2,Poor,112800
71.9,1969.0,Yes,Yes,Novi Beograd,Kuca,No,3.0,3,3,Excellent,234700
25.4,1967.0,No,Yes,Zemun,Studio,No,3.0,3,1,,32800
100.6,2013.0,No,Yes,Centar,Vila,No,0.0,1,1,Fair,356000
69.0,1998.0,Yes,No,Vracar,Kuca,Yes,3.0,1,2,Fair,187700
55.1,1991.0,Yes,Yes,Zemun,Stan,No,0.0,1,2,Good,98800
55.6,1961.0,,No,Vracar,Stan,No,2.0,5,1,Good,141000
20.0,1985.0,No,No,Vracar,Stan,No,0.0,3,1,Fair,51200
79.8,1957.0,Yes,Yes,Predgradje,Stan,Yes,2.0,1,1,Fair,82400
71.5,1977.0,No,No,Periferia,Stan,No,1.0,3,1,Good,107300
60.1,2009.0,Yes,No,Zemun,Vila,No,0.0,3,1,Excellent,202300
97.0,1998.0,Yes,Yes,Zemun,Stan,Yes,2.0,1,2,Good,185700
30.4,1987.0,Yes,No,Zemun,Stan,No,0.0,2,1,Fair,57300
50.1,2007.0,No,Yes,Novi Beograd,Stan,No,,3,1,Fair,107000
43.7,1954.0,Yes,No,Novi Beograd,Studio,Yes,0.0,2,2,,84800
58.0,1995.0,No,Yes,Centar,Kuca,No,0.0,4,1,Fair,149700
66.7,,Yes,No,Vracar,Kuca,No,2.0,3,1,Good,192500
75.8,1974.0,No,No,Vracar,Stan,No,1.0,1,2,Good,177600
56.3,1950.0,Yes,No,Novi Beograd,Studio,No,1.0,4,2,Good,111500
43.1,2018.0,No,Yes,Predgradje,Stan,No,0.0,1,2,Good,51000
107.2,1989.0,No,Yes,Predgradje,Studio,No,1.0,4,1,Fair,101000
125.3,2017.0,Yes,No,Zemun,Kuca,No,1.0,2,1,Fair,221600
68.6,2018.0,,Yes,Vracar,Stan,No,1.0,3,3,Good,179400
46.1,2018.0,No,No,Periferia,Stan,Yes,1.0,3,1,Fair,56600
101.9,1965.0,Yes,No,Centar,Kuca,No,1.0,2,2,Fair,273400
28.8,2003.0,No,No,Periferia,Stan,Yes,3.0,2,1,Good,47000
56.6,2012.0,Yes,No,Centar,Studio,No,1.0,3,1,Fair,114000
47.6,1967.0,No,No,Periferia,Stan,No,0.0,3,2,Poor,36800
36.0,1966.0,No,No,Novi Beograd,Stan,No,0.0,2,2,Excellent,91100
58.0,1953.0,,No,Periferia,Stan,No,1.0,5,3,,92500
43.4,1958.0,No,Yes,Predgradje,Stan,Yes,0.0,3,1,Fair,46400
65.3,1980.0,Yes,No,Centar,Stan,Yes,1.0,2,2,Poor,128700
65.7,1954.0,Yes,No,Vracar,Stan,No,2.0,3,1,Good,148500
49.5,1965.0,Yes,No,Predgradje,Kuca,Yes,2.0,2,2,,60400
55.7,1991.0,No,No,Vracar,Stan,Yes,1.0,4,1,Good,134200
59.2,1990.0,Yes,Yes,Periferia,Vila,No,1.0,2,1,,107100
85.2,1979.0,No,No,Zemun,Kuca,No,1.0,2,1,Fair,167600
61.3,1975.0,No,No,Novi Beograd,Studio,No,1.0,1,1,Good,99600
85.6,1998.0,,Yes,Novi Beograd,Stan,Yes,2.0,5,2,Excellent,246000
79.6,1980.0,No,Yes,Novi Beograd,Stan,No,1.0,2,1,Fair,157400
79.3,1999.0,Yes,Yes,Periferia,Stan,No,0.0,2,2,Fair,98600
99.7,1964.0,,No,Novi Beograd,Kuca,Yes,1.0,2,1,Fair,225600
37.0,2001.0,Yes,No,Vracar,Studio,No,1.0,2,1,,65000
53.2,1987.0,No,No,Vracar,Stan,Yes,,2,1,Excellent,130500
109.1,1987.0,No,No,Zemun,Stan,No,0.0,3,3,Good,206400
58.6,2009.0,No,No,Periferia,Studio,No,2.0,1,2,Good,79200
20.0,,Yes,No,Predgradje,Stan,No,1.0,3,1,Good,24100
59.9,1993.0,Yes,Yes,Vracar,Kuca,No,2.0,2,1,Excellent,198800
68.4,2012.0,Yes,Yes,Periferia,Kuca,No,0.0,3,1,Excellent,143000
20.0,1999.0,Yes,No,Periferia,Studio,No,0.0,2,2,Poor,16200
98.3,1971.0,Yes,Yes,Zemun,Stan,No,0.0,3,2,Fair,176000
47.2,2021.0,No,Yes,Predgradje,Stan,No,1.0,1,1,Good,67700
73.2,2003.0,No,Yes,Novi Beograd,Kuca,No,1.0,2,1,Good,190300
59.4,1958.0,Yes,Yes,Centar,Vila,Yes,2.0,2,2,Excellent,275100
32.8,1964.0,Yes,No,Periferia,Stan,No,1.0,2,1,Good,48700
38.2,1997.0,No,No,Vracar,Stan,No,3.0,2,2,Excellent,122100
41.6,1969.0,No,No,Periferia,Kuca,No,0.0,3,1,Fair,52700
92.1,1984.0,Yes,No,Periferia,Vila,No,0.0,3,2,Excellent,230600
61.3,2016.0,Yes,No,Centar,Studio,No,0.0,2,1,Fair,120100
52.0,2009.0,No,No,Periferia,Vila,No,1.0,2,2,Excellent,5000
41.6,1983.0,No,Yes,Vracar,Stan,No,0.0,3,2,Fair,79700
94.9,,Yes,No,Vracar,Stan,Yes,1.0,5,1,Good,241000
101.6,2003.0,No,Yes,Zemun,Kuca,Yes,0.0,2,1,Good,232300
94.6,1961.0,No,No,Predgradje,Studio,No,0.0,1,1,Good,72200
77.3,1968.0,Yes,No,Centar,Stan,Yes,1.0,2,3,Good,195500
72.2,1975.0,No,Yes,Vracar,Stan,Yes,,2,3,Excellent,215300
34.6,1972.0,Yes,No,Zemun,Studio,Yes,2.0,2,2,Good,62400
58.9,1982.0,No,Yes,Zemun,Stan,No,2.0,4,1,Good,119000
47.9,2006.0,No,Yes,Zemun,Stan,No,0.0,2,1,Poor,75100
20.0,1979.0,Yes,No,Centar,Kuca,Yes,2.0,2,3,Excellent,80700
91.4,1972.0,No,No,Novi Beograd,Kuca,No,1.0,5,3,Good,233300
47.6,2023.0,No,No,Novi Beograd,Kuca,No,1.0,1,1,Good,114100
94.9,1985.0,No,No,Periferia,Stan,No,0.0,1,2,Poor,90400
87.0,1992.0,Yes,Yes,Novi Beograd,Kuca,No,1.0,2,2,Good,236900
78.9,2015.0,Yes,Yes,Novi Beograd,Kuca,No,0.0,1,1,Poor,159900
80.3,2002.0,No,No,Predgradje,Kuca,No,0.0,3,1,Poor,79200
49.6,2009.0,No,No,Centar,Kuca,Yes,0.0,2,2,Good,143500
111.4,1986.0,No,No,Predgradje,Stan,No,1.0,3,1,Fair,104100
66.1,2010.0,Yes,Yes,Zemun,Stan,No,1.0,3,1,Fair,112400
72.5,2002.0,Yes,No,Periferia,Stan,No,2.0,2,1,Good,91900
48.8,1961.0,Yes,No,Novi Beograd,Stan,No,1.0,3,3,Poor,80500
41.7,1984.0,No,No,Centar,Kuca,No,3.0,3,2,Fair,113600
76.9,2016.0,No,No,Zemun,Studio,No,2.0,4,2,Fair,119200
70.4,1987.0,,No,Periferia,Kuca,No,0.0,1,2,,115500
45.3,1973.0,,Yes,Zemun,Studio,No,1.0,2,3,Good,73100
29.0,1989.0,Yes,No,Centar,Stan,No,1.0,4,1,Good,90300
33.3,2014.0,No,Yes,Periferia,Stan,Yes,1.0,2,1,Fair,58600
94.9,2006.0,No,No,Periferia,Stan,No,1.0,1,1,Poor,109800
49.7,2021.0,No,No,Zemun,Stan,No,1.0,3,3,Poor,67500
56.5,1994.0,Yes,No,Periferia,Stan,Yes,0.0,2,1,Good,92200
101.3,2021.0,Yes,Yes,Periferia,Kuca,No,1.0,2,2,Excellent,198400
36.9,1962.0,Yes,Yes,Zemun,Vila,Yes,0.0,4,1,Fair,93000
46.8,1955.0,No,No,Centar,Stan,No,0.0,3,1,Fair,100800
45.8,2020.0,Yes,Yes,Vracar,Stan,No,1.0,3,1,Fair,105100
105.5,1996.0,No,No,Centar,Studio,Yes,1.0,2,1,Good,235700
114.8,1993.0,No,Yes,Vracar,Stan,Yes,0.0,3,1,Good,285200
83.8,,Yes,No,Vracar,Studio,No,1.0,3,2,Good,176200
84.6,1952.0,Yes,Yes,Centar,Kuca,No,1.0,2,2,Excellent,298500
50.5,2003.0,No,No,Novi Beograd,Vila,No,0.0,2,3,Good,175900
113.7,1987.0,Yes,No,Centar,Stan,No,1.0,3,1,Fair,266700
71.7,1953.0,Yes,No,Periferia,Kuca,Yes,0.0,2,2,Fair,100400
86.3,1966.0,No,Yes,Predgradje,Stan,Yes,2.0,2,3,Good,103500
62.4,1986.0,No,No,Centar,Kuca,No,0.0,2,1,Good,172100
58.3,1985.0,No,No,Predgradje,Stan,No,1.0,2,2,Good,56900
106.6,2007.0,Yes,Yes,Vracar,Stan,No,2.0,2,2,Good,261300
78.5,1990.0,No,No,Novi Beograd,Kuca,No,2.0,4,1,Good,193500
101.3,1957.0,Yes,No,Centar,Kuca,Yes,2.0,2,1,Excellent,349000
71.4,2016.0,Yes,Yes,Vracar,Studio,No,0.0,2,1,Good,145500
43.8,1979.0,Yes,No,Periferia,Kuca,Yes,0.0,2,2,Good,81800
50.4,2001.0,Yes,No,Zemun,Kuca,Yes,1.0,2,1,Fair,97500
67.6,1974.0,No,Yes,Centar,Stan,Yes,1.0,1,1,,183500
49.3,,No,Yes,Centar,Kuca,Yes,2.0,1,2,,180400
37.3,2008.0,No,No,Vracar,Kuca,Yes,0.0,2,1,Good,107500
95.0,1979.0,No,No,Novi Beograd,Studio,No,,2,1,Good,167700
51.4,2016.0,Yes,No,Novi Beograd,Vila,No,1.0,2,1,Good,176400
68.5,,Yes,No,Novi Beograd,Stan,Yes,2.0,5,3,Poor,141000
72.4,2006.0,,Yes,Periferia,Studio,No,0.0,2,1,Good,83800
50.3,2012.0,No,Yes,Predgradje,Stan,No,2.0,3,1,,60200
101.3,1981.0,No,No,Vracar,Stan,Yes,1.0,2,1,Excellent,279000
37.1,2000.0,,No,Predgradje,Kuca,No,2.0,2,1,Excellent,72500
71.5,2012.0,No,Yes,Novi Beograd,Stan,Yes,1.0,3,2,Fair,165300
71.2,1950.0,Yes,No,Vracar,Kuca,Yes,2.0,1,2,Fair,169400
63.6,1968.0,Yes,No,Novi Beograd,Stan,No,,1,2,Good,134200
32.6,1984.0,Yes,No,Zemun,Stan,Yes,2.0,1,1,Fair,64700
86.8,2012.0,,Yes,Predgradje,Kuca,No,1.0,2,1,Poor,94100
83.6,1975.0,Yes,Yes,Zemun,Kuca,Yes,1.0,3,1,Good,178300
48.1,1962.0,,No,Novi Beograd,Vila,No,0.0,3,1,Good,147300
82.7,1972.0,No,No,Zemun,Kuca,No,1.0,2,2,Fair,143900
74.4,1984.0,No,Yes,Centar,Kuca,Yes,0.0,2,1,Excellent,273900
33.0,1961.0,No,No,Periferia,Stan,No,0.0,4,1,Excellent,56300
43.7,1958.0,No,Yes,Vracar,Stan,No,0.0,2,1,Good,114700
93.5,2016.0,No,Yes,Vracar,Stan,No,0.0,3,1,Excellent,263800
72.7,1993.0,Yes,Yes,Zemun,Kuca,No,1.0,4,2,Fair,151700
50.9,2010.0,Yes,Yes,Zemun,Kuca,No,0.0,2,1,Fair,105800
43.5,1970.0,,No,Centar,Stan,No,0.0,1,2,Fair,97000
52.1,1956.0,No,No,Zemun,Kuca,Yes,0.0,5,2,Good,116000
53.9,1960.0,Yes,Yes,Novi Beograd,Kuca,Yes,1.0,2,1,Excellent,195100
43.9,1994.0,No,No,Zemun,Stan,Yes,1.0,2,3,Good,112300
21.5,1981.0,Yes,No,Periferia,Stan,No,1.0,2,1,Excellent,40800
93.5,1985.0,Yes,Yes,Periferia,Studio,No,1.0,2,1,Good,128900
89.3,1986.0,Yes,No,Zemun,Kuca,Yes,1.0,5,2,Good,191300
33.2,1990.0,Yes,No,Vracar,Studio,Yes,2.0,1,1,Good,74600
68.4,1998.0,Yes,No,Centar,Stan,Yes,0.0,2,1,Poor,130000
42.4,1964.0,No,No,Periferia,Vila,Yes,2.0,3,3,Poor,73900
58.5,1962.0,Yes,Yes,Novi Beograd,Stan,No,0.0,2,2,Good,134300
56.4,2002.0,Yes,Yes,Vracar,Stan,Yes,1.0,3,1,Good,167100
54.3,1982.0,,No,Novi Beograd,Vila,Yes,1.0,5,2,Good,181200
115.1,2021.0,No,No,Centar,Stan,No,0.0,4,2,Good,308200
54.0,1981.0,No,Yes,Zemun,Kuca,No,1.0,2,1,Fair,102300
44.8,1997.0,Yes,Yes,Centar,Stan,No,2.0,3,2,Good,123900
45.9,2017.0,Yes,No,Zemun,Kuca,No,1.0,1,2,Good,101100
91.1,2006.0,Yes,No,Novi Beograd,Vila,Yes,1.0,2,3,Good,323800
23.7,2011.0,No,Yes,Centar,Stan,No,0.0,2,2,Excellent,64000
45.9,1951.0,Yes,Yes,Vracar,Kuca,Yes,2.0,3,1,Good,138700
101.2,1965.0,Yes,No,Centar,Stan,No,2.0,2,2,Good,268200
71.1,1957.0,Yes,No,Novi Beograd,Kuca,No,1.0,3,1,Excellent,205100
69.8,1968.0,Yes,No,Zemun,Stan,No,2.0,2,2,Excellent,159600
118.3,1981.0,No,Yes,Centar,Stan,No,0.0,4,1,Excellent,357500
71.2,2016.0,Yes,No,Periferia,Stan,No,1.0,2,2,Fair,111500
47.3,1981.0,Yes,No,Centar,Stan,Yes,1.0,4,1,Poor,89100
57.9,1974.0,No,No,Novi Beograd,Vila,No,1.0,3,3,Fair,176000
36.6,2002.0,No,No,Zemun,Stan,No,0.0,5,1,Fair,61000
96.4,1974.0,Yes,No,Novi Beograd,Stan,Yes,3.0,3,1,Excellent,261300
79.4,1982.0,No,Yes,Centar,Stan,No,2.0,3,2,Good,208000
93.1,1980.0,No,Yes,Novi Beograd,Stan,No,2.0,2,1,Poor,167100
95.3,1985.0,Yes,Yes,Novi Beograd,Kuca,Yes,0.0,3,1,Fair,226300
54.6,1998.0,No,Yes,Periferia,Vila,No,0.0,2,3,Fair,95400
41.4,1993.0,Yes,No,Novi Beograd,Stan,No,1.0,1,2,Good,96800
63.7,1997.0,Yes,No,Periferia,Studio,Yes,2.0,3,2,Good,89800
43.2,1979.0,Yes,No,Periferia,Kuca,No,2.0,2,1,Excellent,94100
69.1,1962.0,No,No,Vracar,Stan,No,0.0,2,2,Excellent,192500
93.3,1992.0,No,No,Predgradje,Kuca,No,1.0,2,1,Fair,93900
60.8,1965.0,Yes,Yes,Novi Beograd,Kuca,No,1.0,2,1,Fair,151100
68.7,1975.0,Yes,No,Predgradje,Kuca,No,0.0,1,2,Fair,85200
62.7,1996.0,No,No,Centar,Studio,Yes,1.0,2,2,Good,145900
85.1,1986.0,No,Yes,Zemun,Stan,Yes,0.0,1,2,Excellent,193000
48.3,1952.0,No,No,Vracar,Vila,Yes,1.0,3,2,Good,174800
20.0,1975.0,Yes,No,Novi Beograd,Studio,No,2.0,1,2,Good,50200
76.8,1964.0,,No,Zemun,Stan,No,2.0,4,2,Good,153200
89.7,2015.0,Yes,No,Zemun,Kuca,No,1.0,5,1,Poor,156300
76.2,1977.0,No,No,Centar,Stan,No,0.0,2,1,Poor,146200
49.0,1987.0,Yes,Yes,Centar,Vila,Yes,1.0,2,1,Good,199900
36.6,1993.0,Yes,No,Zemun,Kuca,No,2.0,1,1,Good,101000
77.4,2002.0,Yes,No,Zemun,Stan,No,1.0,4,3,,120400
68.5,1953.0,No,No,Predgradje,Stan,No,1.0,3,1,Good,66200
61.9,2021.0,No,No,Periferia,Kuca,No,2.0,3,2,Excellent,120100
110.6,1993.0,No,No,Predgradje,Stan,No,2.0,4,2,Good,144700
41.3,1995.0,Yes,No,Zemun,Stan,No,2.0,4,2,Good,84400
109.4,1975.0,No,No,Novi Beograd,Stan,No,2.0,4,2,Good,226100
65.8,1962.0,Yes,No,Centar,Stan,No,1.0,3,1,Good,161200
20.0,2018.0,No,No,Periferia,Stan,Yes,2.0,4,3,Good,48700
60.5,1993.0,No,No,Zemun,Stan,No,1.0,4,3,Excellent,137900
89.0,,No,No,Centar,Stan,Yes,0.0,2,2,Fair,206900
55.9,2000.0,No,Yes,Novi Beograd,Kuca,Yes,1.0,5,3,Good,159000
28.1,1962.0,No,No,Predgradje,Kuca,Yes,1.0,3,1,Fair,43400
60.9,1990.0,No,No,Vracar,Stan,Yes,0.0,2,1,Fair,138700
43.6,1960.0,Yes,No,Vracar,Stan,No,3.0,2,2,Good,101600
77.3,1986.0,No,Yes,Vracar,Kuca,No,0.0,3,2,Excellent,257900
84.3,2009.0,,No,Novi Beograd,Stan,No,2.0,2,1,Good,201400
38.6,1981.0,No,No,Novi Beograd,Stan,Yes,0.0,4,2,,82500
47.4,1994.0,No,No,Novi Beograd,Stan,Yes,1.0,1,1,Fair,92100
83.9,1967.0,Yes,No,Centar,Studio,No,1.0,4,3,Good,176700
43.5,1969.0,Yes,No,Periferia,Studio,No,1.0,2,2,Fair,49200
37.9,1993.0,No,Yes,Vracar,Studio,No,0.0,2,1,Fair,70600
35.5,1985.0,Yes,No,Periferia,Kuca,No,3.0,4,3,Good,67100
73.8,2018.0,No,Yes,Periferia,Kuca,No,1.0,2,1,Poor,98400
72.7,1986.0,No,Yes,Novi Beograd,Stan,No,,4,1,Good,162900
47.9,1982.0,Yes,Yes,Zemun,Kuca,No,0.0,2,1,Good,115200
65.1,1968.0,Yes,No,Vracar,Stan,No,1.0,4,1,Fair,140600
103.2,2000.0,No,Yes,Periferia,Kuca,No,2.0,2,1,Good,186500
40.6,1981.0,Yes,Yes,Novi Beograd,Studio,No,0.0,1,1,Good,86900
20.0,1971.0,Yes,Yes,Zemun,Kuca,No,,4,3,Good,49800
76.4,1950.0,Yes,No,Zemun,Stan,Yes,1.0,2,1,Good,129700
62.2,2003.0,Yes,No,Novi Beograd,Stan,No,2.0,4,1,Fair,138100
47.2,1969.0,Yes,No,Centar,Kuca,No,1.0,4,2,Excellent,173200
81.3,2007.0,No,No,Zemun,Kuca,Yes,1.0,1,2,Good,170100
86.0,1984.0,Yes,Yes,Zemun,Studio,No,1.0,2,3,,119800
20.0,2019.0,Yes,Yes,Novi Beograd,Stan,No,2.0,1,2,Fair,54500
48.7,2019.0,No,Yes,Zemun,Studio,No,0.0,2,2,,67000
122.9,2010.0,No,No,Novi Beograd,Kuca,No,0.0,2,1,Poor,232100
79.6,2012.0,Yes,No,Zemun,Studio,No,0.0,3,1,Good,128500
81.9,2010.0,No,Yes,Centar,Kuca,No,0.0,5,1,Poor,199000
94.3,2006.0,No,No,Periferia,Kuca,No,0.0,2,1,Fair,128000
65.4,1952.0,No,No,Novi Beograd,Kuca,Yes,0.0,2,1,Good,174800
84.9,1994.0,No,Yes,Novi Beograd,Kuca,No,1.0,3,2,Fair,186000
83.0,1964.0,No,Yes,Centar,Vila,No,0.0,2,1,Good,307900
78.5,1966.0,Yes,No,Centar,Stan,No,1.0,3,3,Good,192600
56.9,1964.0,No,Yes,Vracar,Stan,Yes,2.0,2,3,Fair,132600
69.3,1954.0,No,No,Novi Beograd,Vila,No,0.0,4,2,Good,225200
50.3,1995.0,No,No,Periferia,Kuca,No,1.0,3,2,Good,96800
65.3,1960.0,Yes,No,Centar,Kuca,No,0.0,2,1,Good,188400
35.8,2013.0,Yes,No,Novi Beograd,Stan,Yes,,3,1,Fair,89700
45.2,1963.0,No,Yes,Novi Beograd,Stan,Yes,,4,3,Good,100300
57.9,1988.0,Yes,Yes,Centar,Studio,No,2.0,4,1,Excellent,152400
41.4,2016.0,Yes,Yes,Centar,Kuca,No,1.0,2,1,Good,143700
52.4,2004.0,No,Yes,Vracar,Stan,No,2.0,2,1,,128900
60.9,,Yes,No,Vracar,Stan,No,,2,2,Good,152500
75.1,1954.0,,No,Vracar,Studio,No,0.0,2,1,Good,138900
88.7,2001.0,No,Yes,Vracar,Stan,No,0.0,2,3,Good,234600
53.4,1971.0,No,No,Zemun,Studio,No,1.0,3,1,Good,88400
98.4,1993.0,No,Yes,Centar,Stan,No,3.0,1,2,Good,253800
88.5,2008.0,No,Yes,Vracar,Kuca,Yes,1.0,2,3,Excellent,301300
77.6,,Yes,No,Predgradje,Vila,Yes,0.0,1,2,,117000
68.8,1970.0,No,Yes,Vracar,Kuca,No,,1,2,Good,191500
73.0,,Yes,Yes,Zemun,Stan,No,0.0,2,1,Fair,124900
94.7,,Yes,Yes,Novi Beograd,Kuca,No,1.0,3,3,Excellent,318300
95.6,1996.0,No,No,Periferia,Stan,No,0.0,5,2,,166300
98.4,1984.0,Yes,No,Periferia,Stan,No,0.0,3,1,Fair,101800
66.0,1956.0,No,Yes,Vracar,Vila,No,1.0,2,1,Good,247700
78.9,2005.0,Yes,No,Predgradje,Studio,No,1.0,4,1,,78100
98.6,2001.0,Yes,Yes,Centar,Kuca,No,0.0,1,2,Good,306100
49.4,1995.0,No,No,Centar,Stan,No,2.0,1,1,Good,129900
57.0,1958.0,No,No,Periferia,Stan,Yes,0.0,2,2,Fair,69600
65.4,2007.0,Yes,No,Periferia,Stan,No,1.0,2,2,Excellent,107200
87.5,1972.0,No,No,Centar,Kuca,No,0.0,3,1,Fair,231100
87.9,1952.0,Yes,No,Novi Beograd,Studio,No,2.0,4,3,Good,176300
59.2,2010.0,,No,Centar,Kuca,No,2.0,3,2,Good,169900
27.3,1958.0,Yes,No,Novi Beograd,Studio,No,0.0,2,1,,35700
71.2,2002.0,Yes,No,Periferia,Stan,No,0.0,2,3,Fair,82400
42.0,2017.0,Yes,No,Vracar,Stan,Yes,2.0,2,3,Fair,119700
27.8,1998.0,No,Yes,Novi Beograd,Stan,Yes,1.0,4,2,Good,84600
33.4,2019.0,No,Yes,Novi Beograd,Stan,No,1.0,2,1,,80000
73.2,1997.0,Yes,Yes,Centar,Stan,No,0.0,2,1,Fair,182600
99.0,1956.0,No,No,Novi Beograd,Vila,No,3.0,2,3,Fair,281000
66.0,1980.0,Yes,No,Zemun,Stan,No,2.0,3,2,Poor,99400
70.3,2005.0,Yes,Yes,Predgradje,Vila,No,0.0,3,2,Good,133000
94.6,2010.0,Yes,No,Periferia,Stan,Yes,1.0,2,3,Good,136800
26.4,1954.0,Yes,No,Centar,Vila,No,2.0,3,1,Poor,77800
78.0,1979.0,No,Yes,Periferia,Kuca,Yes,1.0,3,1,Good,135400
64.7,1971.0,,Yes,Periferia,Vila,No,1.0,3,3,Poor,117500
79.2,1966.0,No,No,Periferia,Stan,Yes,1.0,4,1,Excellent,120900
52.9,1959.0,No,No,Vracar,Kuca,No,0.0,4,1,Excellent,166700
44.6,2020.0,No,Yes,Novi Beograd,Vila,No,2.0,2,3,Good,152500
68.5,2017.0,No,No,Novi Beograd,Stan,Yes,1.0,3,2,Excellent,193900
106.2,1991.0,Yes,No,Centar,Stan,No,1.0,3,2,Excellent,325700
86.5,1976.0,Yes,No,Novi Beograd,Stan,No,0.0,1,2,Excellent,230000
52.3,1956.0,No,No,Novi Beograd,Vila,No,2.0,4,1,Good,160500
31.5,1972.0,Yes,No,Vracar,Kuca,No,2.0,2,2,,77700
22.9,1957.0,Yes,No,Zemun,Kuca,No,1.0,3,2,Fair,60600
97.9,1957.0,No,Yes,Vracar,Stan,No,2.0,2,1,Fair,208500
41.1,1954.0,Yes,No,Centar,Stan,No,0.0,3,2,Good,111200
56.9,2020.0,No,No,Predgradje,Studio,No,2.0,1,1,Fair,45500
98.0,1951.0,Yes,No,Predgradje,Stan,No,1.0,2,1,Fair,81900
24.7,2000.0,No,No,Periferia,Kuca,Yes,0.0,1,1,Good,52500
102.3,2015.0,No,Yes,Predgradje,Vila,Yes,0.0,2,1,Fair,167300
58.7,1961.0,Yes,Yes,Vracar,Stan,No,0.0,5,3,Good,143100
36.3,1996.0,No,No,Predgradje,Kuca,No,2.0,1,1,Excellent,70500
58.8,2004.0,No,Yes,Centar,Stan,Yes,2.0,2,1,Good,158200
46.9,1975.0,No,Yes,Novi Beograd,Kuca,No,1.0,3,1,Good,115300
76.0,1994.0,No,No,Novi Beograd,Stan,Yes,0.0,1,2,Good,167300
48.8,2011.0,No,No,Centar,Kuca,No,3.0,1,1,Good,147300
20.0,2019.0,Yes,No,Centar,Stan,Yes,0.0,1,1,Fair,44800
59.5,,Yes,Yes,Zemun,Stan,Yes,1.0,3,2,Excellent,137600
31.1,1975.0,No,Yes,Periferia,Kuca,No,2.0,4,2,Fair,56100
70.1,1963.0,Yes,No,Zemun,Stan,No,0.0,4,3,Poor,104100
35.3,2006.0,,No,Centar,Kuca,Yes,1.0,5,2,Good,139900
52.8,1981.0,Yes,No,Periferia,Stan,No,0.0,3,1,Fair,76000
69.6,2011.0,No,No,Zemun,Kuca,No,0.0,5,2,Good,900000
59.7,1979.0,No,No,Novi Beograd,Stan,No,1.0,2,2,Poor,119200
71.3,1962.0,No,Yes,Zemun,Kuca,No,0.0,2,1,Fair,132900
82.0,1989.0,No,No,Novi Beograd,Stan,No,1.0,2,1,Fair,163300
36.1,1980.0,No,Yes,Novi Beograd,Stan,Yes,0.0,1,1,Poor,57900
63.4,1986.0,No,Yes,Predgradje,Stan,Yes,1.0,4,1,Good,81200
20.0,1994.0,Yes,No,Novi Beograd,Kuca,No,0.0,1,1,Excellent,60400
71.2,2008.0,,Yes,Vracar,Stan,Yes,2.0,3,3,Good,194200
57.5,1977.0,No,No,Periferia,Studio,No,0.0,2,2,Excellent,84400
40.4,2010.0,Yes,Yes,Zemun,Studio,Yes,2.0,1,1,Fair,70000
72.9,1968.0,No,No,Centar,Stan,No,1.0,2,1,Fair,173000
94.3,1992.0,No,Yes,Centar,Kuca,Yes,1.0,2,1,Fair,252300
53.1,2008.0,No,No,Centar,Stan,No,2.0,5,1,Good,153800
41.4,1965.0,Yes,No,Zemun,Stan,No,0.0,3,2,Good,69900
69.1,2018.0,Yes,No,Vracar,Kuca,No,0.0,3,2,Good,185500
31.6,1993.0,No,No,Centar,Kuca,No,0.0,1,1,Good,87000
48.5,2015.0,Yes,No,Predgradje,Kuca,No,1.0,2,1,Good,66400
95.6,1959.0,No,No,Vracar,Stan,No,3.0,1,2,Good,217100
66.6,1996.0,No,No,Novi Beograd,Stan,No,0.0,3,1,Excellent,170900
20.0,1968.0,No,No,Vracar,Stan,No,2.0,2,1,Fair,38400
20.1,2000.0,No,No,Zemun,Kuca,No,1.0,3,1,Good,46000
69.1,1962.0,Yes,Yes,Centar,Kuca,Yes,0.0,3,1,Good,212800
86.6,2012.0,No,No,Novi Beograd,Kuca,Yes,,2,2,Good,226700
24.6,1965.0,Yes,No,Periferia,Stan,No,3.0,3,2,Fair,30600
76.2,2002.0,,No,Vracar,Stan,No,2.0,3,1,Good,185600
98.3,1984.0,No,Yes,Vracar,Stan,Yes,1.0,2,1,Good,247500
112.2,2008.0,No,No,Vracar,Stan,Yes,0.0,3,2,Good,265300
73.3,1988.0,No,Yes,Centar,Stan,Yes,,3,1,Fair,170200
77.7,2016.0,Yes,No,Centar,Studio,No,1.0,2,1,Excellent,195700
20.0,2022.0,No,No,Vracar,Studio,Yes,1.0,2,3,Good,46500
117.5,,Yes,No,Novi Beograd,Kuca,Yes,1.0,2,2,Good,310900
50.6,1999.0,No,No,Centar,Stan,No,2.0,4,2,Good,130900
41.7,2002.0,No,Yes,Periferia,Stan,No,0.0,2,2,Excellent,74000
58.6,1995.0,Yes,No,Predgradje,Studio,No,1.0,1,1,Fair,48100
102.8,2001.0,Yes,Yes,Periferia,Stan,No,3.0,1,2,Fair,136100
120.2,1978.0,Yes,No,Periferia,Vila,No,0.0,2,1,Good,254000
68.1,1954.0,No,No,Novi Beograd,Stan,No,0.0,1,1,Good,137900
90.0,2016.0,No,Yes,Predgradje,Stan,Yes,0.0,2,1,Poor,74700
66.1,2023.0,No,No,Centar,Vila,No,0.0,2,1,Excellent,291500
39.1,1989.0,No,No,Predgradje,Stan,No,1.0,4,1,Good,38000
101.9,2021.0,No,Yes,Predgradje,Kuca,Yes,0.0,4,1,Good,132700
49.4,1951.0,No,No,Zemun,Kuca,Yes,0.0,2,1,Fair,96000
103.4,2017.0,No,No,Predgradje,Stan,Yes,1.0,4,1,Fair,111300
97.5,2011.0,Yes,Yes,Zemun,Stan,Yes,0.0,2,1,Good,190100
80.4,2007.0,No,Yes,Novi Beograd,Kuca,Yes,0.0,3,1,Excellent,249600
110.7,2018.0,No,No,Vracar,Kuca,Yes,2.0,2,1,Good,308400
120.8,2007.0,Yes,No,Zemun,Stan,Yes,1.0,1,1,Excellent,277900
60.6,1984.0,No,Yes,Centar,Vila,No,0.0,2,1,Excellent,286000
44.8,1963.0,No,Yes,Zemun,Stan,Yes,2.0,2,1,Good,103800
20.0,1964.0,Yes,No,Predgradje,Stan,No,,3,2,Good,15100
121.1,1955.0,Yes,No,Centar,Stan,No,0.0,2,1,Good,298700
54.0,1965.0,No,Yes,Periferia,Stan,No,2.0,1,1,Good,78100
93.4,1995.0,No,No,Predgradje,Stan,No,0.0,4,3,Poor,92900
46.5,2012.0,No,No,Predgradje,Vila,No,2.0,3,2,Good,79500
103.5,1961.0,No,No,Predgradje,Stan,No,2.0,2,2,Poor,92000
47.5,1990.0,Yes,No,Vracar,Stan,Yes,0.0,1,2,Excellent,133900
35.2,1968.0,Yes,No,Predgradje,Stan,No,0.0,4,1,Excellent,55000
59.8,1951.0,Yes,Yes,Periferia,Kuca,No,0.0,1,2,Fair,84900
51.7,1969.0,No,Yes,Centar,Studio,Yes,0.0,3,2,Fair,98600
79.9,1958.0,No,No,Vracar,Stan,No,2.0,3,1,Good,186600
63.7,1970.0,Yes,No,Zemun,Stan,No,1.0,2,2,Good,122000
80.7,1957.0,No,No,Novi Beograd,Stan,No,0.0,4,2,Fair,131800
57.7,1988.0,,Yes,Zemun,Stan,No,1.0,1,1,Good,115700
48.4,1986.0,Yes,No,Zemun,Stan,Yes,0.0,4,1,Fair,75000
50.4,1978.0,No,No,Centar,Stan,Yes,0.0,3,1,Poor,96100
116.1,1984.0,No,No,Zemun,Stan,Yes,0.0,3,1,Poor,159400
70.6,1987.0,Yes,No,Periferia,Kuca,No,2.0,5,1,Fair,87800
20.0,,No,Yes,Vracar,Stan,No,0.0,3,1,Good,46400
52.0,2017.0,Yes,No,Centar,Vila,No,1.0,3,1,Excellent,249200
67.4,1952.0,Yes,No,Centar,Vila,No,0.0,2,3,Good,267900
111.1,1961.0,Yes,No,Novi Beograd,Kuca,Yes,1.0,4,2,Good,290600
90.7,1981.0,No,Yes,Predgradje,Stan,Yes,0.0,3,2,Fair,104500
42.0,1996.0,Yes,No,Novi Beograd,Stan,No,0.0,5,1,,80800
125.5,2012.0,No,Yes,Zemun,Stan,No,1.0,4,1,Fair,213600
64.2,1975.0,No,Yes,Novi Beograd,Kuca,No,1.0,2,2,Good,179200
96.2,1992.0,No,Yes,Novi Beograd,Stan,Yes,0.0,2,1,Excellent,265500
36.1,1993.0,No,Yes,Periferia,Studio,No,2.0,4,1,Fair,45500
20.0,1987.0,Yes,No,Zemun,Vila,No,1.0,3,2,Good,61400
29.8,1978.0,No,No,Centar,Stan,Yes,1.0,2,1,Poor,67800
20.0,2004.0,Yes,No,Vracar,Kuca,No,1.0,1,1,Good,66500
117.8,2001.0,No,Yes,Centar,Stan,No,2.0,2,3,Fair,278700
70.4,1968.0,No,Yes,Vracar,Stan,No,1.0,3,1,Good,167400
41.9,1984.0,No,No,Zemun,Stan,No,0.0,3,2,Fair,71900
76.3,1997.0,Yes,Yes,Centar,Stan,No,2.0,2,3,Good,215000
69.7,2009.0,No,Yes,Novi Beograd,Studio,Yes,2.0,1,1,Good,139100
80.5,1980.0,Yes,Yes,Novi Beograd,Stan,No,3.0,3,3,Fair,158100
95.2,1952.0,Yes,No,Predgradje,Stan,Yes,,4,1,Good,105400
57.8,1984.0,Yes,No,Predgradje,Kuca,No,1.0,2,3,Excellent,81500
43.0,2001.0,Yes,Yes,Centar,Kuca,No,1.0,4,1,Good,154100
85.7,2020.0,No,No,Periferia,Stan,Yes,1.0,2,3,Fair,108400
85.1,2000.0,No,No,Novi Beograd,Studio,No,3.0,4,2,Fair,151600
67.5,2005.0,Yes,No,Novi Beograd,Kuca,Yes,1.0,3,2,Excellent,208700
119.4,1970.0,No,Yes,Periferia,Stan,No,1.0,5,2,Good,165900
54.1,1950.0,Yes,No,Predgradje,Stan,No,0.0,3,1,Good,62500
42.5,2002.0,No,Yes,Predgradje,Stan,Yes,0.0,2,1,Fair,59400
75.5,,No,No,Zemun,Studio,Yes,0.0,4,1,Good,121400
48.1,2011.0,No,Yes,Novi Beograd,Kuca,No,0.0,3,1,Fair,123800
77.4,1996.0,Yes,No,Periferia,Studio,No,0.0,2,2,Excellent,106200
44.2,1999.0,No,No,Novi Beograd,Stan,No,0.0,1,2,Excellent,105500
55.0,1980.0,Yes,No,Zemun,Stan,No,1.0,2,1,Poor,71200
112.3,2013.0,No,No,Novi Beograd,Stan,No,1.0,3,1,Good,252400
54.9,1978.0,No,No,Zemun,Stan,No,,3,2,Fair,103300
45.0,,No,No,Novi Beograd,Kuca,Yes,1.0,3,1,Good,104900
94.3,2007.0,Yes,Yes,Centar,Studio,No,1.0,1,2,Excellent,251000
38.7,1972.0,No,No,Predgradje,Stan,No,0.0,2,1,,35800
47.7,1987.0,No,Yes,Centar,Stan,No,2.0,2,1,Fair,110400
79.4,1990.0,No,No,Vracar,Stan,No,0.0,2,2,Fair,171900
88.5,1964.0,No,No,Novi Beograd,Stan,No,3.0,5,1,Excellent,244400
95.5,1952.0,,No,Centar,Stan,No,1.0,4,1,Good,259000
46.3,1950.0,No,No,Centar,Stan,No,0.0,2,2,Good,126400
79.9,1960.0,Yes,Yes,Centar,Stan,No,1.0,3,1,Fair,193900
53.3,2009.0,No,No,Periferia,Stan,No,0.0,3,2,Fair,65300
49.9,2014.0,Yes,No,Novi Beograd,Stan,No,0.0,1,2,Excellent,140000
95.1,1953.0,No,No,Predgradje,Stan,Yes,0.0,5,2,Good,89900
51.3,1974.0,No,Yes,Zemun,Kuca,No,1.0,2,2,Good,116500
72.0,2021.0,Yes,No,Vracar,Stan,No,0.0,3,1,Good,179500
68.9,1992.0,No,No,Zemun,Vila,No,1.0,3,2,Good,190800
38.2,,No,No,Vracar,Stan,No,2.0,2,1,Fair,77900
89.2,1993.0,No,No,Periferia,Stan,Yes,1.0,2,2,Fair,121600
79.0,2021.0,,No,Novi Beograd,Stan,No,0.0,2,1,Good,169300
20.0,2008.0,Yes,No,Novi Beograd,Stan,No,0.0,2,1,Good,56200
71.9,1972.0,No,Yes,Periferia,Studio,No,0.0,2,2,Good,89500
45.7,2011.0,Yes,No,Predgradje,Stan,No,1.0,4,2,Excellent,74200
92.4,1972.0,No,No,Periferia,Vila,Yes,1.0,3,1,Good,183400
28.9,2007.0,Yes,Yes,Vracar,Studio,No,1.0,4,1,Poor,52800
56.1,2004.0,Yes,No,Periferia,Kuca,No,0.0,4,1,Excellent,99600
74.1,1982.0,,No,Vracar,Kuca,No,0.0,3,2,Good,206300
66.4,2012.0,Yes,Yes,Vracar,Kuca,No,2.0,2,1,Good,194200
84.1,2009.0,No,No,Novi Beograd,Stan,Yes,1.0,3,1,Good,187100
27.0,2010.0,No,No,Zemun,Kuca,Yes,3.0,2,1,Good,68200
106.3,2010.0,No,No,Centar,Stan,No,3.0,1,1,Fair,257400
78.1,2018.0,Yes,No,Novi Beograd,Stan,Yes,2.0,3,2,Good,177200
99.0,1970.0,No,Yes,Periferia,Stan,No,0.0,3,1,Excellent,159300
86.9,1952.0,Yes,Yes,Novi Beograd,Kuca,No,0.0,2,1,Good,204400
64.7,,No,No,Centar,Studio,No,0.0,2,3,Good,132100
32.9,1959.0,Yes,Yes,Centar,Stan,No,3.0,1,2,Fair,81900
50.9,1991.0,Yes,Yes,Predgradje,Studio,No,0.0,3,2,Poor,53300
104.7,2015.0,No,No,Vracar,Stan,No,1.0,5,2,Fair,236300
99.6,1995.0,No,No,Vracar,Stan,No,3.0,3,3,Fair,228300
49.5,1958.0,Yes,No,Periferia,Stan,Yes,2.0,4,1,Excellent,94600
20.0,1998.0,No,Yes,Periferia,Stan,Yes,1.0,2,1,Good,30900
59.7,1953.0,No,Yes,Novi Beograd,Stan,No,0.0,1,2,Good,140400
57.8,2009.0,Yes,No,Zemun,Kuca,No,0.0,3,3,Good,133800
58.8,1978.0,Yes,No,Periferia,Studio,Yes,1.0,2,1,,81700
78.2,1996.0,Yes,No,Zemun,Stan,No,3.0,2,1,Excellent,192600
86.9,2012.0,Yes,No,Centar,Stan,No,2.0,3,3,Good,232000
89.8,1980.0,Yes,No,Periferia,Studio,No,0.0,4,1,Fair,92200
76.1,2000.0,Yes,No,Vracar,Kuca,Yes,0.0,2,1,Good,194300
20.0,1990.0,No,Yes,Novi Beograd,Stan,Yes,1.0,5,1,Excellent,68100
56.5,1985.0,Yes,No,Vracar,Stan,No,1.0,3,1,Excellent,163500
122.6,1989.0,No,No,Centar,Studio,Yes,0.0,1,2,Poor,194100
74.4,2009.0,No,Yes,Centar,Kuca,No,1.0,3,1,Excellent,265500
74.2,1964.0,No,No,Periferia,Stan,No,3.0,4,2,Fair,100800
74.0,1979.0,No,Yes,Centar,Stan,No,3.0,3,1,Poor,136000
75.4,,Yes,No,Vracar,Studio,No,,3,2,Excellent,195500
20.0,1976.0,Yes,Yes,Vracar,Stan,No,1.0,3,1,Excellent,72000
59.0,1989.0,No,No,Centar,Vila,Yes,0.0,3,1,Good,224400
64.1,1994.0,Yes,No,Predgradje,Stan,Yes,1.0,2,3,Good,79600
97.0,1996.0,Yes,Yes,Novi Beograd,Studio,No,0.0,2,1,Excellent,224100
66.2,2005.0,No,No,Novi Beograd,Stan,No,0.0,2,2,Good,151700
23.8,2003.0,Yes,Yes,Novi Beograd,Stan,No,0.0,2,3,Excellent,88800
75.8,1958.0,No,No,Novi Beograd,Studio,No,1.0,4,1,Good,134600
44.9,2014.0,No,No,Centar,Stan,No,2.0,4,1,Excellent,157200
34.6,2019.0,No,No,Zemun,Kuca,Yes,3.0,2,1,Excellent,98900
44.1,1950.0,No,No,Predgradje,Stan,No,1.0,3,1,,36600
78.6,1962.0,Yes,No,Novi Beograd,Stan,Yes,1.0,2,2,Excellent,206900
96.5,,No,Yes,Zemun,Stan,No,0.0,3,1,Good,187300
77.1,1994.0,Yes,Yes,Zemun,Kuca,No,1.0,3,3,Good,168500
80.8,1989.0,No,No,Periferia,Stan,No,1.0,2,3,Good,113200
76.8,1964.0,Yes,No,Vracar,Stan,No,1.0,4,3,Poor,136200
67.5,1999.0,No,No,Novi Beograd,Stan,No,0.0,4,1,Good,145600
82.4,1951.0,No,Yes,Novi Beograd,Kuca,Yes,1.0,1,1,Excellent,259500
20.0,2002.0,Yes,Yes,Zemun,Kuca,No,0.0,3,1,Fair,47400
67.8,1975.0,Yes,No,Periferia,Stan,No,0.0,1,2,Good,85400
38.9,2015.0,Yes,Yes,Centar,Stan,No,1.0,1,1,Excellent,125800
94.1,1982.0,Yes,No,Novi Beograd,Vila,No,0.0,5,2,Good,313300
61.3,2008.0,Yes,No,Predgradje,Stan,Yes,1.0,3,2,Good,79400
65.8,1975.0,No,No,Periferia,Studio,No,1.0,2,2,Good,75700
27.4,,No,Yes,Predgradje,Studio,No,0.0,3,2,Good,26200
90.4,1998.0,No,No,Periferia,Studio,No,3.0,4,2,Good,123700
80.7,2020.0,No,Yes,Novi Beograd,Stan,Yes,2.0,4,1,Excellent,234200
78.9,2020.0,Yes,Yes,Zemun,Studio,Yes,0.0,1,1,Good,132800
44.7,2015.0,Yes,No,Zemun,Studio,No,1.0,4,1,Excellent,94300
45.7,1986.0,No,Yes,Centar,Kuca,No,1.0,4,2,Good,135700
70.6,1963.0,No,Yes,Vracar,Stan,Yes,2.0,3,1,Fair,158400
47.6,2021.0,Yes,Yes,Zemun,Stan,No,2.0,2,2,Good,97700
75.9,1956.0,Yes,No,Centar,Stan,No,0.0,1,2,Good,189100
20.0,1987.0,,No,Periferia,Kuca,No,1.0,2,1,Good,34200
52.8,1994.0,Yes,No,Zemun,Kuca,No,2.0,2,2,,88500
109.9,1971.0,Yes,No,Predgradje,Stan,No,0.0,4,1,Fair,110000
76.0,1993.0,No,Yes,Centar,Stan,Yes,0.0,4,1,Fair,186100
69.2,1984.0,No,Yes,Novi Beograd,Stan,No,0.0,2,2,Fair,147200
114.6,2009.0,Yes,Yes,Zemun,Kuca,No,0.0,3,3,Good,256700
20.0,1952.0,No,No,Novi Beograd,Vila,No,,3,2,Poor,51900
44.6,2016.0,Yes,Yes,Zemun,Stan,No,0.0,3,3,Good,91800
55.0,2021.0,No,No,Periferia,Stan,Yes,0.0,2,2,Fair,77700
86.5,,No,Yes,Centar,Stan,Yes,0.0,2,2,Fair,221100
86.9,1958.0,No,No,Vracar,Kuca,No,1.0,2,1,Good,229700
43.3,2018.0,Yes,No,Vracar,Kuca,Yes,3.0,1,1,Fair,122000
89.9,1977.0,Yes,No,Novi Beograd,Vila,No,2.0,1,1,Excellent,354100
54.9,1964.0,No,No,Predgradje,Stan,No,0.0,3,1,Poor,40100
95.3,1980.0,Yes,No,Periferia,Vila,No,,1,2,Good,208200
39.2,2008.0,Yes,Yes,Zemun,Stan,No,2.0,2,2,Excellent,96700
61.9,2003.0,Yes,Yes,Zemun,Kuca,No,,5,2,Good,156100
52.7,2017.0,No,No,Vracar,Stan,No,2.0,3,1,Fair,126600
91.4,1996.0,Yes,Yes,Predgradje,Studio,No,2.0,3,1,Good,97700
51.9,,No,Yes,Zemun,Kuca,No,0.0,2,1,Good,108200
63.9,1972.0,Yes,No,Zemun,Kuca,Yes,0.0,3,1,Excellent,163200
77.7,2014.0,Yes,Yes,Periferia,Studio,No,1.0,2,3,Excellent,131300
78.6,2003.0,No,No,Novi Beograd,Stan,No,0.0,3,2,Fair,164800
87.2,1960.0,Yes,No,Periferia,Stan,No,3.0,2,1,,152600
70.3,2012.0,No,No,Centar,Studio,No,1.0,3,2,Poor,119400
54.5,1971.0,No,No,Novi Beograd,Stan,No,3.0,5,2,Poor,97700
56.3,2003.0,No,No,Novi Beograd,Stan,No,2.0,2,2,Excellent,157800
65.6,1985.0,No,Yes,Predgradje,Stan,No,1.0,2,3,Fair,69500
71.2,2007.0,Yes,Yes,Periferia,Kuca,Yes,0.0,2,2,Poor,104100
61.3,1969.0,No,No,Zemun,Stan,Yes,0.0,3,3,Fair,103800
65.5,1965.0,No,No,Zemun,Stan,Yes,1.0,1,2,Good,127200
27.1,2005.0,Yes,Yes,Zemun,Stan,No,2.0,4,1,Good,54600
81.7,1999.0,Yes,No,Predgradje,Stan,No,3.0,2,1,Good,94100
69.5,2015.0,Yes,Yes,Vracar,Studio,No,0.0,2,1,Fair,132400
90.0,2023.0,Yes,Yes,Novi Beograd,Vila,No,0.0,3,2,,309300
65.0,1962.0,No,No,Centar,Kuca,No,0.0,3,2,,220200
21.5,1964.0,Yes,Yes,Periferia,Stan,No,0.0,5,2,Excellent,60800
56.0,2022.0,No,No,Zemun,Vila,Yes,2.0,2,1,Fair,139000
60.0,1976.0,Yes,No,Novi Beograd,Kuca,No,0.0,2,2,Excellent,187800
83.6,1957.0,Yes,Yes,Centar,Stan,No,1.0,2,2,Good,226000
20.0,2019.0,Yes,Yes,Periferia,Vila,Yes,1.0,4,1,Poor,55100
66.0,1999.0,Yes,Yes,Centar,Studio,No,0.0,3,1,Poor,113300
77.8,2016.0,No,Yes,Zemun,Kuca,No,1.0,4,2,Fair,159100
48.5,1975.0,No,No,Predgradje,Kuca,No,1.0,5,2,Good,71400
66.9,1985.0,Yes,No,Vracar,Stan,No,0.0,3,2,Fair,131800
49.3,1970.0,No,Yes,Novi Beograd,Stan,No,1.0,1,1,Good,103300
46.8,2001.0,No,No,Zemun,Kuca,No,0.0,2,1,Poor,68900
54.8,1960.0,No,No,Periferia,Stan,Yes,1.0,1,2,,93500
47.2,1957.0,No,Yes,Vracar,Stan,No,3.0,4,3,Fair,119600
82.1,2006.0,No,No,Predgradje,Studio,No,1.0,1,2,Excellent,109600
46.6,1995.0,No,No,Centar,Studio,No,1.0,3,2,Excellent,109500
42.4,1951.0,Yes,Yes,Vracar,Stan,Yes,1.0,1,2,Poor,73200
109.2,2013.0,Yes,No,Zemun,Studio,No,2.0,1,1,Good,173200
89.0,,No,No,Periferia,Studio,No,0.0,2,3,,83600
20.0,2014.0,No,Yes,Centar,Kuca,No,1.0,3,1,,87200
45.9,1960.0,No,No,Periferia,Stan,No,1.0,1,2,Good,48900
71.1,1955.0,No,No,Zemun,Stan,Yes,2.0,3,1,Poor,103100
73.1,2013.0,Yes,Yes,Novi Beograd,Stan,No,0.0,3,3,Fair,135500
27.7,2004.0,No,No,Centar,Stan,No,2.0,5,2,Good,83600
94.0,1993.0,No,Yes,Periferia,Stan,No,1.0,4,1,Excellent,161900
85.6,1963.0,No,No,Centar,Stan,No,1.0,3,1,Good,213800
77.0,1954.0,,Yes,Novi Beograd,Stan,No,1.0,3,1,Excellent,198900
98.9,1974.0,Yes,No,Novi Beograd,Vila,No,0.0,2,1,Good,319200
76.3,1999.0,Yes,No,Periferia,Stan,Yes,0.0,3,1,,88600
76.2,2022.0,No,No,Zemun,Kuca,No,0.0,2,2,Excellent,207300
103.9,2020.0,,Yes,Periferia,Kuca,No,0.0,2,2,,123100
92.5,1951.0,No,No,Novi Beograd,Stan,No,1.0,3,3,Excellent,236600
44.0,1959.0,,Yes,Zemun,Vila,No,1.0,2,1,Good,127900
80.8,1951.0,,No,Zemun,Kuca,No,0.0,2,1,,121000
48.4,2009.0,No,Yes,Periferia,Stan,No,1.0,2,1,Good,75600
77.6,1994.0,No,No,Predgradje,Studio,No,0.0,4,1,Excellent,83300
76.9,1957.0,No,Yes,Centar,Stan,No,0.0,2,2,Excellent,239100
30.4,2007.0,Yes,No,Zemun,Kuca,No,0.0,2,2,Fair,44700
62.0,1956.0,No,No,Centar,Stan,No,1.0,4,2,Fair,133000
71.6,,No,No,Vracar,Studio,No,0.0,1,1,Good,160100
54.1,1970.0,No,No,Novi Beograd,Stan,Yes,0.0,4,2,Good,110900
72.9,1996.0,No,No,Novi Beograd,Kuca,No,,4,3,Good,181400
85.1,1950.0,No,No,Novi Beograd,Stan,No,0.0,2,1,Fair,152000
64.2,,Yes,No,Zemun,Kuca,No,1.0,3,3,Excellent,158700
70.6,1997.0,Yes,No,Novi Beograd,Studio,No,0.0,5,1,Good,136900
99.6,1953.0,No,No,Zemun,Stan,No,2.0,3,1,Excellent,223600
76.8,1983.0,No,No,Vracar,Kuca,Yes,2.0,1,2,Good,216800
70.0,1981.0,No,No,Centar,Stan,No,3.0,4,2,Good,183600
41.0,1952.0,,Yes,Periferia,Studio,No,1.0,1,1,Excellent,72600
81.8,2017.0,No,No,Novi Beograd,Stan,No,1.0,2,1,Good,178800
73.3,2006.0,Yes,No,Vracar,Studio,Yes,2.0,4,2,Excellent,192700
97.1,1973.0,No,No,Zemun,Studio,No,1.0,2,2,Excellent,179100
66.2,,Yes,No,Novi Beograd,Stan,No,1.0,3,2,Good,155500
20.0,1952.0,No,No,Centar,Stan,No,1.0,2,1,Good,36900
22.5,,Yes,No,Novi Beograd,Stan,No,1.0,3,2,Poor,29600
83.4,1979.0,No,No,Predgradje,Studio,Yes,0.0,2,1,Poor,66200
50.7,2019.0,Yes,Yes,Zemun,Stan,No,2.0,2,2,Fair,113700
75.9,1998.0,No,Yes,Zemun,Kuca,No,3.0,2,2,Fair,152100
67.9,1979.0,No,No,Zemun,Studio,No,0.0,2,1,Fair,80700
60.8,2021.0,No,No,Centar,Stan,No,2.0,2,1,Fair,136900
62.6,1965.0,Yes,No,Vracar,Kuca,Yes,0.0,2,1,Good,178900
43.4,2002.0,Yes,Yes,Periferia,Stan,No,0.0,5,1,Good,58300
64.6,1955.0,,Yes,Centar,Stan,No,1.0,3,1,Poor,125300
50.4,1973.0,Yes,No,Novi Beograd,Studio,No,0.0,2,1,Poor,67300
800.0,1977.0,Yes,No,Novi Beograd,Stan,No,1.0,3,1,Good,118900
56.9,1970.0,,Yes,Vracar,Stan,No,0.0,5,2,Good,132700
59.3,1957.0,No,No,Predgradje,Studio,No,1.0,3,1,Good,58000
88.1,1985.0,Yes,Yes,Centar,Stan,No,1.0,3,1,Good,238400
61.8,1958.0,Yes,Yes,Vracar,Vila,No,2.0,2,3,Excellent,278700
90.6,1989.0,No,Yes,Centar,Vila,No,1.0,2,1,Good,352600
103.4,2000.0,No,No,Predgradje,Stan,No,0.0,2,1,Good,112100
86.4,1950.0,Yes,No,Centar,Stan,No,1.0,3,2,Excellent,263500
78.4,2012.0,Yes,Yes,Vracar,Kuca,No,2.0,2,1,Excellent,276300
73.2,2017.0,No,Yes,Zemun,Stan,No,,3,2,Good,131000
86.6,2023.0,Yes,No,Zemun,Stan,No,1.0,2,1,Good,168800
67.2,1975.0,No,No,Vracar,Kuca,Yes,1.0,2,1,Fair,161300
89.6,1989.0,No,Yes,Novi Beograd,Stan,Yes,1.0,2,3,,208800
80.4,1952.0,No,No,Novi Beograd,Studio,Yes,1.0,2,1,Excellent,168600
56.0,1958.0,No,Yes,Novi Beograd,Stan,No,2.0,1,1,Good,130400
87.4,1981.0,Yes,Yes,Novi Beograd,Stan,Yes,0.0,2,1,Excellent,240800
67.3,2016.0,Yes,No,Vracar,Stan,No,3.0,3,1,Good,166600
62.3,1953.0,No,No,Novi Beograd,Vila,Yes,0.0,3,1,Excellent,237300
53.1,1955.0,No,No,Novi Beograd,Kuca,No,1.0,2,1,Good,123600
69.2,2022.0,Yes,No,Zemun,Studio,Yes,,3,2,Poor,93100
89.9,1975.0,Yes,No,Predgradje,Stan,No,,3,2,Good,118000
87.2,1951.0,Yes,No,Zemun,Stan,No,1.0,3,2,Fair,127800
73.8,2015.0,Yes,Yes,Centar,Stan,No,0.0,1,2,Poor,152200
80.0,1952.0,,Yes,Centar,Stan,No,3.0,2,2,Excellent,252100
96.8,1984.0,No,No,Predgradje,Kuca,No,1.0,2,3,Fair,106500
61.3,2008.0,Yes,No,Novi Beograd,Kuca,Yes,1.0,3,1,Good,151500
37.1,1987.0,Yes,Yes,Centar,Stan,Yes,1.0,3,3,Fair,99000
97.5,1982.0,Yes,No,Zemun,Vila,Yes,0.0,3,1,Fair,233400
51.8,1964.0,Yes,Yes,Zemun,Stan,Yes,1.0,2,2,Excellent,126800
47.7,2023.0,Yes,No,Zemun,Vila,Yes,0.0,2,2,Good,129600
20.1,,Yes,Yes,Novi Beograd,Stan,No,1.0,1,2,Good,47900
79.3,2015.0,Yes,No,Centar,Stan,Yes,2.0,2,1,Good,208300
24.5,1994.0,No,Yes,Predgradje,Stan,No,0.0,2,2,Good,40900
46.2,1997.0,No,No,Novi Beograd,Stan,No,1.0,2,1,Excellent,134800
79.7,1993.0,Yes,Yes,Zemun,Kuca,No,0.0,3,3,Good,173000
83.0,,No,No,Zemun,Stan,Yes,0.0,2,3,Good,145300
48.7,1978.0,No,No,Zemun,Stan,No,1.0,3,1,Excellent,119700
61.6,1983.0,No,Yes,Novi Beograd,Kuca,No,0.0,3,1,Fair,141000
43.2,2008.0,No,Yes,Novi Beograd,Kuca,No,1.0,3,1,Good,120400
51.3,1992.0,No,Yes,Zemun,Studio,No,0.0,4,1,Excellent,100400
71.7,1982.0,No,No,Periferia,Stan,No,3.0,1,2,Good,99900
52.5,1968.0,Yes,No,Predgradje,Kuca,Yes,,1,2,Excellent,78900
58.9,1957.0,No,Yes,Centar,Kuca,Yes,0.0,3,1,Good,160000
28.4,1980.0,No,No,Centar,Stan,Yes,0.0,2,2,Excellent,102400
93.3,1960.0,No,No,Predgradje,Stan,No,0.0,5,2,,122400
77.8,1957.0,,Yes,Zemun,Stan,Yes,0.0,2,1,Fair,128300
84.8,1974.0,Yes,No,Periferia,Stan,Yes,1.0,2,1,Fair,116500
97.3,1969.0,No,No,Novi Beograd,Stan,No,2.0,3,2,Good,208900
44.4,1987.0,Yes,No,Zemun,Stan,Yes,0.0,2,1,Good,88300
56.0,1956.0,,Yes,Zemun,Kuca,No,1.0,2,1,Fair,99500
20.0,1988.0,No,Yes,Zemun,Kuca,No,1.0,4,1,Poor,37400
143.5,2023.0,No,Yes,Vracar,Vila,Yes,1.0,1,2,Fair,472800
61.3,2021.0,No,No,Centar,Kuca,Yes,0.0,3,1,Excellent,224400
91.0,1969.0,Yes,No,Zemun,Stan,No,3.0,2,2,Good,168400
34.0,1960.0,No,Yes,Novi Beograd,Studio,No,1.0,2,2,Good,71200
89.9,1965.0,Yes,Yes,Vracar,Studio,No,3.0,2,1,Fair,165400
111.4,1991.0,No,Yes,Predgradje,Stan,No,0.0,1,2,Good,116500
63.5,2001.0,Yes,No,Novi Beograd,Kuca,No,,1,1,Fair,142900
39.7,1986.0,Yes,Yes,Periferia,Vila,No,1.0,5,2,Fair,84800
61.5,2001.0,No,No,Centar,Kuca,No,1.0,3,3,Excellent,217800
20.0,1958.0,No,No,Zemun,Vila,No,0.0,3,1,Excellent,57000
64.1,1984.0,Yes,No,Predgradje,Stan,Yes,3.0,1,2,Fair,81500
85.5,2016.0,No,No,Centar,Stan,No,2.0,1,1,Poor,179900
64.1,1956.0,No,Yes,Centar,Stan,No,0.0,3,1,Fair,144600
57.9,1951.0,Yes,No,Vracar,Kuca,Yes,1.0,3,1,Good,164600
78.2,1974.0,No,No,Centar,Studio,No,0.0,2,2,Fair,142400
80.1,1990.0,Yes,No,Zemun,Vila,No,2.0,2,1,Fair,200800
23.5,2001.0,No,Yes,Predgradje,Stan,No,1.0,2,1,Fair,34600
67.2,,Yes,Yes,Vracar,Stan,No,0.0,2,2,Good,5000
125.9,1987.0,No,No,Novi Beograd,Studio,No,0.0,3,2,Good,238100
31.6,2016.0,Yes,No,Vracar,Kuca,No,0.0,2,3,Good,87000
62.9,1991.0,Yes,No,Zemun,Stan,No,0.0,2,1,Good,123400
113.5,2020.0,No,No,Centar,Stan,No,,3,2,Excellent,355900
92.6,2003.0,No,No,Zemun,Kuca,No,1.0,1,2,Excellent,241800
52.2,2016.0,No,Yes,Zemun,Studio,No,1.0,3,1,Fair,91900
70.2,2013.0,No,No,Zemun,Stan,No,1.0,4,2,Fair,138000
64.9,1953.0,No,No,Novi Beograd,Stan,Yes,1.0,1,1,Good,142600
46.3,1980.0,No,No,Zemun,Vila,No,0.0,3,2,Poor,82100
63.1,,Yes,No,Centar,Kuca,No,0.0,2,2,Good,182600
58.0,1976.0,Yes,No,Centar,Stan,No,1.0,1,2,Good,144300
67.8,2008.0,Yes,Yes,Periferia,Stan,No,1.0,3,2,Good,95200
46.3,2014.0,,No,Zemun,Kuca,No,0.0,3,2,Fair,101500
33.1,2013.0,Yes,Yes,Centar,Stan,Yes,0.0,3,1,Good,96800
64.0,1974.0,No,No,Novi Beograd,Stan,No,1.0,4,1,Excellent,156000
107.9,1986.0,Yes,No,Novi Beograd,Kuca,No,2.0,2,1,Fair,242400
67.1,2022.0,Yes,Yes,Novi Beograd,Stan,No,1.0,3,2,Good,179800
56.7,2020.0,Yes,No,Novi Beograd,Kuca,No,0.0,3,1,Poor,124500
83.9,1963.0,No,Yes,Centar,Stan,Yes,2.0,2,3,Poor,175300
61.0,1973.0,Yes,No,Vracar,Kuca,No,0.0,5,1,Good,173000
111.7,2016.0,No,Yes,Zemun,Stan,No,1.0,2,1,Fair,184000
64.9,,No,No,Zemun,Stan,No,0.0,3,3,Poor,83200
82.5,2014.0,No,No,Zemun,Stan,No,2.0,3,1,Fair,147100
46.1,1987.0,No,No,Centar,Vila,No,1.0,3,2,Good,190400
77.6,2019.0,No,No,Predgradje,Studio,No,1.0,1,1,Good,67400
71.9,2008.0,No,No,Periferia,Stan,No,1.0,2,1,Fair,90700
63.6,1961.0,,No,Periferia,Studio,Yes,1.0,2,1,,78900
52.5,2003.0,No,No,Periferia,Kuca,Yes,0.0,3,1,Fair,75900
49.0,2000.0,Yes,No,Predgradje,Vila,Yes,1.0,2,2,Good,88900
72.1,,Yes,No,Vracar,Stan,No,1.0,3,2,Good,166900
80.7,1995.0,,Yes,Novi Beograd,Kuca,No,1.0,2,3,Good,215100
61.8,1959.0,No,No,Zemun,Stan,Yes,0.0,1,1,Excellent,131600
72.2,1958.0,Yes,Yes,Zemun,Stan,No,0.0,2,1,Excellent,163000
64.1,,No,No,Zemun,Vila,No,1.0,3,2,Poor,133700
67.5,2000.0,No,Yes,Vracar,Kuca,No,1.0,3,1,Excellent,233100
60.0,1971.0,No,No,Centar,Stan,No,0.0,1,2,Poor,111700
65.4,2022.0,Yes,No,Novi Beograd,Stan,Yes,0.0,2,1,Excellent,190100
132.5,2021.0,No,No,Predgradje,Kuca,Yes,1.0,5,3,Fair,162500
72.8,2017.0,Yes,No,Zemun,Kuca,No,0.0,2,1,Good,164200
81.1,1954.0,,No,Vracar,Stan,No,1.0,3,1,Poor,141000
76.0,1978.0,Yes,No,Novi Beograd,Vila,No,1.0,3,1,Fair,230800
58.4,1955.0,No,No,Novi Beograd,Stan,Yes,0.0,1,1,Good,132900
97.3,,No,Yes,Periferia,Stan,No,2.0,3,2,Excellent,182600
57.7,2007.0,No,No,Zemun,Vila,No,0.0,5,3,Good,162100
91.4,1992.0,No,No,Periferia,Stan,Yes,2.0,4,1,Good,130400
56.6,2018.0,No,Yes,Vracar,Stan,Yes,1.0,3,1,Good,156300
41.0,2021.0,Yes,Yes,Zemun,Kuca,No,1.0,3,1,Fair,88300
74.1,1986.0,Yes,Yes,Novi Beograd,Studio,Yes,2.0,2,2,Poor,126300
37.4,,No,Yes,Zemun,Stan,Yes,1.0,2,1,Poor,53900
78.4,1986.0,No,No,Vracar,Vila,Yes,,2,2,Good,287300
35.1,1975.0,,No,Vracar,Studio,No,1.0,4,2,Fair,63000
57.0,1991.0,No,No,Zemun,Stan,No,1.0,2,2,Poor,66200
29.2,1965.0,,No,Predgradje,Kuca,Yes,1.0,2,2,Fair,29100
135.6,1971.0,No,No,Centar,Stan,No,0.0,2,2,Fair,301500
23.7,1972.0,Yes,No,Periferia,Stan,No,2.0,2,1,Excellent,58000
65.2,1996.0,No,Yes,Novi Beograd,Studio,No,1.0,1,1,Fair,89600
93.6,2016.0,Yes,No,Vracar,Vila,No,1.0,2,1,Good,334200
90.9,1952.0,Yes,No,Centar,Stan,No,2.0,2,1,Good,227500
86.3,1961.0,Yes,Yes,Novi Beograd,Stan,No,,3,1,Good,190200
57.1,1972.0,No,Yes,Vracar,Stan,No,0.0,3,1,Poor,99800
98.8,1960.0,No,No,Centar,Stan,No,1.0,2,1,Fair,219800
87.8,2001.0,No,No,Vracar,Stan,Yes,1.0,3,2,Poor,158300
70.3,1999.0,No,No,Predgradje,Stan,No,1.0,3,2,Good,84000
71.0,2006.0,Yes,No,Centar,Kuca,No,3.0,2,1,Fair,209600
57.4,2013.0,No,No,Periferia,Stan,No,2.0,1,2,Good,83900
42.3,1995.0,No,Yes,Vracar,Stan,No,1.0,4,2,Good,104600
95.9,1978.0,No,Yes,Zemun,Studio,Yes,1.0,3,1,Good,155900
97.8,2019.0,Yes,No,Novi Beograd,Studio,Yes,1.0,2,3,Good,191500
42.9,1995.0,No,No,Centar,Stan,No,1.0,2,1,Good,119000
61.2,1965.0,Yes,No,Centar,Stan,No,0.0,3,2,Excellent,182000
61.4,2000.0,No,Yes,Centar,Kuca,No,1.0,3,3,Fair,175400
64.2,1960.0,No,Yes,Centar,Stan,No,0.0,4,2,Good,167500
66.6,1960.0,No,Yes,Zemun,Stan,No,1.0,2,2,Good,123600
88.7,2012.0,Yes,No,Periferia,Kuca,No,1.0,1,2,Good,135800
46.3,,Yes,No,Periferia,Stan,Yes,0.0,3,1,Fair,60500
43.8,2007.0,Yes,Yes,Zemun,Stan,No,2.0,2,1,Good,91800
95.9,1968.0,No,Yes,Centar,Stan,No,0.0,2,2,Poor,173300
53.4,1981.0,No,Yes,Novi Beograd,Stan,No,1.0,2,3,Poor,85700
33.4,,No,No,Novi Beograd,Stan,No,1.0,2,2,Fair,64800
52.9,2021.0,No,No,Novi Beograd,Vila,No,2.0,4,3,,170500
56.7,2004.0,Yes,Yes,Vracar,Stan,No,2.0,3,1,Good,159400
103.9,1990.0,Yes,Yes,Vracar,Stan,Yes,1.0,1,2,Excellent,306800
88.1,2019.0,Yes,No,Novi Beograd,Stan,Yes,0.0,3,3,Fair,186000
93.7,1970.0,No,No,Novi Beograd,Vila,No,1.0,3,1,Excellent,364800
85.5,1975.0,No,No,Periferia,Kuca,No,1.0,4,3,Excellent,160700
88.7,,No,No,Periferia,Stan,Yes,0.0,4,1,Excellent,142800
47.8,1976.0,Yes,No,Novi Beograd,Studio,No,0.0,1,2,Excellent,109100
60.0,,Yes,Yes,Predgradje,Stan,No,0.0,4,3,Good,85600
40.3,2015.0,Yes,No,Predgradje,Stan,No,0.0,1,1,Poor,17300
59.7,2014.0,No,Yes,Novi Beograd,Stan,Yes,1.0,2,2,Good,149700
82.1,1959.0,No,No,Novi Beograd,Stan,No,1.0,1,2,Good,171200
68.4,1986.0,Yes,No,Vracar,Stan,No,1.0,2,1,Excellent,199800
97.8,2018.0,Yes,No,Predgradje,Kuca,No,1.0,4,1,Excellent,160200
36.5,1990.0,No,No,Periferia,Stan,No,2.0,3,1,Good,53600
77.5,1995.0,No,No,Centar,Kuca,Yes,1.0,3,2,Fair,215000
33.8,1994.0,Yes,No,Novi Beograd,Stan,No,1.0,4,1,Fair,76000
67.4,1976.0,No,Yes,Zemun,Stan,No,0.0,2,3,Poor,94500
83.5,2014.0,Yes,No,Vracar,Stan,No,1.0,1,1,Good,201000
59.6,1957.0,,No,Centar,Vila,No,1.0,3,2,Good,216300
78.8,2016.0,Yes,No,Periferia,Stan,Yes,1.0,4,1,Excellent,143100
41.0,1998.0,Yes,No,Zemun,Kuca,Yes,2.0,5,2,Good,86500
23.4,1963.0,Yes,No,Periferia,Stan,No,2.0,2,3,Excellent,45100
78.9,2011.0,Yes,No,Periferia,Stan,Yes,2.0,4,1,Good,129600
108.6,1992.0,No,Yes,Zemun,Stan,Yes,0.0,4,1,Excellent,234200
40.1,1976.0,No,No,Vracar,Stan,No,0.0,1,2,Fair,78500
95.6,1976.0,No,No,Zemun,Stan,Yes,0.0,3,1,Excellent,220200
66.1,2017.0,No,Yes,Centar,Stan,No,1.0,2,1,Good,194500
31.6,1997.0,Yes,No,Zemun,Studio,No,1.0,2,1,Fair,48200
36.7,2016.0,Yes,Yes,Centar,Stan,No,2.0,4,1,Fair,102500
65.4,1974.0,No,Yes,Zemun,Kuca,No,1.0,3,2,Excellent,168400
54.9,2013.0,No,No,Novi Beograd,Stan,No,0.0,3,3,Poor,96000
32.2,1973.0,Yes,No,Centar,Kuca,Yes,0.0,4,2,,110600
22.6,,Yes,Yes,Centar,Kuca,Yes,0.0,2,1,Fair,65100
43.8,1957.0,No,No,Centar,Stan,Yes,0.0,2,1,Good,97400
69.8,2008.0,Yes,No,Zemun,Stan,No,0.0,2,3,Excellent,159400
64.8,1966.0,No,No,Zemun,Kuca,No,0.0,3,3,Good,129900
52.5,1992.0,No,No,Vracar,Studio,No,,4,1,Good,100200
70.0,2017.0,,No,Centar,Stan,No,1.0,3,3,,214700
91.0,1953.0,Yes,No,Centar,Stan,No,0.0,5,3,Good,231300
74.9,1957.0,No,No,Centar,Studio,No,1.0,3,1,Excellent,195500
62.0,1991.0,Yes,Yes,Centar,Stan,No,2.0,3,2,Good,175400
88.2,1998.0,Yes,Yes,Periferia,Kuca,No,1.0,3,2,Fair,146000
41.0,1955.0,No,Yes,Novi Beograd,Stan,No,3.0,4,1,Good,91700
59.4,2022.0,No,No,Novi Beograd,Stan,Yes,1.0,1,1,Good,134000
60.0,1991.0,Yes,Yes,Centar,Kuca,No,3.0,2,1,Fair,176100
34.1,2021.0,No,Yes,Novi Beograd,Kuca,No,0.0,2,3,Fair,92600
54.5,1981.0,No,No,Vracar,Stan,Yes,0.0,4,2,Poor,97000
20.0,1964.0,Yes,No,Zemun,Stan,No,1.0,4,1,Good,34000
112.8,2018.0,Yes,No,Novi Beograd,Studio,Yes,3.0,2,2,Excellent,270900
41.6,1976.0,No,Yes,Centar,Kuca,Yes,2.0,4,1,Poor,111300
104.7,2015.0,,No,Novi Beograd,Stan,No,1.0,3,1,,233900
66.0,2008.0,No,Yes,Novi Beograd,Kuca,No,0.0,2,2,Excellent,208000
79.1,1977.0,No,Yes,Novi Beograd,Kuca,No,1.0,4,2,Fair,185300
52.8,1973.0,No,Yes,Predgradje,Studio,No,0.0,3,1,Good,46100
70.2,2000.0,No,No,Zemun,Kuca,No,0.0,2,1,Excellent,180700
81.3,1970.0,No,Yes,Zemun,Stan,No,0.0,1,2,Excellent,174200
81.6,1980.0,Yes,No,Vracar,Kuca,Yes,1.0,1,2,Fair,191900
84.4,1999.0,Yes,No,Vracar,Kuca,No,2.0,3,2,Fair,209900
55.8,,No,Yes,Vracar,Stan,No,0.0,1,2,Fair,102800
53.0,,No,No,Zemun,Stan,No,0.0,3,2,Good,122500
25.1,1965.0,No,No,Zemun,Stan,No,0.0,3,2,Good,53200
78.1,2012.0,Yes,No,Centar,Kuca,No,0.0,2,3,Good,223000
92.1,2005.0,No,No,Vracar,Stan,No,1.0,3,1,Fair,194400
105.4,1973.0,Yes,No,Vracar,Kuca,No,0.0,5,3,,262900
72.6,,Yes,No,Periferia,Vila,No,2.0,2,1,Good,164800
45.8,1980.0,Yes,No,Zemun,Studio,No,1.0,3,2,Good,81300
22.6,1964.0,Yes,No,Vracar,Vila,Yes,0.0,4,1,Good,86100
91.0,1991.0,No,Yes,Centar,Vila,No,1.0,1,1,Good,344300
20.1,1999.0,Yes,No,Zemun,Stan,No,0.0,2,3,Fair,41600
56.5,1954.0,Yes,No,Centar,Kuca,No,0.0,3,1,Fair,148900
59.4,1997.0,Yes,No,Novi Beograd,Stan,No,0.0,3,2,Fair,121200
63.3,1962.0,No,No,Centar,Studio,No,0.0,1,2,Fair,115600
65.9,1981.0,No,No,Zemun,Stan,No,1.0,2,1,Poor,85400
68.5,2016.0,No,No,Novi Beograd,Vila,Yes,,3,3,Fair,225300
20.0,1979.0,Yes,No,Novi Beograd,Kuca,No,1.0,2,2,Poor,27500
65.4,1955.0,No,Yes,Periferia,Studio,No,1.0,3,3,Fair,74700
20.0,1974.0,Yes,Yes,Novi Beograd,Stan,No,1.0,3,2,Good,52800
83.3,1977.0,Yes,No,Vracar,Stan,Yes,0.0,2,2,Fair,164600
51.1,2011.0,No,No,Vracar,Studio,No,1.0,2,1,Good,103200
20.0,1971.0,No,Yes,Centar,Stan,Yes,1.0,3,2,Good,52300
44.6,2017.0,Yes,No,Periferia,Studio,No,0.0,3,1,Good,50400
50.7,1964.0,Yes,No,Centar,Stan,Yes,1.0,4,2,Excellent,155600
94.8,1975.0,Yes,Yes,Vracar,Kuca,No,1.0,2,1,Poor,208400
69.9,2012.0,Yes,No,Zemun,Stan,No,2.0,3,1,Good,137000
73.6,1967.0,No,No,Zemun,Kuca,No,0.0,1,1,Excellent,182700
94.5,2022.0,Yes,No,Zemun,Kuca,No,0.0,4,3,Excellent,236800
62.6,2012.0,No,No,Novi Beograd,Stan,No,0.0,2,2,Fair,119900
83.9,2011.0,No,Yes,Centar,Stan,Yes,2.0,3,2,Fair,205400
82.1,2017.0,No,No,Zemun,Stan,Yes,2.0,2,3,Fair,148200
32.8,1997.0,No,No,Vracar,Kuca,No,2.0,1,2,Good,97000
101.8,1999.0,No,No,Periferia,Kuca,Yes,1.0,2,1,Good,167000
29.5,2012.0,No,Yes,Periferia,Kuca,Yes,1.0,1,2,Fair,48000
87.9,2018.0,Yes,No,Periferia,Kuca,No,,2,3,Good,150500
27.1,1955.0,No,No,Vracar,Stan,No,2.0,2,1,Good,57200
80.0,2007.0,Yes,Yes,Novi Beograd,Stan,Yes,2.0,2,2,Good,194400
111.5,2000.0,,No,Periferia,Stan,No,,1,2,Excellent,175000
59.7,1961.0,Yes,Yes,Vracar,Stan,No,0.0,3,1,Good,141700
58.6,1996.0,No,No,Centar,Vila,Yes,1.0,3,3,Poor,180100
80.3,1958.0,No,No,Periferia,Studio,No,0.0,2,1,Good,87100
56.8,1956.0,Yes,No,Periferia,Stan,Yes,2.0,2,1,Fair,68300
110.5,1978.0,No,No,Vracar,Kuca,Yes,,2,3,Good,307300
69.8,2000.0,No,No,Centar,Studio,Yes,1.0,2,2,Excellent,181100
57.0,2004.0,Yes,No,Novi Beograd,Stan,Yes,1.0,2,1,Excellent,144300
51.5,2008.0,Yes,Yes,Periferia,Stan,No,1.0,2,1,Good,89900
41.7,2005.0,Yes,No,Predgradje,Stan,Yes,0.0,4,3,Fair,45700
49.3,1971.0,No,No,Novi Beograd,Kuca,No,2.0,4,1,Fair,120600
56.2,1967.0,Yes,Yes,Centar,Vila,No,,2,2,Good,222500
52.8,2007.0,Yes,Yes,Periferia,Kuca,No,1.0,3,1,Fair,92400
48.5,1989.0,No,No,Novi Beograd,Stan,No,1.0,2,3,Good,101700
117.5,1980.0,No,No,Vracar,Stan,No,1.0,1,2,,212500
39.2,2005.0,No,Yes,Predgradje,Studio,Yes,1.0,4,2,Fair,44700
68.7,1984.0,Yes,No,Centar,Studio,No,2.0,2,2,Fair,137200
79.8,1975.0,No,No,Zemun,Kuca,No,0.0,3,3,Excellent,181100
80.8,2017.0,Yes,No,Centar,Kuca,No,0.0,3,3,Good,230600
63.5,1983.0,Yes,Yes,Novi Beograd,Stan,No,2.0,3,2,Fair,142900
59.0,1965.0,No,No,Periferia,Studio,No,0.0,2,2,Poor,41600
76.3,1991.0,No,No,Vracar,Studio,Yes,1.0,3,1,Good,143100
71.7,1954.0,Yes,No,Predgradje,Stan,No,0.0,1,1,Fair,59700
58.5,2010.0,No,No,Zemun,Kuca,Yes,3.0,1,2,Good,138300
26.0,1993.0,No,No,Novi Beograd,Stan,No,2.0,4,2,Excellent,5000
53.3,1984.0,,No,Novi Beograd,Stan,No,2.0,3,3,Good,129900
36.3,1950.0,No,No,Novi Beograd,Stan,No,3.0,4,1,Good,77400
48.3,1992.0,No,No,Novi Beograd,Stan,Yes,0.0,2,2,Good,105400
65.8,1981.0,No,Yes,Centar,Stan,No,1.0,2,2,Excellent,198800
74.0,2012.0,No,No,Novi Beograd,Stan,No,1.0,3,2,Excellent,184000
109.5,1982.0,No,No,Vracar,Kuca,No,2.0,2,1,Good,294900
51.6,,No,No,Zemun,Stan,Yes,0.0,3,2,Fair,92000
84.4,1979.0,Yes,Yes,Zemun,Stan,No,2.0,4,1,Good,168000
72.6,1959.0,Yes,No,Zemun,Stan,No,0.0,4,2,Fair,112600
97.4,1972.0,Yes,No,Centar,Kuca,No,2.0,3,2,Good,275700
79.4,1988.0,No,No,Novi Beograd,Stan,No,1.0,2,1,Good,186100
39.8,1994.0,,No,Zemun,Stan,No,1.0,4,2,Fair,74800
21.9,1978.0,Yes,Yes,Vracar,Studio,Yes,1.0,3,3,Fair,53500
72.8,1979.0,Yes,No,Centar,Kuca,No,0.0,4,1,Good,222500
51.8,1983.0,Yes,No,Periferia,Studio,No,0.0,3,2,Excellent,66700
40.5,2001.0,No,No,Periferia,Stan,Yes,1.0,4,1,Good,55400
33.3,1971.0,Yes,Yes,Vracar,Stan,Yes,1.0,1,2,Good,92800
69.0,1954.0,Yes,Yes,Centar,Kuca,No,1.0,3,1,Fair,199600
102.7,1960.0,No,No,Periferia,Stan,Yes,1.0,1,1,Good,126500
54.8,1981.0,No,Yes,Zemun,Stan,No,1.0,3,2,Good,105700
79.8,1973.0,Yes,No,Periferia,Stan,Yes,2.0,3,1,Good,120000
62.4,1960.0,Yes,Yes,Periferia,Studio,Yes,2.0,1,1,Poor,66800
32.8,1960.0,,No,Periferia,Stan,No,,3,3,Good,39300
83.4,1966.0,Yes,No,Vracar,Vila,No,2.0,1,2,Fair,258500
37.6,1981.0,No,No,Centar,Studio,Yes,3.0,1,2,Fair,64100
65.5,,Yes,No,Zemun,Stan,Yes,2.0,2,2,Excellent,166900
56.5,,Yes,Yes,Zemun,Kuca,No,2.0,2,3,Fair,130200
87.3,2010.0,,No,Zemun,Kuca,No,1.0,1,1,Fair,162800
38.5,1974.0,Yes,No,Centar,Studio,No,0.0,1,1,Good,80100
74.8,2013.0,No,No,Centar,Stan,Yes,1.0,2,1,Excellent,229700
44.0,2013.0,No,No,Periferia,Studio,No,1.0,1,2,Good,51900
52.2,1977.0,No,Yes,Zemun,Stan,No,0.0,2,1,Good,94200
20.0,1989.0,No,No,Predgradje,Vila,No,0.0,3,2,Excellent,29900
117.3,1963.0,No,No,Periferia,Stan,Yes,1.0,3,1,,144300
2.0,1991.0,No,Yes,Zemun,Stan,Yes,1.0,5,2,Good,158300
45.8,1988.0,No,No,Zemun,Studio,No,,1,2,Good,54500
36.9,,Yes,Yes,Periferia,Studio,Yes,1.0,4,1,Excellent,55100
52.6,1950.0,Yes,Yes,Zemun,Kuca,Yes,2.0,2,1,Poor,79800
82.9,1981.0,No,Yes,Zemun,Stan,No,0.0,2,2,Fair,129000
20.0,2013.0,No,Yes,Centar,Stan,No,3.0,2,2,Good,63800
61.5,1980.0,No,Yes,Vracar,Vila,No,1.0,1,2,Good,218500
109.3,2007.0,No,No,Zemun,Studio,No,0.0,2,1,Good,167000
36.7,1963.0,No,No,Novi Beograd,Studio,No,0.0,3,3,Good,82000
67.0,2018.0,No,No,Novi Beograd,Stan,No,0.0,4,2,Fair,139400
120.1,1965.0,No,Yes,Novi Beograd,Stan,No,0.0,5,1,,266700
80.8,2018.0,Yes,No,Novi Beograd,Kuca,No,2.0,3,1,Good,213800
68.1,2003.0,No,No,Novi Beograd,Studio,No,1.0,3,2,Excellent,143900
77.7,1962.0,No,No,Vracar,Stan,Yes,2.0,2,1,Fair,165900
55.0,1980.0,No,No,Predgradje,Studio,No,1.0,4,3,Excellent,65100
97.5,2018.0,No,No,Vracar,Kuca,Yes,1.0,3,2,Good,280000
55.0,1970.0,Yes,Yes,Centar,Stan,No,0.0,2,1,Poor,98600
20.0,1979.0,Yes,No,Centar,Stan,No,1.0,3,3,Good,51700
55.2,1972.0,No,Yes,Zemun,Stan,No,1.0,2,1,Poor,69100
40.8,1987.0,Yes,Yes,Novi Beograd,Kuca,No,1.0,3,1,Excellent,126300
58.0,1978.0,No,No,Periferia,Stan,No,2.0,4,2,Excellent,97300
58.5,1981.0,Yes,No,Zemun,Stan,Yes,1.0,3,2,Fair,94300
94.9,2011.0,No,No,Periferia,Studio,No,2.0,4,1,Fair,114300
82.4,1994.0,Yes,Yes,Novi Beograd,Stan,No,1.0,4,1,Good,182700
71.6,1998.0,No,No,Zemun,Stan,Yes,0.0,1,2,Good,137600
64.9,,No,No,Novi Beograd,Stan,Yes,1.0,1,2,Good,139900
38.5,1953.0,No,No,Predgradje,Kuca,No,0.0,2,2,Fair,33200
20.0,1967.0,No,No,Zemun,Studio,No,1.0,4,2,Good,39000
67.8,2019.0,No,No,Novi Beograd,Stan,Yes,,2,2,Fair,147300
84.9,2013.0,Yes,Yes,Novi Beograd,Studio,Yes,,3,1,,206300
62.3,1977.0,Yes,Yes,Centar,Kuca,No,1.0,2,2,Excellent,211000
51.6,2007.0,Yes,Yes,Zemun,Stan,Yes,0.0,3,1,Good,117300
76.6,2005.0,No,No,Novi Beograd,Stan,No,0.0,2,1,Excellent,211200
62.9,1969.0,Yes,No,Zemun,Stan,No,2.0,2,2,Fair,104300
107.1,1983.0,,No,Novi Beograd,Stan,Yes,1.0,2,1,Poor,169900
95.8,1959.0,Yes,Yes,Zemun,Kuca,No,0.0,3,1,Good,192100
89.0,1971.0,No,No,Periferia,Kuca,No,1.0,2,1,Good,134000
83.9,1954.0,No,Yes,Periferia,Stan,No,2.0,4,1,Good,110800
32.7,1993.0,No,No,Periferia,Stan,No,0.0,2,1,Excellent,50300
81.6,1958.0,Yes,Yes,Centar,Stan,No,1.0,3,1,Excellent,248100
74.4,1992.0,Yes,No,Centar,Kuca,No,1.0,4,1,,212300
80.2,1953.0,Yes,No,Zemun,Stan,No,2.0,3,1,Good,141500
77.3,1991.0,Yes,Yes,Novi Beograd,Kuca,No,1.0,2,1,Poor,154000
76.3,,No,Yes,Vracar,Stan,Yes,0.0,4,1,Fair,167600
132.5,1990.0,Yes,No,Centar,Kuca,No,1.0,1,2,Good,384800
63.1,2013.0,Yes,Yes,Novi Beograd,Studio,No,1.0,2,1,Good,135600
88.4,2004.0,No,No,Centar,Stan,Yes,0.0,2,2,Good,222500
53.2,,No,No,Periferia,Stan,No,2.0,2,1,Fair,57400
84.8,,Yes,Yes,Novi Beograd,Vila,No,0.0,3,1,Good,280100
88.5,1995.0,Yes,No,Zemun,Stan,Yes,0.0,3,1,Fair,160500
74.1,1985.0,Yes,No,Centar,Kuca,Yes,,2,1,Good,223100
106.7,2015.0,,No,Zemun,Stan,Yes,1.0,2,1,Fair,176400
42.9,1993.0,No,No,Novi Beograd,Kuca,No,1.0,2,1,Poor,76100
52.8,1954.0,No,Yes,Periferia,Stan,No,0.0,2,1,Fair,58500
70.3,1978.0,Yes,No,Periferia,Vila,No,2.0,2,2,Fair,131300
87.0,1953.0,No,No,Novi Beograd,Kuca,No,0.0,2,1,Excellent,272400
69.5,1998.0,Yes,No,Predgradje,Studio,No,0.0,3,1,Poor,53200
97.1,2021.0,No,Yes,Predgradje,Kuca,No,0.0,3,2,Fair,133900
48.5,1957.0,No,Yes,Periferia,Kuca,No,2.0,2,1,Good,85800
36.5,2001.0,Yes,Yes,Periferia,Stan,No,2.0,4,1,Good,45600
72.7,2018.0,Yes,No,Novi Beograd,Studio,Yes,1.0,2,1,Poor,108600
63.1,1970.0,No,No,Zemun,Vila,Yes,0.0,3,1,Poor,128600
78.6,1976.0,Yes,No,Centar,Stan,Yes,1.0,1,1,Excellent,243800
64.3,1987.0,Yes,Yes,Centar,Vila,Yes,1.0,3,3,Good,260000
56.5,1954.0,No,Yes,Predgradje,Kuca,No,1.0,2,3,Good,59400
63.1,2010.0,No,Yes,Novi Beograd,Kuca,No,0.0,3,1,Good,151000
65.7,1957.0,No,No,Zemun,Stan,No,2.0,2,1,Fair,105000
57.4,1967.0,Yes,No,Periferia,Stan,Yes,0.0,2,2,Fair,69900
59.9,1953.0,Yes,No,Periferia,Stan,No,1.0,3,1,Good,91400
54.9,1953.0,Yes,No,Predgradje,Stan,No,1.0,3,2,Excellent,72500
86.4,1986.0,No,Yes,Novi Beograd,Kuca,No,1.0,2,1,Fair,205100
69.9,1964.0,Yes,No,Centar,Stan,Yes,0.0,2,1,Excellent,218600
121.4,1987.0,No,No,Vracar,Stan,No,0.0,1,1,Fair,252000
69.0,1976.0,Yes,Yes,Centar,Vila,Yes,1.0,1,2,Fair,254400
51.2,1997.0,Yes,Yes,Centar,Stan,No,3.0,1,1,Poor,107000
131.8,1995.0,Yes,No,Novi Beograd,Stan,No,3.0,2,3,Fair,267900
75.3,1995.0,No,Yes,Periferia,Stan,No,0.0,3,2,Excellent,129700
89.8,1997.0,No,No,Zemun,Stan,No,0.0,3,1,Good,156300
79.8,2008.0,No,No,Novi Beograd,Studio,Yes,1.0,3,1,Poor,110200
80.6,1953.0,Yes,No,Zemun,Kuca,Yes,1.0,3,1,Excellent,194200
78.4,1968.0,,No,Novi Beograd,Studio,No,2.0,3,2,Excellent,170400
37.4,2006.0,Yes,Yes,Centar,Stan,No,1.0,2,2,Good,105900
74.2,1968.0,No,Yes,Periferia,Kuca,Yes,1.0,4,2,Excellent,151800
31.9,1991.0,Yes,No,Zemun,Stan,No,1.0,3,1,Fair,47600
60.6,1954.0,,No,Periferia,Stan,Yes,0.0,2,1,Excellent,99100
46.9,1997.0,Yes,No,Centar,Stan,Yes,1.0,4,2,Good,129600
73.9,,No,No,Periferia,Stan,Yes,1.0,1,2,Excellent,129600
73.4,2016.0,Yes,No,Zemun,Stan,No,2.0,3,3,,142400
77.0,1975.0,Yes,Yes,Zemun,Stan,No,0.0,1,2,Fair,141600
72.2,2023.0,Yes,No,Zemun,Vila,No,0.0,4,1,Good,210900
49.8,2011.0,Yes,No,Periferia,Stan,Yes,3.0,3,1,Fair,75900
58.5,1956.0,No,No,Zemun,Stan,Yes,1.0,3,1,Fair,92200
88.0,1993.0,No,No,Zemun,Stan,No,2.0,3,2,,156500
91.7,1976.0,Yes,Yes,Predgradje,Kuca,Yes,1.0,3,1,Excellent,146800
36.3,1991.0,No,Yes,Periferia,Stan,Yes,2.0,2,2,Fair,58500
26.7,2022.0,Yes,No,Vracar,Studio,No,0.0,4,2,Good,59700
46.8,2005.0,Yes,No,Zemun,Vila,No,0.0,2,1,Good,126100
91.1,1952.0,No,No,Novi Beograd,Stan,No,2.0,4,3,Excellent,229500
95.4,,No,No,Novi Beograd,Stan,Yes,2.0,3,1,Fair,201600
41.9,2019.0,No,No,Zemun,Stan,No,1.0,2,1,Good,78000
72.7,2008.0,Yes,Yes,Predgradje,Kuca,No,1.0,1,2,Excellent,121000
110.9,1987.0,No,No,Predgradje,Stan,No,2.0,2,3,Good,129200
75.4,2017.0,Yes,Yes,Novi Beograd,Stan,Yes,0.0,4,2,Good,192700
100.5,2018.0,No,No,Vracar,Stan,No,,2,2,Good,237300
90.0,1950.0,Yes,No,Novi Beograd,Kuca,No,0.0,2,3,Excellent,247700
42.2,1999.0,No,Yes,Predgradje,Stan,Yes,0.0,2,2,Good,56600
60.3,2022.0,Yes,No,Predgradje,Stan,No,1.0,2,2,Fair,72800
65.9,1958.0,No,No,Zemun,Kuca,No,2.0,2,1,Excellent,158500
67.6,2002.0,No,Yes,Periferia,Kuca,No,1.0,2,1,Good,117500
87.9,1959.0,Yes,No,Zemun,Studio,Yes,3.0,4,2,Good,147200
75.2,1978.0,No,Yes,Zemun,Stan,Yes,0.0,3,2,Excellent,168200
20.0,1985.0,No,No,Centar,Studio,No,1.0,4,1,Fair,52800
32.2,1976.0,Yes,Yes,Vracar,Kuca,No,0.0,3,1,,90400
20.0,1967.0,Yes,No,Zemun,Stan,No,0.0,2,3,Good,49700
69.4,1967.0,No,No,Zemun,Kuca,No,0.0,4,2,Excellent,172100
71.0,1958.0,Yes,No,Novi Beograd,Stan,No,0.0,1,2,Fair,128000
72.1,2016.0,No,No,Predgradje,Vila,No,1.0,2,3,Good,108900
41.0,1956.0,Yes,Yes,Centar,Stan,Yes,0.0,2,2,Excellent,140300
81.9,2007.0,Yes,Yes,Vracar,Kuca,No,1.0,3,1,Poor,186400
82.9,1979.0,No,Yes,Zemun,Stan,No,2.0,2,1,Fair,147900
33.6,2022.0,No,Yes,Zemun,Vila,Yes,1.0,3,1,Excellent,135800
28.3,2010.0,Yes,No,Zemun,Stan,Yes,2.0,4,2,Fair,78100
65.0,1966.0,No,No,Novi Beograd,Vila,Yes,2.0,3,1,Excellent,241400
109.8,2002.0,Yes,No,Centar,Vila,No,,2,2,Fair,366600
107.5,1955.0,,No,Zemun,Stan,No,1.0,3,2,Good,189900
79.1,1988.0,No,Yes,Zemun,Studio,No,,4,1,Good,140500
46.8,1974.0,Yes,Yes,Centar,Vila,No,0.0,2,2,Good,184700
87.2,1991.0,Yes,No,Zemun,Stan,No,,1,1,Good,164800
53.7,1991.0,Yes,No,Vracar,Stan,No,1.0,1,1,Good,125100
45.8,2008.0,Yes,Yes,Zemun,Kuca,No,0.0,2,1,Excellent,116600
20.0,1987.0,Yes,Yes,Periferia,Stan,Yes,1.0,3,1,Fair,38000
67.6,1980.0,No,No,Centar,Stan,No,1.0,3,2,Good,170700
49.3,1978.0,Yes,Yes,Centar,Stan,No,1.0,2,2,Fair,116800
67.4,1958.0,No,No,Periferia,Stan,Yes,0.0,3,2,Good,96600
20.0,1950.0,No,Yes,Zemun,Stan,Yes,1.0,3,2,Fair,39200
69.2,2021.0,No,Yes,Zemun,Stan,No,,3,2,Fair,129200
20.0,,Yes,No,Periferia,Studio,Yes,3.0,2,2,Good,37400
92.2,1959.0,Yes,No,Periferia,Kuca,No,2.0,2,2,Poor,116100
78.0,1965.0,No,No,Predgradje,Stan,No,2.0,2,1,Poor,54500
58.0,1996.0,Yes,No,Vracar,Kuca,Yes,0.0,4,2,Good,155600
79.1,1992.0,No,Yes,Vracar,Kuca,No,0.0,3,2,Good,216900
40.5,1973.0,Yes,No,Vracar,Vila,No,1.0,2,1,Excellent,178600
66.8,1957.0,No,Yes,Centar,Stan,Yes,1.0,1,1,Good,169400
84.9,1975.0,No,No,Zemun,Stan,No,,3,2,Poor,130000
20.0,,No,No,Novi Beograd,Vila,No,1.0,2,2,Good,53900
53.8,1964.0,Yes,Yes,Predgradje,Vila,Yes,1.0,2,1,Poor,73300
64.4,1997.0,Yes,Yes,Zemun,Kuca,Yes,1.0,1,1,Good,131600
60.1,1952.0,No,No,Zemun,Studio,No,0.0,1,1,Excellent,113900
101.4,1965.0,Yes,No,Novi Beograd,Stan,No,0.0,2,1,Good,216200
36.9,1963.0,Yes,No,Centar,Kuca,No,2.0,2,1,Good,91000
49.5,1952.0,No,Yes,Centar,Stan,Yes,1.0,3,1,Fair,115900
20.0,2022.0,No,No,Vracar,Stan,No,2.0,5,1,Good,39400
102.8,2019.0,,Yes,Centar,Studio,Yes,1.0,2,1,Excellent,291700
58.8,1980.0,No,Yes,Zemun,Stan,No,2.0,2,2,,96400
54.0,1966.0,No,No,Periferia,Stan,No,0.0,2,1,Fair,61200
63.7,1998.0,Yes,No,Periferia,Vila,No,0.0,2,2,Good,127200
80.9,1952.0,No,Yes,Zemun,Stan,Yes,1.0,3,2,Good,151200
73.7,2004.0,No,No,Novi Beograd,Vila,No,2.0,2,2,,252200
131.2,2021.0,No,No,Periferia,Vila,Yes,1.0,1,1,Excellent,324100
76.3,1989.0,Yes,Yes,Periferia,Kuca,Yes,1.0,3,1,Poor,108000
53.4,2015.0,No,No,Centar,Stan,No,0.0,3,3,Good,118200
51.0,1989.0,Yes,No,Zemun,Stan,No,1.0,2,2,Good,86900
55.2,1979.0,Yes,No,Novi Beograd,Stan,No,1.0,1,2,Fair,110000
27.5,1974.0,No,No,Periferia,Stan,No,2.0,3,1,Good,34400
66.0,1956.0,Yes,No,Predgradje,Stan,No,1.0,2,1,Fair,72800
84.6,1999.0,Yes,No,Centar,Vila,No,0.0,2,1,Poor,249800
49.7,1950.0,Yes,Yes,Periferia,Stan,No,0.0,3,1,Fair,73700
44.8,1993.0,Yes,Yes,Zemun,Kuca,No,0.0,2,1,Excellent,119400
102.9,1998.0,No,No,Predgradje,Stan,No,1.0,4,1,Good,110800
29.3,1956.0,Yes,No,Vracar,Kuca,No,0.0,3,1,Good,82000
20.0,1952.0,No,No,Periferia,Vila,No,1.0,2,2,Fair,24700
36.2,1950.0,Yes,Yes,Centar,Stan,No,1.0,3,2,Good,94800
26.5,2000.0,No,No,Novi Beograd,Stan,Yes,0.0,3,1,Good,66400
74.7,1987.0,No,Yes,Centar,Kuca,Yes,1.0,2,3,Excellent,266100
56.0,1992.0,Yes,No,Predgradje,Kuca,No,2.0,1,2,Good,95400
59.5,2004.0,No,Yes,Periferia,Kuca,No,1.0,3,1,Good,108100
93.8,2006.0,No,No,Periferia,Stan,No,1.0,3,1,Poor,92900
47.7,2002.0,No,Yes,Predgradje,Stan,Yes,1.0,2,1,Good,71400
84.4,1982.0,Yes,No,Centar,Vila,No,1.0,1,2,Good,334800
102.8,2011.0,No,No,Novi Beograd,Vila,Yes,0.0,4,1,Excellent,396700
53.6,1960.0,,No,Centar,Stan,No,0.0,3,1,Fair,130700
83.4,2021.0,Yes,Yes,Novi Beograd,Studio,Yes,0.0,3,1,Fair,144800
59.0,2001.0,No,Yes,Novi Beograd,Stan,No,2.0,3,2,Good,140400
88.1,,Yes,Yes,Vracar,Stan,No,0.0,2,1,Fair,187800
25.7,1963.0,No,No,Novi Beograd,Stan,No,2.0,5,1,Fair,49000
23.9,1970.0,No,No,Centar,Stan,No,2.0,1,1,Excellent,66400
55.2,1983.0,No,Yes,Centar,Kuca,No,1.0,3,1,Good,160000
42.8,1963.0,Yes,No,Centar,Stan,No,1.0,2,1,,125500
52.1,1989.0,No,No,Predgradje,Stan,No,0.0,4,1,Excellent,61300
59.5,1984.0,No,No,Periferia,Studio,No,1.0,3,1,Fair,72400
83.0,1991.0,Yes,Yes,Predgradje,Kuca,No,2.0,3,1,Good,104900
54.8,1969.0,Yes,No,Vracar,Kuca,No,0.0,4,1,Poor,126700
44.4,2009.0,No,No,Novi Beograd,Vila,Yes,0.0,4,1,Excellent,180300
56.2,1958.0,No,No,Periferia,Stan,No,0.0,1,1,Good,51700
45.8,1982.0,No,No,Novi Beograd,Kuca,No,1.0,2,1,,120100
41.6,1998.0,No,No,Novi Beograd,Studio,No,0.0,3,1,Fair,67200
24.7,2017.0,Yes,Yes,Novi Beograd,Kuca,No,1.0,4,1,Good,68300
66.7,1953.0,Yes,No,Centar,Stan,Yes,1.0,2,1,Fair,151400
50.8,1997.0,Yes,No,Novi Beograd,Stan,No,0.0,1,2,Good,106000
89.2,1965.0,No,No,Novi Beograd,Studio,No,2.0,3,3,,177700
28.8,1996.0,Yes,No,Zemun,Stan,No,0.0,2,1,Excellent,58800
51.4,1975.0,Yes,Yes,Centar,Studio,No,0.0,3,1,Fair,94600
110.3,2019.0,Yes,No,Novi Beograd,Kuca,Yes,0.0,2,3,Good,280600
41.5,1986.0,,No,Periferia,Kuca,No,2.0,3,2,Excellent,75200
59.1,1971.0,No,No,Centar,Studio,No,2.0,4,2,Poor,108600
34.6,1956.0,Yes,Yes,Novi Beograd,Kuca,Yes,0.0,2,2,Excellent,111500
31.3,1991.0,No,No,Periferia,Stan,No,0.0,1,2,Fair,24800
103.7,1979.0,Yes,No,Centar,Kuca,No,2.0,3,1,Good,298800
69.3,2023.0,Yes,No,Centar,Studio,No,1.0,2,1,Good,154200
68.3,1955.0,Yes,No,Vracar,Stan,Yes,,3,1,Good,147200
22.6,1973.0,Yes,Yes,Novi Beograd,Stan,No,1.0,2,2,Excellent,57600
74.0,2015.0,Yes,Yes,Zemun,Stan,Yes,2.0,3,2,Fair,144600
93.9,1989.0,,No,Periferia,Vila,No,0.0,4,1,Fair,187400
93.7,1964.0,No,No,Centar,Stan,No,,2,1,Good,216400
81.7,2002.0,No,Yes,Zemun,Kuca,No,0.0,5,2,Excellent,236000
36.8,1954.0,No,No,Vracar,Stan,No,1.0,1,1,Fair,75000
72.8,1985.0,No,No,Centar,Stan,No,,3,2,Excellent,211700
81.7,2023.0,Yes,No,Zemun,Kuca,No,,1,2,Good,192700
20.1,1995.0,No,Yes,Novi Beograd,Stan,No,2.0,2,1,Fair,52100
37.0,1972.0,No,No,Vracar,Kuca,No,1.0,3,1,Good,106500
87.2,1994.0,No,No,Centar,Studio,No,0.0,1,2,Poor,145700
86.9,1959.0,,No,Vracar,Studio,No,3.0,1,1,Good,184700
26.3,2003.0,Yes,No,Novi Beograd,Stan,No,1.0,2,2,Poor,39900
84.9,2019.0,No,No,Periferia,Studio,No,1.0,3,2,Good,112100
67.4,1981.0,No,Yes,Centar,Kuca,No,3.0,1,2,,205300
84.5,1992.0,Yes,Yes,Vracar,Studio,No,2.0,2,2,Good,185900
49.1,1964.0,,Yes,Vracar,Stan,No,,3,1,Good,113500
81.1,2015.0,Yes,Yes,Zemun,Kuca,No,1.0,2,2,Good,176900
86.1,1964.0,No,No,Zemun,Vila,Yes,0.0,1,1,Fair,202100
56.2,1969.0,Yes,No,Zemun,Studio,No,2.0,3,2,Good,98100
65.4,1999.0,Yes,No,Periferia,Stan,No,2.0,3,1,Excellent,115000
48.8,1955.0,Yes,Yes,Periferia,Stan,No,0.0,3,3,Excellent,79900
106.3,,Yes,Yes,Novi Beograd,Stan,No,2.0,3,3,Fair,215700
62.0,1975.0,Yes,No,Vracar,Stan,No,2.0,2,2,Poor,124500
41.9,1971.0,No,No,Periferia,Stan,No,0.0,3,1,Excellent,69400
47.1,2022.0,No,Yes,Predgradje,Stan,No,1.0,2,1,Good,65700
68.2,2013.0,Yes,No,Periferia,Studio,Yes,0.0,2,1,Good,89700
83.8,2007.0,No,Yes,Novi Beograd,Stan,No,2.0,1,2,Good,200500
31.6,1986.0,Yes,Yes,Centar,Kuca,No,0.0,4,2,Fair,84300
111.2,2021.0,Yes,Yes,Vracar,Stan,No,1.0,3,2,Good,283800
72.7,1977.0,Yes,No,Zemun,Stan,No,0.0,5,2,Excellent,163100
76.7,1998.0,Yes,Yes,Vracar,Stan,No,0.0,4,1,Good,183100
62.6,2022.0,No,Yes,Vracar,Stan,No,0.0,5,3,Fair,146900
65.5,2016.0,Yes,Yes,Periferia,Studio,No,1.0,1,1,Fair,77200
61.3,2016.0,No,Yes,Novi Beograd,Studio,No,0.0,3,1,Fair,113300
90.4,1990.0,No,No,Periferia,Stan,No,1.0,2,2,Good,131600
64.8,1995.0,,Yes,Vracar,Stan,No,1.0,3,3,Fair,138100
84.2,2004.0,No,No,Novi Beograd,Stan,No,1.0,2,1,,153600
54.2,1960.0,No,Yes,Vracar,Studio,No,1.0,1,1,Excellent,116300
69.9,1975.0,No,Yes,Periferia,Studio,No,,3,2,Fair,70400
44.9,2021.0,No,Yes,Centar,Kuca,No,0.0,5,3,Poor,128400
95.4,1962.0,Yes,Yes,Centar,Kuca,Yes,0.0,3,3,Fair,247100
44.2,1985.0,No,Yes,Predgradje,Studio,No,1.0,2,1,Fair,37400
56.9,2013.0,No,Yes,Centar,Stan,No,1.0,4,2,,151000
57.1,2000.0,No,No,Zemun,Stan,No,0.0,2,2,Excellent,105400
56.2,1971.0,Yes,No,Zemun,Vila,Yes,1.0,4,2,Excellent,190800
83.1,2009.0,Yes,No,Vracar,Kuca,No,0.0,4,1,Good,234900
57.1,1951.0,Yes,Yes,Zemun,Kuca,Yes,0.0,3,2,Good,129300
99.8,2005.0,No,No,Novi Beograd,Kuca,No,1.0,3,1,Good,248300
44.5,1989.0,Yes,Yes,Zemun,Stan,No,0.0,3,1,Fair,64500
69.2,1977.0,No,No,Novi Beograd,Kuca,Yes,,3,1,Poor,128200
45.6,1952.0,Yes,No,Zemun,Kuca,Yes,3.0,2,2,Excellent,114700
75.5,2012.0,Yes,No,Centar,Stan,No,0.0,3,1,Fair,179900
64.6,1972.0,Yes,Yes,Zemun,Kuca,No,1.0,1,2,Fair,121900
61.1,2004.0,,Yes,Centar,Studio,No,,3,1,Good,146500
94.7,1981.0,Yes,Yes,Novi Beograd,Stan,No,0.0,3,1,Good,196000
48.6,1977.0,No,Yes,Novi Beograd,Stan,No,1.0,2,3,Poor,90000
79.7,1957.0,No,Yes,Centar,Stan,No,0.0,4,2,Fair,187600
45.8,1952.0,No,Yes,Periferia,Kuca,No,1.0,2,1,Good,62800
67.8,2002.0,No,Yes,Novi Beograd,Stan,No,1.0,2,3,Good,150600
35.1,,No,No,Predgradje,Kuca,Yes,1.0,1,2,Fair,39500
48.4,,Yes,No,Predgradje,Studio,No,1.0,2,2,Good,60900
62.9,1973.0,No,No,Zemun,Stan,Yes,1.0,2,3,Good,115400
110.4,1987.0,Yes,Yes,Centar,Vila,No,0.0,2,1,Excellent,509600
67.5,1977.0,No,Yes,Novi Beograd,Vila,No,3.0,2,1,Fair,206000
106.4,2011.0,Yes,No,Periferia,Stan,Yes,0.0,1,2,Fair,144800
70.5,2000.0,Yes,No,Novi Beograd,Stan,No,0.0,2,1,Good,156800
55.3,1956.0,Yes,Yes,Centar,Vila,No,2.0,3,3,Good,209100
103.5,1972.0,No,No,Zemun,Vila,Yes,2.0,3,1,Fair,255900
75.9,1995.0,No,Yes,Periferia,Stan,No,2.0,2,1,Good,119900
48.9,1977.0,No,No,Periferia,Stan,No,0.0,4,1,Poor,51800
76.8,1973.0,,No,Centar,Stan,Yes,2.0,1,2,,143000
57.7,1956.0,No,Yes,Zemun,Vila,Yes,1.0,3,1,Good,176600
20.0,1998.0,Yes,No,Novi Beograd,Stan,Yes,1.0,4,1,Fair,46400
88.4,1952.0,Yes,No,Novi Beograd,Kuca,No,3.0,1,2,Excellent,273900
92.4,1951.0,No,Yes,Periferia,Studio,Yes,0.0,2,3,Good,121200
110.9,1956.0,No,No,Novi Beograd,Stan,Yes,1.0,3,1,Good,249700
75.6,1970.0,Yes,Yes,Novi Beograd,Kuca,No,2.0,2,1,Good,189500
58.8,1958.0,No,No,Centar,Stan,Yes,1.0,2,1,Good,157400
85.9,1961.0,No,Yes,Periferia,Studio,No,0.0,3,3,Poor,78800
86.2,1973.0,No,No,Periferia,Stan,Yes,0.0,3,2,,131900
106.0,1982.0,Yes,Yes,Zemun,Kuca,Yes,1.0,2,2,,275800
63.9,1992.0,Yes,No,Periferia,Kuca,No,0.0,3,3,Fair,87000
60.9,1954.0,Yes,No,Centar,Stan,Yes,0.0,3,2,Fair,144200
47.1,2020.0,Yes,Yes,Vracar,Stan,Yes,0.0,2,1,Fair,120900
78.4,1963.0,Yes,Yes,Novi Beograd,Stan,No,0.0,2,1,Good,181200
26.3,1985.0,No,No,Centar,Stan,Yes,,3,3,Good,71300
84.4,,Yes,No,Vracar,Studio,No,0.0,2,2,Excellent,196100
79.7,1999.0,No,No,Predgradje,Studio,Yes,2.0,3,3,Good,76300
79.6,1960.0,Yes,No,Centar,Stan,No,0.0,2,3,Good,205400
68.5,1973.0,No,No,Novi Beograd,Kuca,Yes,2.0,2,1,Good,183300
103.3,1993.0,No,Yes,Novi Beograd,Kuca,No,2.0,2,1,Good,270300
86.8,2000.0,Yes,No,Novi Beograd,Studio,No,1.0,4,2,Good,162400
49.8,1966.0,No,No,Predgradje,Stan,No,0.0,4,1,Good,46900
50.3,2019.0,Yes,No,Vracar,Stan,No,,3,1,Good,125900
43.0,1957.0,Yes,Yes,Vracar,Stan,No,1.0,3,1,Good,94500
78.8,2023.0,Yes,No,Periferia,Kuca,No,0.0,1,2,Good,132700
40.0,1977.0,Yes,No,Centar,Stan,No,1.0,3,3,Good,105600
92.1,1961.0,No,No,Vracar,Stan,No,0.0,2,1,Good,221500
98.1,,No,No,Vracar,Stan,No,1.0,3,2,Good,226000
43.0,1986.0,Yes,No,Zemun,Kuca,No,1.0,4,2,Good,95600
60.4,2012.0,No,No,Predgradje,Stan,No,1.0,1,2,Good,59500
65.4,2012.0,No,No,Periferia,Stan,Yes,,3,2,,96400
87.1,1959.0,Yes,Yes,Novi Beograd,Stan,No,2.0,3,1,Fair,184400
105.2,1986.0,Yes,No,Periferia,Stan,No,0.0,2,1,Poor,108300
22.9,1960.0,Yes,No,Centar,Kuca,Yes,1.0,3,1,,64000
57.0,1968.0,No,Yes,Centar,Stan,No,1.0,3,3,Good,138200
58.3,2001.0,Yes,No,Novi Beograd,Stan,No,1.0,3,2,Excellent,157000
30.0,1967.0,Yes,Yes,Novi Beograd,Kuca,No,1.0,1,2,Good,81600
52.9,1981.0,,Yes,Vracar,Stan,Yes,2.0,2,1,Good,141900
75.7,1972.0,No,No,Zemun,Stan,Yes,2.0,5,2,Fair,127400
58.0,1961.0,Yes,No,Predgradje,Studio,Yes,1.0,3,2,Poor,40300
26.4,2007.0,No,No,Vracar,Stan,Yes,0.0,3,2,Good,86700
136.9,1970.0,No,No,Vracar,Stan,No,1.0,2,1,Fair,286500
71.7,1970.0,Yes,Yes,Centar,Stan,No,1.0,1,1,Good,193200
67.8,1978.0,No,Yes,Centar,Stan,No,1.0,4,1,Good,168300
37.6,1996.0,Yes,No,Zemun,Kuca,Yes,0.0,1,2,,86700
71.5,1961.0,No,No,Vracar,Kuca,Yes,1.0,5,2,Excellent,243300
60.9,2007.0,Yes,Yes,Periferia,Kuca,No,1.0,1,1,Good,105500
20.0,1990.0,Yes,No,Centar,Stan,No,0.0,2,1,Fair,33300
38.2,1968.0,Yes,No,Centar,Stan,No,2.0,2,1,Excellent,111900
84.9,1961.0,Yes,No,Vracar,Studio,No,2.0,3,2,Excellent,210600
113.6,1972.0,No,No,Novi Beograd,Vila,No,2.0,3,2,Fair,322200
74.2,1954.0,No,Yes,Centar,Stan,Yes,1.0,5,3,Poor,172000
92.6,1975.0,Yes,Yes,Zemun,Stan,No,1.0,2,2,Poor,142300
61.1,2012.0,Yes,No,Centar,Stan,Yes,1.0,1,1,Fair,136700
62.8,2001.0,No,No,Zemun,Stan,No,1.0,3,1,Excellent,142300
92.3,1959.0,Yes,Yes,Novi Beograd,Stan,No,1.0,3,1,Good,206200
106.6,1988.0,,No,Centar,Stan,No,0.0,2,1,Good,278900
97.5,1972.0,No,No,Novi Beograd,Kuca,Yes,1.0,2,2,Excellent,274400
38.3,1960.0,No,Yes,Periferia,Kuca,No,2.0,2,1,Good,65200
63.3,2021.0,No,No,Novi Beograd,Stan,Yes,0.0,3,1,Fair,122500
71.9,1997.0,No,Yes,Periferia,Stan,Yes,,2,2,Excellent,129900
58.5,1965.0,Yes,Yes,Centar,Studio,No,1.0,3,1,Excellent,148800
74.7,1995.0,No,No,Periferia,Stan,No,1.0,2,1,Excellent,134100
85.5,1996.0,Yes,Yes,Novi Beograd,Kuca,No,0.0,4,2,Good,226700
90.1,1997.0,Yes,Yes,Zemun,Stan,No,2.0,2,3,Good,162700
107.1,2018.0,No,No,Zemun,Kuca,Yes,0.0,2,1,Fair,186200
56.8,1974.0,No,No,Predgradje,Stan,Yes,2.0,3,2,Good,73300
30.9,1986.0,Yes,No,Novi Beograd,Stan,Yes,0.0,3,2,Excellent,1200000
74.0,2012.0,Yes,Yes,Centar,Stan,No,0.0,2,2,Fair,183600
112.1,1978.0,No,Yes,Centar,Stan,No,2.0,4,2,Good,288300
53.1,2007.0,No,No,Periferia,Stan,No,2.0,3,3,Good,91300
82.2,1980.0,,Yes,Vracar,Kuca,No,3.0,2,1,Poor,183900
82.4,2017.0,Yes,No,Periferia,Stan,No,0.0,3,1,Good,122100
69.8,1990.0,No,No,Novi Beograd,Stan,No,1.0,3,2,Fair,132400
65.2,1999.0,No,No,Novi Beograd,Kuca,Yes,0.0,3,2,Good,164000
41.9,1993.0,No,Yes,Centar,Kuca,No,0.0,4,1,Poor,96300
20.0,1958.0,Yes,Yes,Predgradje,Vila,No,0.0,3,2,Excellent,35100
37.2,2008.0,Yes,No,Zemun,Kuca,No,0.0,2,1,Fair,79200
55.2,1976.0,Yes,No,Predgradje,Stan,Yes,2.0,3,3,Fair,5000
92.4,2008.0,Yes,No,Novi Beograd,Kuca,Yes,0.0,3,2,Fair,216200
62.4,1952.0,Yes,No,Zemun,Vila,No,1.0,3,1,Excellent,198200
52.0,1956.0,No,No,Zemun,Studio,Yes,1.0,2,2,Good,80700
42.7,1965.0,Yes,Yes,Novi Beograd,Stan,No,,4,2,Good,100800
81.4,1998.0,No,Yes,Periferia,Stan,Yes,3.0,3,1,Good,123600
99.0,1981.0,Yes,Yes,Predgradje,Stan,No,0.0,3,3,Good,114100
91.6,1993.0,No,No,Periferia,Kuca,No,2.0,2,1,Fair,128600
80.2,1968.0,No,No,Zemun,Kuca,No,2.0,3,1,Good,164400
28.1,1952.0,No,No,Novi Beograd,Kuca,No,2.0,2,2,Fair,62200
56.2,2009.0,Yes,No,Novi Beograd,Stan,No,2.0,4,2,Excellent,139000
113.7,1984.0,No,No,Predgradje,Kuca,No,0.0,1,1,Good,148900
93.0,1978.0,No,No,Centar,Studio,No,0.0,3,2,Good,204900
26.6,2019.0,No,No,Zemun,Stan,Yes,1.0,2,1,Fair,54100
63.6,1994.0,No,Yes,Zemun,Kuca,Yes,1.0,3,2,Good,151900
74.1,1976.0,No,Yes,Zemun,Stan,Yes,2.0,3,1,Fair,121500
45.9,2018.0,Yes,No,Predgradje,Studio,Yes,1.0,1,2,Fair,36100
20.0,1984.0,No,No,Novi Beograd,Studio,No,0.0,2,2,Fair,16900
67.5,1968.0,No,No,Novi Beograd,Kuca,No,0.0,5,1,Good,171200
45.3,1966.0,No,No,Centar,Kuca,No,0.0,3,1,Good,129200
45.4,1984.0,No,No,Vracar,Studio,Yes,1.0,2,1,Fair,88600
56.1,1979.0,No,No,Novi Beograd,Stan,No,0.0,4,3,Poor,100600
61.7,1997.0,Yes,No,Novi Beograd,Stan,No,1.0,3,1,Good,121200
64.8,2006.0,No,No,Periferia,Studio,No,1.0,2,3,Good,70500
42.9,1966.0,No,Yes,Predgradje,Stan,No,0.0,3,1,Fair,38300
59.5,1964.0,,Yes,Centar,Stan,No,1.0,2,1,Fair,142800
21.1,1963.0,No,No,Novi Beograd,Studio,No,1.0,1,2,Excellent,44500
72.8,1963.0,No,No,Predgradje,Kuca,No,1.0,4,2,Excellent,130900
20.0,1994.0,No,No,Centar,Stan,No,3.0,2,2,Excellent,59700
57.8,1987.0,Yes,No,Centar,Stan,No,0.0,2,3,Excellent,182400
88.0,2012.0,No,No,Centar,Stan,Yes,1.0,3,3,Fair,219400
38.5,1960.0,No,No,Zemun,Stan,No,2.0,4,1,Fair,76500
82.9,1997.0,No,No,Centar,Stan,No,1.0,1,1,Fair,187300
93.9,1975.0,No,Yes,Predgradje,Kuca,Yes,1.0,2,1,Fair,102700
20.0,2016.0,No,Yes,Vracar,Stan,Yes,,3,2,Excellent,78200
61.2,1974.0,No,No,Vracar,Stan,No,1.0,3,1,Good,146000
20.0,2010.0,,Yes,Novi Beograd,Stan,No,0.0,4,2,Good,61700
62.0,1975.0,Yes,Yes,Vracar,Vila,No,1.0,1,2,Fair,213300
64.8,1983.0,No,No,Zemun,Stan,Yes,0.0,3,2,Excellent,142400
20.0,1958.0,Yes,Yes,Periferia,Stan,No,1.0,1,1,Excellent,27200
113.1,1989.0,No,No,Periferia,Stan,No,1.0,3,1,,144700
72.2,1956.0,No,Yes,Zemun,Kuca,No,1.0,1,1,Excellent,181600
43.8,1979.0,Yes,No,Predgradje,Kuca,No,1.0,4,1,Fair,52200
101.6,2015.0,No,Yes,Periferia,Stan,No,0.0,2,1,Poor,102400
20.1,1979.0,No,No,Periferia,Stan,Yes,0.0,3,1,Good,32600
34.3,2017.0,Yes,No,Centar,Stan,Yes,1.0,2,2,Good,106700
20.0,2007.0,Yes,No,Centar,Kuca,Yes,0.0,3,3,Poor,42700
110.0,,No,No,Novi Beograd,Kuca,No,1.0,3,3,Fair,253300
73.3,1963.0,Yes,Yes,Zemun,Stan,No,1.0,2,1,Excellent,168400
81.5,1986.0,Yes,No,Vracar,Stan,No,0.0,2,2,Good,207400
72.5,1993.0,Yes,No,Vracar,Stan,No,2.0,1,2,Good,177000
79.3,1955.0,Yes,No,Periferia,Stan,No,1.0,1,2,Fair,107400
67.0,1975.0,No,No,Periferia,Kuca,Yes,0.0,2,2,Poor,86400
71.8,1963.0,Yes,Yes,Predgradje,Stan,Yes,0.0,3,3,Fair,87000
67.7,1957.0,No,Yes,Novi Beograd,Stan,No,1.0,3,1,Fair,128100
49.8,1973.0,Yes,Yes,Zemun,Stan,No,0.0,3,2,,107300
63.8,1988.0,No,No,Novi Beograd,Vila,No,2.0,1,2,Fair,189600
71.8,1998.0,Yes,No,Centar,Studio,Yes,1.0,2,1,Good,165000
67.8,2012.0,No,Yes,Centar,Stan,No,2.0,3,1,Fair,167600
28.1,1975.0,No,Yes,Novi Beograd,Stan,No,0.0,2,1,Excellent,84400
31.4,1959.0,No,Yes,Vracar,Stan,No,1.0,2,3,Fair,85500
92.1,2007.0,No,Yes,Periferia,Stan,No,2.0,2,3,Good,143100
57.3,1963.0,,No,Centar,Stan,No,0.0,2,2,Poor,101100
79.6,,No,No,Zemun,Kuca,No,0.0,1,2,Good,181600
37.7,,Yes,No,Vracar,Kuca,No,1.0,3,1,Poor,76400
28.2,1988.0,No,No,Novi Beograd,Studio,No,3.0,2,2,Excellent,63700
43.9,1980.0,,No,Vracar,Stan,Yes,1.0,4,1,Good,101500
59.4,1999.0,No,No,Novi Beograd,Studio,No,1.0,4,1,Good,111900
48.4,1965.0,No,No,Zemun,Studio,No,1.0,3,3,Poor,64700
97.3,2021.0,No,No,Vracar,Stan,Yes,0.0,2,2,Good,234400
69.5,2000.0,Yes,Yes,Centar,Stan,No,1.0,2,2,Good,187500
111.2,1964.0,,Yes,Centar,Stan,No,0.0,2,1,Fair,258100
75.1,1987.0,Yes,No,Vracar,Stan,Yes,0.0,2,1,Good,179400
20.0,2020.0,Yes,No,Predgradje,Stan,No,2.0,4,2,Excellent,32400
91.4,2021.0,Yes,No,Novi Beograd,Kuca,Yes,1.0,1,1,Good,225400
27.3,,Yes,No,Zemun,Stan,No,3.0,3,1,Excellent,77300
70.8,1965.0,No,Yes,Zemun,Vila,No,0.0,3,1,Excellent,226000
45.6,2016.0,No,No,Predgradje,Stan,No,1.0,4,1,Excellent,61900
118.6,2014.0,No,No,Periferia,Vila,No,2.0,3,1,Good,237200
101.0,,No,No,Zemun,Stan,No,0.0,3,1,Good,176900
46.5,2013.0,No,No,Zemun,Studio,No,0.0,5,2,Good,83300
61.8,2010.0,No,No,Periferia,Stan,No,1.0,1,1,Good,83400
71.1,1981.0,No,Yes,Novi Beograd,Stan,No,1.0,1,1,Excellent,190600
86.6,1961.0,Yes,Yes,Novi Beograd,Studio,Yes,3.0,2,2,Poor,118500
65.7,1990.0,No,No,Centar,Stan,No,1.0,2,1,Good,168300
39.4,2015.0,No,No,Periferia,Kuca,Yes,2.0,2,1,Fair,63400
47.1,1957.0,Yes,Yes,Periferia,Kuca,Yes,2.0,1,1,Fair,63700
64.9,2008.0,No,No,Centar,Stan,Yes,0.0,1,1,Fair,138300
95.9,1974.0,Yes,No,Zemun,Stan,Yes,1.0,3,1,Good,173200
75.7,1954.0,Yes,Yes,Vracar,Kuca,No,0.0,2,2,Poor,145600
45.7,1994.0,No,Yes,Centar,Stan,No,0.0,4,1,Good,125400
81.2,1951.0,Yes,No,Predgradje,Kuca,No,2.0,2,1,Good,105400
55.3,1991.0,Yes,Yes,Novi Beograd,Studio,No,0.0,3,1,Fair,101300
87.3,1987.0,Yes,Yes,Centar,Stan,No,0.0,2,1,Fair,5000
128.2,1952.0,No,Yes,Zemun,Stan,No,0.0,3,1,Good,217900
56.0,1995.0,Yes,Yes,Zemun,Kuca,No,0.0,2,1,Good,127600
85.0,,No,No,Centar,Stan,Yes,1.0,1,2,Excellent,264400
46.4,,Yes,No,Zemun,Stan,No,1.0,4,1,Excellent,108600
62.2,1981.0,No,No,Vracar,Stan,No,1.0,4,3,,178900
65.7,1966.0,No,No,Centar,Kuca,No,2.0,2,3,Good,186800
60.2,2005.0,Yes,No,Centar,Stan,No,0.0,5,2,Excellent,194400
126.6,1952.0,Yes,No,Zemun,Stan,No,,2,2,Excellent,267600
57.3,2019.0,Yes,No,Novi Beograd,Studio,No,0.0,2,3,,141900
79.7,1998.0,No,No,Predgradje,Stan,No,1.0,3,1,,70900
20.0,2004.0,Yes,No,Periferia,Stan,No,1.0,2,1,Excellent,37600
75.8,1980.0,Yes,No,Predgradje,Vila,No,3.0,2,1,Good,128000
93.6,1970.0,Yes,Yes,Novi Beograd,Kuca,No,1.0,2,2,Good,238600
51.8,1965.0,Yes,Yes,Predgradje,Studio,No,0.0,2,1,Fair,44700
20.0,1966.0,Yes,No,Vracar,Stan,Yes,0.0,1,2,Good,48000
64.0,1950.0,No,Yes,Novi Beograd,Studio,No,1.0,1,1,Fair,94300
65.4,2021.0,No,Yes,Centar,Stan,No,1.0,4,3,Fair,166300
83.1,2014.0,Yes,No,Centar,Stan,No,0.0,2,1,Fair,195300
115.3,,No,No,Zemun,Stan,No,1.0,1,2,Excellent,244300
55.5,1986.0,No,No,Vracar,Stan,No,2.0,3,2,Poor,105000
43.6,1973.0,No,No,Novi Beograd,Studio,No,1.0,2,1,Fair,70800
35.8,2011.0,No,No,Zemun,Stan,No,1.0,2,3,Fair,57900
70.0,1970.0,No,Yes,Novi Beograd,Kuca,No,2.0,5,1,Good,189100
77.0,,No,No,Zemun,Kuca,No,0.0,4,1,Fair,155500
51.4,1984.0,No,No,Novi Beograd,Kuca,Yes,0.0,1,2,Fair,111800
84.5,1987.0,Yes,No,Periferia,Stan,No,,4,1,Good,119400
76.6,2002.0,Yes,No,Periferia,Kuca,No,0.0,4,1,Good,135600
66.1,1964.0,Yes,No,Vracar,Stan,Yes,2.0,3,1,Fair,130200
42.4,1991.0,No,No,Novi Beograd,Stan,No,0.0,3,2,Fair,99100
53.0,1953.0,Yes,No,Novi Beograd,Vila,No,1.0,2,2,Fair,155000
20.0,1988.0,No,No,Periferia,Stan,Yes,1.0,1,2,,43100
70.9,1972.0,Yes,Yes,Novi Beograd,Stan,No,1.0,3,2,Good,148700
65.7,1964.0,No,No,Novi Beograd,Studio,Yes,1.0,4,1,Good,114200
69.7,1961.0,Yes,No,Centar,Stan,Yes,1.0,3,1,Fair,155900
77.6,2019.0,No,No,Vracar,Kuca,No,1.0,2,2,Good,207100
74.6,2003.0,No,No,Vracar,Stan,No,2.0,2,2,Poor,119100
62.2,1987.0,Yes,Yes,Periferia,Stan,Yes,0.0,3,1,Poor,65400
66.2,1977.0,Yes,No,Novi Beograd,Stan,No,0.0,3,1,Good,137800
29.9,1968.0,No,No,Novi Beograd,Stan,Yes,,1,2,Good,54700
50.4,2018.0,Yes,No,Periferia,Stan,Yes,0.0,3,3,Fair,86700
66.3,2013.0,No,Yes,Periferia,Kuca,Yes,1.0,3,2,Good,124400
46.6,1953.0,No,Yes,Novi Beograd,Kuca,Yes,3.0,2,1,Excellent,142900
86.5,1959.0,No,No,Vracar,Vila,No,2.0,2,2,Good,308500
48.5,1961.0,No,No,Novi Beograd,Stan,No,2.0,2,1,Good,107000
70.4,,No,No,Predgradje,Kuca,Yes,1.0,4,2,Excellent,104700
67.9,1956.0,,No,Centar,Kuca,No,0.0,2,2,Excellent,234400
83.7,1993.0,No,No,Predgradje,Vila,No,2.0,3,1,Good,138100
87.5,1972.0,Yes,Yes,Zemun,Stan,No,2.0,3,1,Good,173700
82.4,1951.0,Yes,No,Vracar,Kuca,No,1.0,2,2,Fair,190500
20.0,1986.0,Yes,Yes,Centar,Studio,No,2.0,1,2,Good,58000
94.9,2018.0,No,No,Vracar,Stan,Yes,3.0,3,2,Fair,225400
103.2,1969.0,Yes,No,Vracar,Studio,No,1.0,3,2,Fair,191700
52.9,1993.0,No,No,Centar,Stan,Yes,0.0,2,1,Good,122300
70.9,2019.0,Yes,No,Zemun,Kuca,Yes,1.0,1,2,Fair,164000
42.7,2023.0,No,No,Predgradje,Vila,No,3.0,3,2,Good,87800
20.0,2000.0,Yes,No,Zemun,Kuca,No,0.0,3,1,Good,44400
46.5,1980.0,Yes,Yes,Zemun,Stan,No,1.0,1,2,Good,96100
51.5,1990.0,Yes,No,Centar,Stan,No,1.0,3,2,Fair,140600
56.1,2007.0,Yes,Yes,Vracar,Vila,No,0.0,4,2,Fair,179400
41.0,1954.0,No,No,Centar,Stan,No,,2,1,Good,108100
46.7,1982.0,No,Yes,Zemun,Stan,No,0.0,3,1,Excellent,103700
64.7,1992.0,Yes,Yes,Predgradje,Kuca,No,2.0,3,3,Poor,73400
45.7,1968.0,No,No,Zemun,Stan,No,1.0,2,1,Fair,70100
78.6,1981.0,Yes,Yes,Centar,Stan,No,2.0,3,1,Excellent,233000
82.0,1952.0,Yes,Yes,Novi Beograd,Stan,Yes,0.0,4,3,Poor,146900
124.5,1950.0,No,No,Zemun,Stan,No,0.0,4,1,Excellent,245400
93.1,1990.0,Yes,No,Vracar,Kuca,Yes,2.0,2,1,Good,257300
71.1,1997.0,,Yes,Periferia,Kuca,No,1.0,4,1,Good,116800
49.5,1988.0,No,No,Periferia,Kuca,Yes,0.0,2,3,Fair,70700
72.3,1954.0,Yes,No,Zemun,Studio,No,0.0,2,1,Fair,78800
73.2,1960.0,No,No,Novi Beograd,Studio,Yes,1.0,2,2,Fair,130000
52.2,1971.0,,No,Novi Beograd,Kuca,No,0.0,4,2,Excellent,143900
84.6,2013.0,No,Yes,Centar,Stan,Yes,1.0,2,1,Good,219600
30.0,1961.0,No,No,Novi Beograd,Kuca,No,1.0,4,1,Good,70200
58.9,2002.0,No,Yes,Vracar,Stan,No,1.0,2,1,Good,143500
78.9,2004.0,Yes,Yes,Zemun,Kuca,Yes,2.0,3,3,Fair,171500
57.8,2002.0,Yes,No,Zemun,Kuca,No,0.0,1,2,Good,123000
59.8,1970.0,No,No,Centar,Stan,No,1.0,1,2,Good,164000
61.6,1968.0,No,No,Novi Beograd,Vila,No,0.0,5,1,Good,202500
44.1,2018.0,No,No,Centar,Stan,No,2.0,1,1,Fair,108800
94.3,2021.0,Yes,No,Centar,Kuca,Yes,2.0,2,2,Good,285200
39.5,2015.0,No,Yes,Periferia,Stan,No,1.0,4,2,Excellent,80600
73.0,2008.0,No,Yes,Centar,Vila,Yes,0.0,4,2,Good,1200000
75.3,1998.0,Yes,No,Vracar,Stan,Yes,0.0,2,2,Poor,136400
41.3,2008.0,No,Yes,Centar,Stan,Yes,2.0,3,3,Good,148500
66.8,1972.0,Yes,No,Periferia,Stan,Yes,1.0,3,1,Fair,100700
42.3,1952.0,Yes,No,Zemun,Stan,No,2.0,1,2,Good,69900
99.8,2005.0,Yes,No,Novi Beograd,Stan,No,0.0,2,2,Excellent,269000
36.5,2007.0,No,No,Vracar,Kuca,No,1.0,2,2,Good,105300
48.7,2011.0,No,No,Zemun,Stan,No,1.0,2,2,Good,87900
34.4,1967.0,No,No,Predgradje,Stan,No,2.0,2,3,Good,56300
31.1,2010.0,Yes,Yes,Novi Beograd,Stan,Yes,1.0,2,2,Fair,76300
104.8,1986.0,Yes,Yes,Periferia,Studio,Yes,0.0,2,1,Fair,129600
78.6,2003.0,No,No,Predgradje,Kuca,No,2.0,2,1,Excellent,117700
68.5,2014.0,No,Yes,Predgradje,Kuca,No,0.0,2,3,Good,103400
48.6,1963.0,No,No,Zemun,Kuca,No,1.0,2,2,Poor,84500
87.7,1954.0,Yes,Yes,Zemun,Stan,No,1.0,3,1,Fair,139800
44.4,2011.0,,Yes,Vracar,Stan,Yes,0.0,4,2,Good,116300
84.8,1950.0,No,Yes,Periferia,Stan,Yes,1.0,2,1,Good,118200
43.2,2012.0,No,No,Vracar,Studio,No,,1,1,Excellent,119400
48.9,2016.0,No,Yes,Zemun,Vila,No,1.0,3,1,Fair,143100
84.0,1969.0,No,Yes,Vracar,Stan,No,0.0,4,1,Excellent,236500
86.6,1992.0,No,Yes,Zemun,Stan,No,2.0,1,1,Good,160500
79.9,1991.0,No,Yes,Periferia,Stan,No,3.0,1,2,Good,120900
38.8,2018.0,No,No,Centar,Stan,No,2.0,2,2,Good,94300
53.8,2023.0,Yes,No,Periferia,Kuca,Yes,2.0,3,2,Fair,103700
68.9,1988.0,No,Yes,Vracar,Stan,No,2.0,5,1,Excellent,199700
43.8,2011.0,No,Yes,Periferia,Vila,Yes,2.0,3,1,Fair,98200
99.3,1997.0,Yes,No,Vracar,Stan,Yes,3.0,3,1,Fair,236300
20.0,1955.0,No,No,Novi Beograd,Vila,No,1.0,3,1,,79000
45.5,2023.0,No,No,Predgradje,Studio,No,1.0,2,3,Good,46900
52.3,1991.0,Yes,Yes,Novi Beograd,Studio,No,1.0,3,1,Excellent,118100
20.0,2007.0,,No,Periferia,Kuca,Yes,,2,1,Good,41100
30.1,1992.0,Yes,No,Vracar,Kuca,No,1.0,2,1,Good,83400
80.6,1959.0,,No,Vracar,Kuca,Yes,2.0,2,3,Excellent,286500
65.8,1988.0,No,Yes,Novi Beograd,Kuca,No,0.0,3,2,Poor,122200
104.3,1962.0,No,No,Zemun,Kuca,No,2.0,3,2,Excellent,257000
103.6,1988.0,No,Yes,Novi Beograd,Vila,Yes,1.0,3,2,Fair,306700
75.8,1960.0,No,Yes,Centar,Kuca,Yes,0.0,1,1,Excellent,263400
72.8,,No,No,Novi Beograd,Studio,Yes,2.0,1,2,Fair,128100
66.6,1982.0,Yes,Yes,Centar,Studio,No,1.0,2,1,Good,143300
20.0,2009.0,,No,Predgradje,Stan,No,0.0,2,2,,31500
30.1,2008.0,Yes,No,Predgradje,Stan,No,0.0,2,1,Good,27400
67.5,2023.0,No,No,Novi Beograd,Stan,No,0.0,1,1,Good,155600
80.4,2000.0,No,No,Zemun,Kuca,No,0.0,3,3,Excellent,200000
72.2,1964.0,No,Yes,Novi Beograd,Studio,No,1.0,3,2,Good,134900
42.7,1992.0,No,Yes,Zemun,Stan,No,2.0,2,1,Excellent,112700
88.4,1976.0,Yes,No,Periferia,Kuca,No,1.0,3,2,Good,138600
102.1,2005.0,Yes,No,Predgradje,Kuca,Yes,1.0,1,1,Fair,126500
88.4,2009.0,No,No,Vracar,Stan,No,2.0,2,3,Poor,169500
89.7,2019.0,No,No,Periferia,Kuca,No,1.0,4,2,,145500
51.0,1996.0,Yes,No,Novi Beograd,Studio,Yes,1.0,3,1,Fair,97700
91.9,1957.0,Yes,Yes,Predgradje,Stan,No,1.0,1,1,Good,99700
68.6,2012.0,No,No,Centar,Kuca,Yes,1.0,4,1,Fair,186400
77.8,1956.0,Yes,No,Zemun,Kuca,Yes,0.0,3,2,Poor,126600
74.1,1951.0,No,No,Zemun,Stan,Yes,3.0,2,1,Poor,98500
62.0,,No,No,Zemun,Stan,No,0.0,3,1,Excellent,135000
43.5,1953.0,No,Yes,Centar,Vila,No,1.0,2,3,Good,168900
62.9,1975.0,Yes,No,Predgradje,Stan,Yes,0.0,3,1,Good,63700
89.7,2021.0,Yes,No,Centar,Stan,Yes,1.0,3,1,Excellent,276000
54.0,2018.0,No,Yes,Zemun,Stan,No,1.0,4,1,Poor,87200
87.3,,No,No,Novi Beograd,Kuca,No,0.0,1,1,Excellent,249900
83.4,1954.0,Yes,Yes,Novi Beograd,Kuca,No,0.0,2,2,Good,216200
57.5,2018.0,Yes,No,Vracar,Kuca,No,0.0,4,2,Fair,142000
99.7,1952.0,,No,Vracar,Stan,No,2.0,2,1,Good,240400
56.1,1987.0,No,No,Centar,Studio,No,0.0,4,1,Good,127700
102.7,1950.0,No,No,Centar,Stan,Yes,2.0,1,1,Good,249700
75.9,,Yes,Yes,Vracar,Stan,Yes,1.0,1,1,Excellent,218300
64.6,1962.0,No,Yes,Periferia,Stan,No,0.0,2,1,Fair,89100
42.8,2019.0,No,No,Periferia,Stan,No,,3,1,Fair,60000
62.8,1999.0,No,No,Centar,Studio,No,2.0,1,1,Poor,103800
59.9,1957.0,No,No,Novi Beograd,Vila,No,1.0,2,2,Fair,179000
33.5,1979.0,No,No,Centar,Stan,Yes,0.0,1,1,Fair,71800
59.6,1989.0,No,Yes,Centar,Studio,No,1.0,2,2,Excellent,157800
44.9,2023.0,No,No,Zemun,Studio,No,2.0,3,1,Poor,63200
79.6,1982.0,No,No,Zemun,Vila,No,0.0,2,2,Good,225000
97.7,2022.0,No,No,Centar,Stan,Yes,1.0,2,2,Good,250000
34.3,2001.0,,No,Novi Beograd,Kuca,No,0.0,2,2,,110600
107.8,1982.0,,Yes,Centar,Stan,No,0.0,3,1,Excellent,330000
61.8,2022.0,No,No,Periferia,Studio,No,1.0,1,1,Good,85600
40.6,1986.0,Yes,No,Predgradje,Stan,No,2.0,2,2,Excellent,66000
83.9,2019.0,No,No,Centar,Kuca,No,1.0,2,1,Good,248300
53.8,2018.0,Yes,No,Novi Beograd,Stan,No,1.0,2,1,Excellent,152800
63.0,1953.0,No,Yes,Periferia,Stan,No,1.0,4,3,Good,86300
54.9,2009.0,No,No,Predgradje,Kuca,No,1.0,4,2,Poor,54300
44.6,2023.0,No,No,Vracar,Studio,Yes,0.0,2,2,,117700
83.1,1980.0,Yes,No,Centar,Kuca,Yes,1.0,3,1,Good,246200
57.8,1963.0,No,No,Centar,Studio,No,0.0,3,1,Good,121600
29.1,2009.0,Yes,No,Zemun,Stan,No,2.0,4,1,Fair,56800
78.8,2017.0,Yes,No,Novi Beograd,Kuca,No,0.0,4,2,,195400
34.9,1975.0,Yes,No,Centar,Stan,Yes,1.0,2,1,Excellent,103500
36.2,1973.0,No,Yes,Zemun,Stan,Yes,1.0,5,1,Poor,63900
94.8,2005.0,No,No,Centar,Kuca,No,2.0,5,2,Good,275100
35.1,1958.0,No,Yes,Periferia,Kuca,Yes,2.0,3,1,Good,58400
20.0,1984.0,No,Yes,Novi Beograd,Kuca,No,0.0,3,2,Excellent,70300
80.6,1973.0,No,Yes,Centar,Kuca,No,1.0,3,1,Excellent,287500
57.4,1980.0,No,Yes,Zemun,Kuca,Yes,0.0,2,1,Good,121900
59.6,2015.0,No,Yes,Novi Beograd,Stan,No,0.0,3,1,Good,134300
57.1,2015.0,No,No,Predgradje,Stan,No,2.0,3,2,Fair,57400
70.8,1990.0,No,Yes,Vracar,Kuca,Yes,,1,1,Good,214800
46.2,1985.0,Yes,No,Novi Beograd,Stan,No,0.0,4,2,Good,97100
101.9,1983.0,Yes,Yes,Zemun,Stan,Yes,0.0,4,2,Excellent,242000
28.1,1988.0,Yes,Yes,Novi Beograd,Stan,No,1.0,1,2,Good,51600
76.1,1972.0,Yes,No,Predgradje,Kuca,Yes,2.0,3,3,Fair,103800
81.1,1993.0,No,No,Novi Beograd,Stan,No,0.0,2,1,Good,182300
46.0,2019.0,No,Yes,Vracar,Kuca,No,1.0,3,2,Fair,117200
39.4,,No,No,Centar,Kuca,Yes,1.0,2,1,Poor,88600
90.4,2008.0,Yes,Yes,Vracar,Stan,Yes,0.0,3,3,Fair,216000
40.2,1975.0,No,No,Periferia,Studio,No,1.0,2,2,Fair,32500
49.8,1971.0,No,Yes,Periferia,Kuca,No,1.0,4,2,Excellent,103800
87.2,1989.0,Yes,No,Novi Beograd,Kuca,No,1.0,3,1,Fair,195300
65.9,1960.0,No,No,Novi Beograd,Kuca,Yes,2.0,2,1,Fair,157900
20.1,1958.0,No,No,Periferia,Stan,No,,3,1,Excellent,43100
108.7,1961.0,Yes,Yes,Predgradje,Kuca,No,0.0,5,2,Good,135000
51.7,1975.0,No,Yes,Centar,Stan,Yes,3.0,1,1,Poor,114100
54.9,1987.0,Yes,No,Vracar,Vila,No,,2,1,Fair,185200
71.4,1952.0,Yes,No,Novi Beograd,Studio,Yes,2.0,4,2,Fair,111200
80.6,1964.0,No,Yes,Periferia,Kuca,No,1.0,3,2,Fair,125700
114.0,1996.0,No,Yes,Centar,Stan,No,1.0,4,1,Poor,228600
23.5,1954.0,No,No,Novi Beograd,Stan,Yes,1.0,1,2,Good,55400
85.6,2003.0,No,Yes,Periferia,Stan,No,0.0,4,1,Fair,98200
83.6,1973.0,No,No,Centar,Stan,No,2.0,3,1,Good,219500
61.6,1960.0,Yes,No,Vracar,Stan,No,1.0,4,2,Excellent,175400
84.7,1982.0,No,No,Vracar,Kuca,Yes,3.0,3,1,Good,229500
88.4,2023.0,No,Yes,Novi Beograd,Stan,Yes,1.0,1,2,Excellent,249600
30.5,2006.0,No,No,Novi Beograd,Vila,No,0.0,3,1,Good,108100
108.7,2001.0,No,Yes,Vracar,Stan,Yes,1.0,2,3,Good,267800
26.0,2013.0,No,Yes,Centar,Vila,No,0.0,3,1,Good,110000
36.6,1992.0,Yes,No,Zemun,Vila,No,,3,2,Poor,80000
58.5,1993.0,No,No,Periferia,Kuca,No,1.0,3,3,Poor,62500
113.1,1985.0,No,Yes,Periferia,Kuca,No,1.0,2,1,Good,180100
57.3,1961.0,No,Yes,Centar,Stan,No,3.0,3,1,Good,162500
64.2,2005.0,No,No,Centar,Kuca,No,2.0,1,1,Good,200400
100.8,1952.0,Yes,No,Novi Beograd,Stan,No,3.0,1,2,Excellent,257900
57.5,1999.0,Yes,No,Novi Beograd,Stan,Yes,0.0,2,1,Good,133400
35.5,1978.0,Yes,No,Vracar,Kuca,Yes,1.0,3,2,Good,105200
54.6,1965.0,No,No,Zemun,Stan,Yes,2.0,4,2,Good,110400
99.3,1989.0,No,No,Centar,Kuca,No,1.0,3,2,Excellent,349500
66.8,1976.0,Yes,No,Centar,Stan,Yes,0.0,4,1,Excellent,214600
113.3,2019.0,No,No,Novi Beograd,Stan,Yes,2.0,1,2,Excellent,302100
83.4,1991.0,Yes,Yes,Zemun,Stan,No,2.0,5,1,Fair,160500
48.9,2006.0,Yes,No,Centar,Stan,No,1.0,4,2,Good,129800
66.3,1959.0,Yes,No,Zemun,Stan,No,0.0,3,1,Fair,107700
43.7,1987.0,No,Yes,Novi Beograd,Stan,No,0.0,1,1,Fair,92200
48.3,1957.0,No,No,Periferia,Stan,No,1.0,2,3,Excellent,78400
177.0,1967.0,Yes,No,Periferia,Studio,No,1.0,2,1,,134500
90.5,1966.0,No,No,Novi Beograd,Stan,No,1.0,3,1,Excellent,236300
86.5,2007.0,Yes,No,Novi Beograd,Kuca,No,0.0,2,2,Fair,204300
49.4,2015.0,Yes,No,Vracar,Stan,No,0.0,2,2,Excellent,147700
104.2,1993.0,Yes,No,Novi Beograd,Studio,Yes,1.0,2,1,Fair,188600
92.5,2023.0,Yes,Yes,Zemun,Stan,Yes,,2,2,Good,192700
112.0,1958.0,No,Yes,Periferia,Stan,No,1.0,2,2,Fair,133100
110.8,1997.0,No,Yes,Zemun,Kuca,Yes,1.0,1,2,Good,226600
28.0,1988.0,Yes,No,Periferia,Stan,Yes,1.0,3,2,Fair,35000
37.3,1955.0,Yes,Yes,Novi Beograd,Kuca,No,2.0,2,1,Good,99900
39.9,,Yes,Yes,Centar,Stan,Yes,0.0,3,1,Poor,91100
41.4,2023.0,Yes,No,Zemun,Vila,No,2.0,3,1,Poor,96200
73.1,1967.0,No,No,Novi Beograd,Stan,Yes,2.0,1,1,Poor,110300
50.8,1992.0,Yes,No,Zemun,Stan,Yes,1.0,2,1,Good,102500
116.8,1982.0,No,No,Novi Beograd,Kuca,No,2.0,3,3,Excellent,354400
112.6,2002.0,Yes,No,Centar,Stan,No,0.0,4,3,Excellent,350500
64.8,2005.0,Yes,No,Predgradje,Studio,No,1.0,2,1,Fair,74700
113.9,1968.0,No,No,Centar,Stan,No,,3,1,Good,290700
102.2,2018.0,Yes,No,Predgradje,Kuca,No,,3,1,Good,136000
53.7,1975.0,Yes,No,Predgradje,Stan,Yes,1.0,4,1,Fair,50700
20.0,1978.0,,Yes,Periferia,Studio,No,1.0,4,3,Good,46300
59.6,1973.0,Yes,No,Zemun,Kuca,Yes,0.0,2,2,Good,113600
48.9,1955.0,Yes,No,Zemun,Stan,No,0.0,2,2,Fair,74600
70.2,2003.0,Yes,No,Periferia,Stan,Yes,1.0,3,2,Poor,74300
67.2,1988.0,No,No,Novi Beograd,Stan,Yes,0.0,1,2,Fair,129500
66.6,1953.0,No,No,Vracar,Vila,No,2.0,2,2,Good,232400
78.1,2007.0,No,No,Zemun,Stan,No,1.0,3,1,Poor,100400
34.7,1997.0,No,Yes,Vracar,Stan,No,0.0,3,1,Fair,59900
75.3,2009.0,No,No,Vracar,Stan,No,0.0,3,3,Fair,156100
54.0,1975.0,Yes,Yes,Novi Beograd,Stan,Yes,0.0,2,1,Poor,85300
70.0,1989.0,Yes,No,Zemun,Kuca,Yes,1.0,5,1,Fair,135500
88.9,2005.0,Yes,No,Periferia,Vila,No,3.0,2,2,Excellent,226400
34.4,1988.0,No,No,Novi Beograd,Kuca,Yes,0.0,1,1,Poor,77400
58.0,1988.0,Yes,No,Predgradje,Studio,No,2.0,3,2,Good,57600
62.0,1997.0,Yes,Yes,Zemun,Kuca,No,2.0,4,1,Good,140000
52.1,1974.0,Yes,No,Periferia,Stan,Yes,0.0,3,3,Good,76500
87.5,1983.0,Yes,Yes,Zemun,Stan,No,2.0,3,1,Good,175100
47.0,1970.0,Yes,No,Periferia,Kuca,No,1.0,3,1,Fair,73100
51.1,1974.0,Yes,No,Centar,Vila,No,3.0,1,1,Excellent,221900
47.3,1971.0,Yes,No,Periferia,Studio,Yes,1.0,3,1,Good,53000
92.3,1972.0,Yes,Yes,Centar,Stan,Yes,0.0,2,2,Excellent,297200
52.7,1974.0,Yes,No,Periferia,Stan,No,3.0,4,3,Good,79000
76.5,1975.0,Yes,No,Predgradje,Stan,No,0.0,2,2,Excellent,107500
114.4,1979.0,Yes,No,Novi Beograd,Vila,No,2.0,2,1,Good,381600
63.1,1987.0,No,No,Novi Beograd,Studio,No,0.0,3,1,Excellent,121000
92.8,1983.0,Yes,No,Periferia,Studio,No,1.0,2,1,Good,96600
106.8,2022.0,Yes,No,Novi Beograd,Stan,No,1.0,2,2,Good,238200
90.7,1964.0,Yes,No,Periferia,Kuca,Yes,3.0,2,1,Good,153500
64.6,1993.0,Yes,No,Centar,Stan,No,0.0,1,2,Excellent,195100
81.1,1959.0,Yes,No,Centar,Stan,Yes,1.0,4,1,Excellent,250400
32.8,1986.0,No,No,Predgradje,Kuca,No,1.0,2,1,Fair,37700
45.5,1956.0,No,Yes,Zemun,Stan,Yes,3.0,3,3,,94900
49.9,1981.0,Yes,Yes,Periferia,Stan,No,0.0,3,3,Fair,69400
121.0,1960.0,No,Yes,Novi Beograd,Studio,No,1.0,3,1,Good,206600
44.7,1997.0,Yes,Yes,Zemun,Studio,Yes,,3,1,Fair,75000
44.3,2017.0,Yes,No,Zemun,Stan,No,0.0,3,2,Fair,77700
38.9,1997.0,No,No,Zemun,Kuca,Yes,2.0,2,2,Excellent,98000
79.0,1994.0,Yes,Yes,Zemun,Stan,Yes,0.0,3,3,Fair,136900
68.6,1982.0,Yes,No,Zemun,Kuca,Yes,1.0,2,1,Good,135900
92.2,1953.0,No,No,Vracar,Studio,No,1.0,3,1,Good,183800
81.8,1996.0,No,No,Novi Beograd,Studio,Yes,0.0,2,1,Fair,129700
30.5,2002.0,No,No,Periferia,Kuca,No,,1,2,Fair,44300
44.8,1980.0,No,Yes,Novi Beograd,Stan,Yes,2.0,3,2,Good,106700
99.1,1980.0,No,Yes,Zemun,Stan,No,1.0,2,2,Fair,165000
59.9,1976.0,Yes,Yes,Novi Beograd,Stan,No,0.0,4,3,Excellent,172300
94.7,1997.0,Yes,Yes,Zemun,Stan,No,0.0,2,1,Excellent,206600
61.3,1985.0,No,No,Zemun,Studio,Yes,2.0,5,2,Fair,96300
40.8,1998.0,No,No,Novi Beograd,Stan,No,0.0,2,2,Fair,85500
57.4,1980.0,Yes,No,Centar,Stan,Yes,2.0,1,2,Good,154800
40.8,1993.0,No,No,Centar,Stan,No,1.0,1,1,Good,96800
50.9,2008.0,Yes,No,Zemun,Vila,No,1.0,1,2,Fair,117900
70.0,1972.0,Yes,No,Periferia,Stan,No,1.0,1,2,Poor,65400
77.8,2017.0,Yes,No,Centar,Kuca,No,1.0,2,2,Good,236400
25.2,1991.0,No,No,Zemun,Stan,Yes,2.0,2,1,Excellent,62100
64.6,1991.0,No,Yes,Novi Beograd,Stan,Yes,1.0,1,2,Good,154700
50.3,1962.0,Yes,Yes,Vracar,Stan,Yes,0.0,2,2,Good,122700
48.8,1950.0,No,No,Predgradje,Kuca,No,1.0,2,1,Excellent,61900
68.3,2002.0,No,Yes,Novi Beograd,Kuca,Yes,,3,1,Good,171500
51.2,1989.0,No,No,Vracar,Studio,No,2.0,2,1,Good,95900
99.6,1995.0,No,No,Centar,Stan,No,2.0,4,2,Good,251300
94.7,1971.0,Yes,No,Centar,Stan,No,1.0,3,2,Excellent,300900
94.5,2001.0,No,Yes,Novi Beograd,Vila,No,,3,1,Good,306300
52.6,1977.0,Yes,No,Centar,Stan,No,1.0,1,2,Excellent,151600
40.9,2002.0,Yes,No,Zemun,Kuca,No,2.0,3,1,Good,89200
67.1,2012.0,No,No,Vracar,Studio,No,3.0,2,1,Good,151400
61.2,1966.0,No,No,Vracar,Stan,No,3.0,4,1,Fair,138500
49.8,2013.0,No,No,Centar,Kuca,No,0.0,4,1,Fair,133200
35.6,1955.0,No,No,Novi Beograd,Stan,No,1.0,3,2,,62900
64.0,1963.0,No,No,Zemun,Stan,Yes,0.0,3,3,Fair,105000
54.9,1966.0,Yes,No,Predgradje,Stan,No,1.0,3,1,Good,67200
82.2,,No,No,Centar,Studio,No,,1,2,Fair,166300
81.6,2018.0,Yes,Yes,Periferia,Stan,No,0.0,3,2,Excellent,127000
92.5,1962.0,Yes,No,Zemun,Kuca,No,1.0,2,1,Fair,165000
33.5,2002.0,Yes,Yes,Zemun,Vila,No,1.0,3,1,Excellent,120700
75.0,1958.0,Yes,No,Vracar,Kuca,No,0.0,1,2,Good,207100
46.8,1993.0,Yes,Yes,Centar,Kuca,Yes,0.0,2,2,Fair,122500
34.5,1975.0,Yes,No,Centar,Stan,No,1.0,3,1,Good,80400
54.3,1968.0,Yes,No,Zemun,Stan,Yes,0.0,2,1,Fair,85400
91.7,1997.0,,No,Novi Beograd,Stan,No,1.0,3,3,Fair,171600
55.7,1979.0,No,No,Predgradje,Kuca,Yes,,3,1,Good,57300
104.1,1981.0,No,No,Vracar,Vila,Yes,2.0,5,2,Poor,301600
78.7,2018.0,Yes,Yes,Centar,Vila,Yes,0.0,2,1,Excellent,368600
55.1,1960.0,No,No,Zemun,Studio,No,0.0,3,1,Poor,52500
94.0,1975.0,Yes,No,Novi Beograd,Studio,No,1.0,4,1,Good,166800
76.1,1975.0,No,No,Vracar,Stan,No,2.0,2,1,,178000
41.7,1966.0,Yes,No,Zemun,Kuca,No,0.0,3,1,Good,80300
111.5,1993.0,No,Yes,Predgradje,Studio,No,0.0,2,1,Good,111600
71.5,1972.0,Yes,No,Periferia,Stan,No,2.0,1,2,Good,90200
65.5,1974.0,No,No,Zemun,Vila,No,0.0,1,1,Good,170300
43.6,1986.0,No,Yes,Zemun,Stan,Yes,0.0,3,2,Good,86300
94.5,2014.0,No,No,Predgradje,Kuca,Yes,2.0,2,2,Fair,121000
77.9,1951.0,Yes,No,Novi Beograd,Kuca,Yes,2.0,1,2,Good,195100
80.7,2023.0,Yes,Yes,Centar,Vila,No,0.0,2,1,Fair,289500
52.3,1981.0,No,No,Novi Beograd,Stan,Yes,3.0,2,2,Poor,95700
85.9,2023.0,Yes,No,Novi Beograd,Kuca,No,1.0,3,2,Good,230600
87.8,2004.0,No,No,Zemun,Kuca,No,,1,1,Good,184500
48.3,1999.0,Yes,No,Zemun,Stan,Yes,1.0,1,1,Good,92300
29.6,2014.0,No,No,Zemun,Studio,No,1.0,2,1,Good,62100
79.5,,No,No,Centar,Kuca,No,1.0,3,2,Fair,204400
25.7,1986.0,No,No,Zemun,Kuca,Yes,3.0,4,2,Fair,72500
68.8,1962.0,Yes,No,Novi Beograd,Stan,No,0.0,3,3,Poor,119900
53.8,2003.0,Yes,Yes,Zemun,Stan,No,,4,2,Good,116200
95.5,1952.0,No,No,Zemun,Kuca,No,1.0,2,1,Good,192000
55.2,1991.0,No,No,Novi Beograd,Stan,Yes,0.0,3,3,Fair,107500
92.7,1989.0,Yes,Yes,Centar,Stan,Yes,1.0,3,2,Good,250200
52.1,2023.0,Yes,No,Centar,Vila,No,1.0,3,1,Good,208600
90.0,2015.0,No,No,Periferia,Kuca,No,2.0,5,3,Good,152400
116.5,2009.0,No,No,Predgradje,Kuca,No,2.0,2,1,Good,155100
38.3,1960.0,No,No,Zemun,Stan,No,1.0,2,1,Good,72400
72.3,1950.0,No,No,Centar,Stan,No,0.0,4,2,Good,171800
133.7,1975.0,No,No,Vracar,Stan,Yes,1.0,2,3,Fair,280800
66.7,1991.0,Yes,Yes,Zemun,Stan,No,1.0,1,1,Fair,105300
66.5,2011.0,Yes,No,Periferia,Kuca,Yes,0.0,2,2,Fair,105300
84.7,2010.0,Yes,No,Centar,Kuca,No,1.0,2,1,Good,264800
66.0,2011.0,No,No,Centar,Stan,No,1.0,2,2,Excellent,194000
22.3,2023.0,No,No,Zemun,Stan,No,1.0,5,1,Good,44300
93.3,1961.0,Yes,Yes,Novi Beograd,Stan,No,3.0,2,3,Fair,181800
20.0,1976.0,Yes,Yes,Novi Beograd,Stan,No,,3,3,,46700
54.6,2016.0,Yes,No,Centar,Stan,Yes,1.0,2,1,Excellent,160300
95.2,1977.0,No,No,Vracar,Vila,No,1.0,2,3,Excellent,411100
56.1,2015.0,No,No,Periferia,Kuca,No,1.0,2,3,Good,99600
47.7,1977.0,No,No,Predgradje,Kuca,No,0.0,3,1,Excellent,71000
87.0,1970.0,Yes,Yes,Zemun,Stan,No,0.0,2,3,Poor,130500
43.7,1956.0,No,Yes,Vracar,Vila,Yes,0.0,3,3,Fair,151100
34.4,1963.0,Yes,Yes,Centar,Kuca,No,2.0,3,1,,83600
71.9,1988.0,No,No,Vracar,Studio,No,2.0,2,1,Good,135800
60.4,2022.0,Yes,Yes,Novi Beograd,Stan,Yes,0.0,1,1,Poor,106000
33.9,2011.0,Yes,No,Zemun,Vila,No,0.0,1,1,Good,94400
80.9,1961.0,Yes,No,Novi Beograd,Studio,Yes,0.0,3,1,Good,145400
76.6,1987.0,No,No,Novi Beograd,Studio,No,0.0,4,1,Fair,141900
56.0,2007.0,No,No,Centar,Stan,No,0.0,3,3,Excellent,175600
57.7,2005.0,Yes,No,Novi Beograd,Stan,Yes,0.0,2,2,Fair,122100
76.8,1988.0,Yes,No,Centar,Stan,No,,4,3,Good,210200
94.8,1953.0,No,No,Centar,Stan,No,0.0,2,3,Good,236500
57.9,1997.0,Yes,No,Predgradje,Studio,Yes,1.0,2,1,Poor,47200
81.4,1956.0,Yes,No,Vracar,Stan,No,0.0,3,2,Good,201900
79.1,2009.0,Yes,No,Vracar,Stan,No,2.0,2,1,Excellent,235300
87.0,1989.0,,No,Periferia,Stan,Yes,3.0,5,2,Excellent,152700
66.0,1957.0,Yes,No,Predgradje,Stan,No,1.0,2,1,Excellent,86400
42.2,2007.0,No,No,Zemun,Stan,No,0.0,1,1,Fair,64100
53.4,,Yes,No,Periferia,Studio,No,0.0,2,1,Good,59000
73.6,,Yes,No,Novi Beograd,Kuca,Yes,0.0,3,2,Poor,150900
110.5,2022.0,Yes,No,Novi Beograd,Stan,No,0.0,3,3,Fair,221000
52.9,1962.0,No,No,Vracar,Stan,No,1.0,5,1,Poor,88400
85.1,1988.0,Yes,No,Zemun,Stan,No,1.0,3,2,Fair,145900
56.8,1970.0,No,No,Zemun,Stan,Yes,,3,2,Excellent,133500
67.8,1996.0,Yes,Yes,Novi Beograd,Kuca,No,2.0,2,1,Fair,147600
102.9,,Yes,Yes,Centar,Kuca,Yes,0.0,1,2,Good,297000
84.1,,No,No,Zemun,Kuca,No,0.0,3,1,Good,157100
34.0,1979.0,No,Yes,Centar,Kuca,Yes,1.0,4,1,Good,83200
50.7,2004.0,Yes,No,Zemun,Stan,Yes,0.0,3,1,Excellent,119400
96.4,1989.0,No,Yes,Zemun,Vila,No,1.0,2,2,Fair,231000
68.5,1973.0,No,Yes,Zemun,Studio,Yes,3.0,3,1,Good,125300
36.3,1991.0,Yes,No,Periferia,Vila,No,2.0,2,1,Good,71000
44.5,1977.0,No,No,Periferia,Stan,No,0.0,1,2,Poor,46200
82.6,2000.0,Yes,No,Vracar,Vila,No,1.0,3,1,Good,299600
89.9,1971.0,No,Yes,Zemun,Studio,Yes,1.0,3,1,Excellent,166600
65.4,2023.0,No,No,Zemun,Studio,No,3.0,2,3,Poor,84400
126.9,2023.0,Yes,Yes,Centar,Stan,No,3.0,3,2,Poor,263100
85.6,1957.0,Yes,Yes,Centar,Kuca,No,0.0,2,1,Fair,229500
58.9,1963.0,Yes,Yes,Novi Beograd,Vila,No,2.0,2,1,Good,209600
44.6,1994.0,No,No,Vracar,Kuca,No,0.0,3,2,Good,123700
40.6,1987.0,No,No,Zemun,Kuca,No,0.0,2,2,Good,83100
73.4,1981.0,Yes,No,Periferia,Vila,Yes,1.0,3,2,Good,158400
52.8,2011.0,Yes,No,Centar,Stan,No,0.0,3,2,Excellent,165200
106.8,2016.0,Yes,No,Centar,Kuca,No,2.0,4,2,Good,320600
101.7,2010.0,No,No,Predgradje,Stan,Yes,0.0,4,1,Excellent,133200
80.8,1962.0,No,Yes,Centar,Vila,Yes,2.0,2,1,Excellent,378300
35.5,1996.0,No,No,Vracar,Stan,Yes,3.0,2,2,Good,88600
48.2,2003.0,Yes,Yes,Zemun,Kuca,Yes,2.0,3,1,Good,120500
96.4,2020.0,No,No,Vracar,Kuca,Yes,0.0,2,3,Excellent,320400
50.9,2001.0,No,No,Centar,Studio,Yes,1.0,3,2,Excellent,145500
93.1,2021.0,No,No,Centar,Kuca,Yes,1.0,1,1,Poor,212800
76.9,1974.0,Yes,No,Centar,Vila,No,2.0,3,2,Poor,218800
66.3,1972.0,No,No,Zemun,Vila,No,,2,2,Excellent,203100
47.4,2023.0,Yes,No,Vracar,Stan,No,1.0,2,2,,118500
62.6,1979.0,Yes,No,Novi Beograd,Stan,No,2.0,5,2,Excellent,169600
69.7,1960.0,No,Yes,Zemun,Stan,No,2.0,2,2,Good,142000
90.8,1984.0,No,No,Periferia,Stan,No,3.0,3,3,Fair,98300
42.9,1976.0,No,No,Centar,Kuca,No,0.0,3,3,Poor,95000
58.4,2016.0,Yes,Yes,Vracar,Vila,Yes,,1,1,Fair,204600
66.1,1996.0,No,No,Zemun,Studio,No,1.0,3,2,Fair,96500
81.6,1999.0,Yes,Yes,Novi Beograd,Stan,No,0.0,2,3,Good,188200
42.3,1957.0,Yes,Yes,Novi Beograd,Stan,No,0.0,3,2,Good,100400
32.1,2004.0,No,No,Zemun,Kuca,Yes,0.0,3,2,Excellent,93900
81.8,1991.0,Yes,No,Periferia,Kuca,No,2.0,2,2,Good,139900
27.1,2016.0,No,No,Periferia,Stan,Yes,2.0,2,1,Good,58200
97.1,1969.0,Yes,No,Zemun,Studio,No,0.0,3,1,Good,145000
61.1,1994.0,Yes,Yes,Zemun,Vila,No,0.0,3,2,Good,188300
26.3,1984.0,No,No,Novi Beograd,Stan,No,0.0,3,2,Good,49000
53.0,1969.0,No,No,Zemun,Studio,Yes,1.0,2,1,Poor,70700
74.5,1973.0,No,No,Vracar,Stan,No,2.0,3,1,Poor,136800
51.7,2006.0,Yes,Yes,Centar,Kuca,Yes,0.0,2,1,Poor,143600
65.5,2004.0,No,Yes,Zemun,Stan,Yes,1.0,3,3,Fair,124500
83.5,1958.0,Yes,No,Zemun,Stan,No,0.0,1,2,Good,152400
59.9,1965.0,Yes,No,Novi Beograd,Vila,No,3.0,2,2,Fair,168100
41.6,2004.0,No,No,Predgradje,Stan,No,,3,1,Excellent,68200
57.5,2021.0,Yes,Yes,Centar,Kuca,No,2.0,2,2,Excellent,219800
100.4,2007.0,No,No,Novi Beograd,Stan,Yes,0.0,4,3,,276600
107.1,2013.0,No,No,Centar,Stan,No,1.0,3,2,Excellent,323600
20.0,1998.0,No,No,Periferia,Stan,No,0.0,4,1,Fair,23400
92.3,1978.0,Yes,Yes,Zemun,Stan,No,1.0,2,2,Good,176200
71.3,1956.0,No,Yes,Novi Beograd,Kuca,No,0.0,1,1,,156100
88.1,2018.0,Yes,No,Zemun,Stan,No,2.0,3,1,Excellent,205100
51.2,1951.0,Yes,Yes,Novi Beograd,Kuca,No,1.0,2,1,Excellent,157500
20.8,1982.0,Yes,No,Periferia,Kuca,No,1.0,2,1,Excellent,38000
79.6,1997.0,No,No,Vracar,Kuca,No,2.0,3,1,Good,218700
41.5,1986.0,Yes,No,Vracar,Stan,No,1.0,3,2,Good,97400
30.3,1979.0,No,No,Predgradje,Vila,No,0.0,1,1,Poor,54600
32.0,1990.0,Yes,No,Novi Beograd,Stan,Yes,,3,3,Poor,66500
80.0,1953.0,Yes,Yes,Centar,Stan,Yes,3.0,2,1,Good,228500
68.5,1988.0,No,Yes,Zemun,Stan,No,1.0,3,3,Good,124600
84.6,,Yes,No,Predgradje,Stan,Yes,1.0,2,1,Excellent,114800
81.7,1999.0,No,Yes,Novi Beograd,Stan,No,,2,2,Poor,140000
54.5,1986.0,No,Yes,Centar,Kuca,No,1.0,3,1,Excellent,200000
63.2,2002.0,No,No,Novi Beograd,Stan,No,3.0,3,2,Good,148800
52.2,1974.0,Yes,No,Vracar,Stan,No,0.0,2,3,,139000
59.7,1980.0,No,No,Centar,Studio,Yes,1.0,3,2,Excellent,163700
40.8,1987.0,No,No,Zemun,Stan,No,0.0,2,1,Excellent,88700
74.8,2007.0,No,Yes,Predgradje,Stan,Yes,1.0,4,1,Fair,91000
91.9,,Yes,Yes,Vracar,Stan,No,0.0,3,1,Excellent,277500
44.6,1999.0,No,No,Novi Beograd,Studio,No,0.0,3,1,Fair,83000
97.0,1953.0,,Yes,Vracar,Stan,No,0.0,2,3,Poor,183600
67.8,2001.0,Yes,Yes,Centar,Stan,Yes,0.0,2,1,Good,186100
71.0,1980.0,No,No,Periferia,Kuca,No,0.0,2,1,Excellent,137000
22.5,,No,No,Vracar,Kuca,Yes,2.0,2,1,Good,62900
20.0,1950.0,No,Yes,Novi Beograd,Kuca,No,,2,1,Excellent,59100
68.6,1992.0,Yes,No,Zemun,Studio,No,1.0,2,3,Good,116300
84.7,2008.0,No,No,Vracar,Stan,Yes,0.0,3,1,Fair,181500
48.2,2010.0,Yes,No,Zemun,Stan,No,0.0,1,1,Excellent,108000
106.8,1990.0,No,Yes,Centar,Stan,No,2.0,4,2,Poor,204500
83.4,1967.0,Yes,No,Periferia,Stan,No,2.0,2,1,Excellent,148400
42.3,2009.0,Yes,No,Predgradje,Stan,No,2.0,5,1,Fair,65500
65.8,2018.0,Yes,Yes,Zemun,Stan,No,1.0,5,2,Good,127800
126.9,2008.0,No,No,Predgradje,Kuca,No,,2,3,Good,170500
33.9,1991.0,No,No,Centar,Kuca,No,0.0,5,2,Fair,100700
78.2,1985.0,Yes,No,Vracar,Stan,No,1.0,4,3,Good,194200
56.9,1989.0,Yes,No,Zemun,Kuca,No,2.0,1,2,Fair,5000
82.7,1979.0,Yes,No,Zemun,Stan,No,2.0,4,1,Fair,146800
96.7,1960.0,No,No,Vracar,Stan,No,0.0,1,1,Fair,186000
55.3,1974.0,No,No,Novi Beograd,Kuca,No,0.0,2,2,Good,153300
93.0,1994.0,Yes,Yes,Centar,Stan,No,0.0,3,1,Good,226000
120.5,2000.0,No,Yes,Novi Beograd,Stan,No,2.0,1,1,Good,257500
66.7,1992.0,Yes,Yes,Centar,Stan,No,0.0,2,3,Excellent,219400
84.6,2015.0,Yes,No,Zemun,Vila,Yes,1.0,5,1,Good,252400
50.2,1996.0,Yes,Yes,Novi Beograd,Kuca,No,2.0,5,2,Good,156600
65.5,1973.0,,No,Centar,Stan,No,2.0,3,2,Good,169700
60.6,1986.0,No,Yes,Zemun,Studio,No,0.0,3,2,Good,91100
84.9,2005.0,No,No,Zemun,Kuca,No,0.0,4,1,Good,180400
95.1,1995.0,Yes,No,Periferia,Kuca,No,2.0,1,2,,124700
62.3,,No,Yes,Zemun,Studio,No,1.0,4,1,Excellent,116300
103.3,2001.0,Yes,No,Novi Beograd,Stan,No,1.0,2,2,Good,221600
103.3,1964.0,No,No,Periferia,Stan,No,0.0,4,2,Fair,124800
86.2,1994.0,No,Yes,Vracar,Kuca,Yes,2.0,3,3,Good,243200
52.1,2007.0,No,No,Centar,Kuca,No,2.0,5,1,Poor,122800
49.7,2016.0,Yes,No,Zemun,Kuca,No,2.0,4,2,Fair,102400
44.7,2022.0,No,No,Predgradje,Kuca,No,,4,2,,54000
88.7,2021.0,No,Yes,Novi Beograd,Vila,No,0.0,3,2,Good,294800
34.7,2022.0,Yes,No,Novi Beograd,Vila,Yes,0.0,4,1,Good,122000
81.9,1990.0,No,No,Centar,Studio,No,2.0,3,1,Excellent,221600
38.0,2014.0,No,No,Centar,Studio,Yes,0.0,2,2,Poor,59700
85.6,1989.0,No,No,Vracar,Vila,No,0.0,3,3,Good,295500
65.4,1954.0,No,No,Zemun,Stan,No,0.0,1,1,Good,112400
98.3,1977.0,Yes,Yes,Centar,Stan,Yes,2.0,4,3,Fair,234900
93.5,1987.0,No,Yes,Predgradje,Stan,No,,1,2,Good,119300
100.9,1967.0,No,Yes,Periferia,Studio,No,2.0,5,3,Poor,90400
101.5,1986.0,Yes,No,Zemun,Kuca,No,1.0,2,1,Fair,191900
68.6,1976.0,Yes,Yes,Periferia,Kuca,No,3.0,2,2,Good,112900
36.0,1974.0,Yes,No,Centar,Stan,No,,4,2,Good,105900
38.7,2018.0,Yes,Yes,Vracar,Stan,No,2.0,1,2,Fair,88700
20.0,1976.0,No,No,Zemun,Kuca,No,1.0,2,2,Fair,52900
37.9,,Yes,No,Periferia,Stan,No,1.0,3,1,Fair,54600
66.7,1956.0,Yes,No,Periferia,Stan,No,0.0,2,2,,77400
51.0,1976.0,Yes,No,Novi Beograd,Stan,Yes,0.0,3,1,Fair,87800
60.5,2008.0,No,No,Predgradje,Stan,No,0.0,3,1,Good,81800
77.3,2021.0,Yes,Yes,Centar,Kuca,No,0.0,5,1,Good,244100
57.4,1980.0,Yes,Yes,Periferia,Stan,No,1.0,1,1,Good,74100
37.0,2017.0,Yes,Yes,Predgradje,Kuca,Yes,0.0,2,2,Good,57700
63.7,1953.0,No,No,Centar,Stan,Yes,0.0,3,2,Good,147100
42.5,1967.0,Yes,No,Zemun,Studio,No,2.0,2,1,Fair,55700
58.2,2012.0,No,Yes,Centar,Stan,Yes,2.0,2,2,Poor,126300
98.6,2001.0,Yes,Yes,Vracar,Kuca,No,3.0,2,1,Excellent,347500
58.2,2012.0,Yes,No,Vracar,Kuca,No,1.0,3,1,Poor,146600
109.3,1994.0,Yes,Yes,Zemun,Stan,No,2.0,4,2,Fair,197800
100.8,1961.0,Yes,No,Predgradje,Studio,Yes,2.0,2,1,,63500
50.5,1957.0,Yes,Yes,Zemun,Kuca,No,1.0,2,2,Good,128600
37.2,1971.0,Yes,No,Vracar,Stan,No,0.0,3,1,Good,73400
63.7,1990.0,Yes,No,Periferia,Stan,Yes,0.0,1,2,Excellent,115500
93.8,1990.0,No,No,Predgradje,Vila,No,0.0,3,1,Excellent,183300
52.7,2006.0,,Yes,Centar,Studio,No,2.0,2,1,Good,137000
87.7,1981.0,No,Yes,Predgradje,Stan,No,1.0,2,1,Good,93700
95.2,,No,No,Centar,Stan,Yes,1.0,2,2,Fair,232700
45.6,1955.0,,No,Periferia,Studio,Yes,0.0,2,1,Fair,56400
48.1,1988.0,Yes,No,Novi Beograd,Kuca,No,0.0,4,1,Fair,115400
82.8,1958.0,No,No,Centar,Studio,No,1.0,4,1,Fair,159300
68.8,1981.0,Yes,Yes,Vracar,Stan,No,1.0,3,1,Fair,162600
47.8,1985.0,Yes,No,Zemun,Kuca,Yes,1.0,3,1,Fair,108900
56.2,1965.0,Yes,No,Novi Beograd,Stan,No,0.0,1,1,Fair,102200
63.2,1961.0,No,No,Centar,Stan,No,,3,3,Excellent,186600
25.9,1990.0,Yes,No,Zemun,Kuca,No,3.0,3,1,Good,59400
84.1,2016.0,No,Yes,Predgradje,Vila,No,2.0,1,1,Excellent,156800
53.0,2007.0,Yes,No,Novi Beograd,Stan,No,0.0,2,3,Good,128400
20.0,1958.0,No,No,Novi Beograd,Stan,Yes,1.0,2,1,Good,43700
64.4,1966.0,No,Yes,Vracar,Kuca,No,0.0,2,2,Fair,155000
46.5,1954.0,No,Yes,Centar,Kuca,Yes,1.0,3,1,Fair,124200
107.2,1975.0,No,No,Periferia,Studio,No,1.0,4,3,Fair,118400
50.4,1950.0,No,Yes,Periferia,Studio,No,0.0,3,3,Excellent,65500
37.6,1950.0,No,No,Zemun,Stan,No,2.0,2,1,Excellent,86300
77.7,1984.0,Yes,Yes,Novi Beograd,Vila,No,1.0,2,1,Poor,194300
48.5,1958.0,Yes,No,Periferia,Studio,Yes,3.0,2,1,Fair,49500
45.5,1987.0,No,No,Zemun,Studio,Yes,0.0,3,3,Good,80400
77.7,1953.0,Yes,Yes,Periferia,Kuca,No,0.0,2,1,Fair,103000
39.0,2001.0,,No,Zemun,Studio,No,1.0,2,3,Good,64200
28.6,1968.0,Yes,No,Periferia,Stan,No,1.0,3,2,Fair,45800
108.1,1954.0,No,Yes,Zemun,Stan,No,1.0,2,1,Good,196000
79.5,1997.0,Yes,Yes,Vracar,Studio,No,3.0,1,2,Fair,158100
58.4,2012.0,Yes,No,Predgradje,Stan,Yes,1.0,1,1,Good,69800
64.9,1987.0,Yes,No,Vracar,Stan,Yes,1.0,2,2,,124200
77.6,2001.0,No,No,Zemun,Studio,Yes,2.0,3,1,Good,124800
89.3,1995.0,Yes,No,Novi Beograd,Studio,No,1.0,2,1,Excellent,206100
46.1,1958.0,No,Yes,Zemun,Stan,No,1.0,1,1,Fair,72100
74.2,1999.0,No,No,Zemun,Studio,No,1.0,2,2,Excellent,138500
52.3,2023.0,No,No,Centar,Kuca,No,1.0,1,2,Excellent,179700
60.3,2015.0,Yes,No,Centar,Kuca,No,0.0,4,2,Excellent,223500
69.0,1987.0,Yes,No,Zemun,Studio,No,0.0,2,3,Good,104700
64.8,1976.0,No,No,Periferia,Stan,No,,1,2,Good,77500
83.4,1969.0,Yes,No,Vracar,Stan,No,,3,2,Excellent,231300
77.2,2011.0,No,No,Novi Beograd,Stan,No,2.0,2,1,Poor,138600
27.3,2023.0,No,No,Zemun,Kuca,No,0.0,3,1,Good,66500
31.1,1965.0,Yes,No,Centar,Kuca,Yes,0.0,2,1,Excellent,92400
55.8,1962.0,No,No,Vracar,Studio,No,1.0,5,1,Good,107100
110.7,1969.0,No,No,Centar,Studio,No,1.0,5,2,Excellent,299800
43.7,1973.0,No,Yes,Centar,Kuca,No,,3,2,Good,143000
59.8,1999.0,No,No,Novi Beograd,Studio,Yes,1.0,3,3,,132000
51.6,1956.0,No,No,Novi Beograd,Stan,Yes,2.0,2,1,Good,121400
51.1,1978.0,Yes,No,Centar,Stan,Yes,1.0,5,2,Good,129400
69.5,1954.0,No,Yes,Novi Beograd,Studio,Yes,1.0,2,3,Good,127900
100.0,1984.0,No,Yes,Vracar,Stan,No,2.0,2,1,Excellent,280200
76.4,2014.0,No,Yes,Vracar,Stan,Yes,0.0,1,1,Excellent,230400
44.9,2019.0,,Yes,Novi Beograd,Kuca,No,2.0,2,3,Excellent,152400
133.8,2023.0,Yes,Yes,Periferia,Stan,No,1.0,3,2,Good,201500
67.0,1956.0,Yes,No,Centar,Studio,No,2.0,2,2,Fair,116300
50.6,1993.0,Yes,No,Vracar,Stan,Yes,0.0,3,3,Poor,105700
100.3,2021.0,No,No,Centar,Stan,No,2.0,2,2,Excellent,325900
53.3,1962.0,No,Yes,Centar,Stan,Yes,1.0,4,1,Good,145400
106.6,1987.0,No,No,Zemun,Kuca,Yes,1.0,3,2,Fair,221900
43.2,1962.0,Yes,No,Zemun,Stan,No,,3,2,,79700
100.8,2003.0,No,Yes,Periferia,Kuca,No,,3,1,,217100
70.0,1993.0,Yes,No,Zemun,Studio,Yes,1.0,4,2,Excellent,139500
97.3,1962.0,,No,Predgradje,Vila,No,1.0,1,1,Excellent,190400
112.5,1974.0,No,No,Centar,Stan,Yes,2.0,1,2,Good,283100
36.7,1973.0,Yes,No,Centar,Stan,No,0.0,3,1,Good,81700
96.9,1978.0,Yes,Yes,Centar,Kuca,No,0.0,3,1,Fair,252800
29.8,2019.0,Yes,No,Centar,Vila,No,2.0,2,2,Poor,99000
38.8,1967.0,No,Yes,Vracar,Vila,Yes,0.0,2,2,,158800
44.9,1954.0,No,No,Zemun,Stan,No,2.0,2,3,Poor,62000
77.6,1967.0,Yes,No,Centar,Kuca,No,1.0,2,3,Good,210400
65.8,2012.0,Yes,Yes,Predgradje,Stan,Yes,,4,1,Good,88100
60.8,1986.0,No,Yes,Periferia,Stan,No,0.0,2,1,Good,87500
68.7,2020.0,,Yes,Novi Beograd,Stan,No,2.0,3,1,,187300
79.8,2004.0,No,Yes,Centar,Stan,No,2.0,3,1,Poor,160800
81.7,2022.0,No,Yes,Centar,Stan,No,1.0,1,2,Good,216400
92.4,1961.0,No,No,Centar,Stan,Yes,1.0,1,1,Poor,171100
110.5,2001.0,No,No,Centar,Kuca,No,0.0,2,1,Poor,243000
64.5,2006.0,No,No,Vracar,Stan,No,2.0,3,1,Good,145200
52.0,1995.0,No,No,Novi Beograd,Kuca,Yes,1.0,2,1,Poor,93500
80.3,1993.0,No,No,Novi Beograd,Stan,No,0.0,1,2,Good,164100
36.4,1973.0,Yes,No,Predgradje,Stan,No,2.0,2,2,Good,43000
48.0,1958.0,No,Yes,Zemun,Stan,No,2.0,1,1,Poor,81900
90.0,1961.0,No,No,Predgradje,Stan,No,0.0,2,1,Poor,72100
61.9,1958.0,No,Yes,Centar,Kuca,No,2.0,2,2,Good,170800
34.8,1971.0,Yes,Yes,Novi Beograd,Stan,Yes,2.0,1,2,Excellent,104400
27.8,1966.0,No,No,Zemun,Kuca,Yes,3.0,3,1,Good,61400
66.2,1982.0,No,No,Centar,Stan,No,0.0,2,1,Good,160900
93.5,1996.0,Yes,No,Centar,Kuca,No,1.0,3,1,Good,271900
93.2,1964.0,No,No,Zemun,Studio,No,3.0,3,1,Good,144400
67.8,1982.0,No,Yes,Zemun,Stan,No,0.0,4,2,Fair,102200
115.2,1964.0,Yes,No,Vracar,Stan,No,1.0,1,1,Good,267600
62.4,1976.0,Yes,Yes,Vracar,Stan,No,1.0,2,2,Good,156800
61.5,2010.0,No,Yes,Vracar,Kuca,Yes,1.0,4,3,,177500
20.0,2017.0,No,Yes,Centar,Stan,No,0.0,4,2,Good,58100
53.8,1997.0,Yes,No,Novi Beograd,Kuca,No,2.0,2,1,,158800
86.3,1957.0,Yes,No,Centar,Kuca,No,0.0,1,1,Fair,217300
104.1,1955.0,Yes,No,Centar,Vila,Yes,1.0,4,1,Excellent,479100
44.2,2012.0,Yes,No,Predgradje,Kuca,No,1.0,2,2,Good,62100
76.6,1951.0,Yes,No,Zemun,Kuca,No,0.0,4,1,Good,162800
91.2,1971.0,No,No,Zemun,Stan,Yes,0.0,5,1,Poor,135300
65.3,1970.0,No,No,Novi Beograd,Vila,No,3.0,2,1,Good,210200
20.0,1955.0,No,No,Novi Beograd,Studio,No,1.0,4,1,Good,34000
71.2,2019.0,Yes,No,Novi Beograd,Stan,No,1.0,2,2,Good,154700
84.0,1962.0,No,No,Centar,Studio,No,2.0,3,3,,134300
41.3,1950.0,Yes,No,Centar,Stan,Yes,0.0,2,3,Good,106400
58.6,1971.0,No,No,Periferia,Studio,No,1.0,1,2,Poor,54500
36.1,1973.0,No,No,Zemun,Studio,Yes,0.0,3,1,Excellent,67300
20.0,2013.0,No,No,Vracar,Stan,No,1.0,2,1,Excellent,63500
90.7,1990.0,Yes,No,Vracar,Kuca,Yes,0.0,4,1,Poor,181300
64.9,1971.0,No,No,Predgradje,Stan,No,2.0,2,1,Excellent,87100
104.9,2010.0,No,Yes,Centar,Stan,Yes,1.0,1,2,Excellent,323200
86.4,1961.0,No,Yes,Novi Beograd,Stan,Yes,1.0,2,3,Good,207200
56.1,1953.0,No,No,Novi Beograd,Kuca,No,1.0,4,2,Good,153700
62.9,,No,Yes,Periferia,Stan,No,,2,2,Good,97800
79.2,1982.0,,No,Predgradje,Stan,No,2.0,4,2,Good,87900
89.2,1970.0,No,No,Novi Beograd,Kuca,Yes,0.0,2,1,Fair,204600
73.1,2022.0,Yes,Yes,Periferia,Stan,No,1.0,2,3,Fair,85100
92.6,2021.0,Yes,Yes,Periferia,Stan,No,0.0,4,2,Good,149100
57.6,2023.0,Yes,No,Novi Beograd,Stan,No,3.0,1,1,Fair,124500
40.1,,No,No,Novi Beograd,Stan,No,1.0,2,1,Excellent,95700
63.4,2021.0,Yes,Yes,Vracar,Stan,Yes,,4,1,Fair,156900
70.1,2001.0,,No,Predgradje,Stan,Yes,1.0,3,2,Good,82500
35.0,1996.0,No,No,Centar,Vila,No,3.0,3,1,Excellent,164800
31.6,2008.0,No,Yes,Periferia,Kuca,No,1.0,4,2,Good,66400
76.2,1996.0,No,No,Novi Beograd,Stan,No,1.0,3,2,Good,177400
54.8,2005.0,No,Yes,Zemun,Stan,No,0.0,4,2,Excellent,130700
60.9,1962.0,Yes,No,Vracar,Stan,No,0.0,3,1,Excellent,151800
56.0,1993.0,Yes,No,Zemun,Kuca,No,0.0,3,1,Fair,110300
103.0,1984.0,No,No,Periferia,Stan,No,1.0,2,2,Good,132200
96.5,1978.0,No,No,Periferia,Stan,No,2.0,4,1,Excellent,165300
34.1,2005.0,Yes,Yes,Periferia,Studio,Yes,2.0,3,1,Good,61400
51.7,1954.0,No,Yes,Centar,Stan,Yes,,2,3,Good,137200
86.3,2016.0,No,Yes,Zemun,Stan,No,0.0,3,2,Fair,148900
80.0,2002.0,No,Yes,Centar,Studio,No,2.0,2,2,Fair,151100
64.0,2009.0,No,No,Vracar,Kuca,Yes,1.0,3,2,Good,195300
36.6,1955.0,No,No,Vracar,Stan,Yes,1.0,5,1,Good,92300
47.9,1997.0,Yes,Yes,Vracar,Kuca,No,1.0,1,2,Excellent,166100
52.1,1984.0,No,Yes,Vracar,Stan,No,0.0,5,3,Good,133200
71.9,1967.0,No,Yes,Predgradje,Kuca,No,0.0,1,2,Fair,65200
107.6,1960.0,Yes,No,Centar,Stan,No,1.0,2,2,Poor,211400
47.8,,Yes,No,Zemun,Studio,No,0.0,2,2,Excellent,88200
39.3,1972.0,No,No,Novi Beograd,Vila,No,1.0,2,2,Fair,114500
62.3,1996.0,Yes,Yes,Centar,Vila,Yes,1.0,3,1,Fair,222200
90.8,2008.0,Yes,No,Centar,Vila,No,2.0,4,2,Excellent,414900
28.8,2006.0,Yes,Yes,Predgradje,Kuca,Yes,2.0,2,1,Good,49000
101.3,2005.0,Yes,No,Periferia,Stan,No,,1,1,Fair,131000
60.7,1976.0,Yes,No,Predgradje,Stan,No,2.0,3,1,,84100
46.6,2022.0,No,No,Predgradje,Kuca,Yes,3.0,3,1,Excellent,81400
25.0,1984.0,No,No,Novi Beograd,Studio,Yes,1.0,5,2,Poor,42800
82.7,2004.0,Yes,No,Novi Beograd,Stan,Yes,3.0,2,1,Excellent,226700
60.7,1958.0,Yes,Yes,Zemun,Vila,No,1.0,4,2,Good,160800
69.3,1967.0,Yes,Yes,Vracar,Studio,Yes,2.0,2,1,Good,149300
42.5,,No,No,Vracar,Vila,No,0.0,2,1,Excellent,177300
57.0,,Yes,Yes,Novi Beograd,Studio,No,1.0,5,2,Excellent,131200
52.8,2005.0,No,Yes,Zemun,Stan,No,2.0,2,1,Fair,103400
62.5,1997.0,Yes,No,Zemun,Stan,No,1.0,3,2,Fair,108400
48.3,1950.0,No,No,Centar,Stan,No,0.0,3,2,Poor,89000
26.6,1976.0,Yes,No,Vracar,Stan,No,1.0,2,1,Good,56900
133.2,1994.0,Yes,Yes,Zemun,Kuca,Yes,1.0,3,1,Poor,216200
30.9,2012.0,Yes,Yes,Zemun,Studio,Yes,2.0,3,1,Good,65000
69.5,2007.0,No,No,Novi Beograd,Studio,No,1.0,2,2,Poor,90200
20.7,1989.0,Yes,No,Zemun,Kuca,No,0.0,3,2,Good,31700
20.0,2012.0,Yes,No,Centar,Stan,Yes,2.0,4,2,Poor,66200
67.4,1987.0,No,No,Novi Beograd,Stan,No,2.0,2,1,Excellent,172900
69.4,1978.0,Yes,No,Periferia,Stan,No,0.0,5,1,Fair,87200
96.5,1989.0,Yes,Yes,Zemun,Stan,No,2.0,2,1,Fair,169800
75.0,1968.0,,Yes,Novi Beograd,Kuca,No,0.0,2,1,Excellent,221900
61.3,2005.0,No,Yes,Zemun,Stan,No,0.0,3,1,Good,108400
41.3,1993.0,No,No,Zemun,Stan,No,2.0,2,1,Fair,79000
102.5,2014.0,Yes,Yes,Periferia,Stan,No,2.0,4,2,Poor,118900
88.2,1962.0,Yes,No,Zemun,Kuca,No,1.0,4,3,Good,192300
33.8,1979.0,Yes,No,Zemun,Stan,No,0.0,4,1,Good,75200
65.9,1998.0,No,Yes,Vracar,Stan,No,0.0,3,3,Good,152300
68.6,2012.0,No,No,Centar,Stan,Yes,2.0,4,2,Good,194500
56.4,2020.0,No,No,Novi Beograd,Vila,Yes,2.0,3,3,Fair,181100
84.3,1984.0,Yes,No,Vracar,Stan,No,1.0,3,1,Good,195000
85.8,1960.0,No,No,Zemun,Kuca,No,0.0,4,3,Good,180400
60.2,1998.0,Yes,Yes,Vracar,Kuca,Yes,0.0,2,3,Excellent,209300
58.0,1989.0,No,No,Novi Beograd,Kuca,Yes,2.0,3,3,Poor,114400
102.5,1970.0,No,Yes,Centar,Vila,Yes,0.0,2,2,Good,408600
88.3,1996.0,Yes,No,Vracar,Stan,No,1.0,4,1,Poor,166300
66.8,1952.0,Yes,No,Novi Beograd,Stan,No,1.0,2,1,Good,134200
24.3,1979.0,Yes,No,Zemun,Stan,No,0.0,2,3,Excellent,57400
73.6,2016.0,No,Yes,Centar,Kuca,No,,1,1,Good,218100
82.5,2011.0,Yes,No,Zemun,Stan,No,1.0,2,1,Excellent,176700
20.0,1986.0,Yes,No,Predgradje,Stan,No,1.0,2,1,Good,23500
71.3,1971.0,No,No,Centar,Kuca,No,,3,2,Excellent,254600
54.6,1980.0,Yes,Yes,Vracar,Kuca,No,1.0,2,2,Good,148400
59.5,1995.0,Yes,No,Centar,Stan,No,0.0,3,3,Fair,129900
42.3,,No,Yes,Zemun,Kuca,No,1.0,2,3,Fair,76800
61.3,,No,Yes,Zemun,Kuca,No,0.0,2,2,Good,117100
99.8,1961.0,Yes,Yes,Vracar,Stan,No,0.0,4,2,Fair,221000
53.8,2012.0,No,Yes,Vracar,Stan,No,1.0,2,1,Good,138900
89.1,1987.0,Yes,No,Periferia,Kuca,No,3.0,1,1,Good,138400
44.8,1996.0,No,No,Centar,Kuca,No,2.0,5,3,Excellent,165400
84.0,2003.0,Yes,No,Centar,Stan,No,2.0,2,2,Good,211000
65.0,2004.0,,Yes,Periferia,Stan,No,1.0,2,1,Good,94100
73.8,1997.0,No,Yes,Zemun,Kuca,No,2.0,2,1,Excellent,188000
65.2,2022.0,No,Yes,Periferia,Vila,No,2.0,1,2,Excellent,174000
81.0,2021.0,No,Yes,Zemun,Kuca,Yes,1.0,2,1,Fair,175400
20.0,1964.0,No,No,Periferia,Stan,Yes,1.0,4,1,Good,22700
29.5,2020.0,No,No,Vracar,Stan,No,0.0,2,3,Fair,60900
75.4,1965.0,Yes,No,Zemun,Studio,No,1.0,1,1,Good,116700
20.0,1992.0,Yes,No,Predgradje,Stan,No,2.0,4,2,Good,21300
51.7,1956.0,No,Yes,Zemun,Vila,No,1.0,2,2,Excellent,162500
63.6,1992.0,No,Yes,Centar,Vila,No,0.0,2,2,Good,252500
44.3,1977.0,No,No,Novi Beograd,Stan,No,1.0,3,2,Good,107400
47.7,2015.0,Yes,No,Centar,Vila,No,1.0,1,2,Excellent,216600
71.8,2009.0,Yes,No,Novi Beograd,Stan,No,2.0,2,1,Poor,119500
90.2,1952.0,Yes,Yes,Novi Beograd,Studio,Yes,0.0,3,3,Good,179700
41.0,1950.0,Yes,Yes,Zemun,Stan,No,1.0,5,1,Good,89400
50.6,1980.0,Yes,Yes,Zemun,Stan,No,1.0,2,1,Fair,87400
46.7,2005.0,Yes,No,Vracar,Kuca,No,3.0,3,1,Good,133200
20.0,1995.0,No,Yes,Zemun,Studio,No,1.0,1,2,Fair,38200
68.5,1981.0,Yes,No,Centar,Stan,No,2.0,2,1,Excellent,215200
88.4,1967.0,Yes,No,Centar,Kuca,No,0.0,2,1,Fair,228400
90.4,2017.0,No,No,Centar,Stan,Yes,0.0,2,1,Fair,226300
43.2,1984.0,No,Yes,Vracar,Stan,No,,2,1,Good,105800
33.7,1972.0,No,No,Novi Beograd,Stan,Yes,1.0,5,2,Fair,64300
65.5,1962.0,No,Yes,Novi Beograd,Stan,No,1.0,4,1,Fair,135600
85.7,,No,No,Vracar,Stan,No,,3,2,Good,192100
68.9,1986.0,No,Yes,Periferia,Stan,No,1.0,2,2,Good,98200
72.2,1954.0,No,Yes,Centar,Stan,No,1.0,3,2,,191300
93.5,1971.0,No,Yes,Zemun,Stan,Yes,1.0,3,2,Good,184900
46.5,1977.0,Yes,No,Zemun,Stan,Yes,0.0,1,1,Good,62300
59.5,1953.0,Yes,Yes,Periferia,Vila,No,2.0,2,1,Good,122000
105.9,1999.0,No,No,Predgradje,Stan,No,1.0,1,2,Fair,100800
60.1,1978.0,No,Yes,Centar,Vila,Yes,0.0,2,2,Fair,211200
33.3,1986.0,No,Yes,Centar,Kuca,Yes,1.0,1,2,Good,98400
48.3,1984.0,Yes,No,Periferia,Kuca,No,0.0,5,2,Excellent,93900
41.5,1969.0,No,Yes,Vracar,Kuca,No,1.0,2,1,Fair,102800
73.9,1984.0,No,No,Zemun,Studio,Yes,0.0,2,1,Good,101300
42.6,1951.0,No,No,Zemun,Stan,No,2.0,5,1,Good,77600
71.8,2007.0,No,No,Zemun,Kuca,No,3.0,3,1,Good,166600
46.6,1967.0,No,Yes,Predgradje,Kuca,No,0.0,3,1,Good,49600
20.0,2005.0,Yes,No,Predgradje,Kuca,No,0.0,2,1,Poor,23700
72.7,2013.0,Yes,No,Zemun,Studio,No,0.0,3,1,Good,118500
68.7,2001.0,No,No,Novi Beograd,Stan,No,1.0,1,2,Poor,99200
77.9,1971.0,Yes,Yes,Periferia,Kuca,Yes,0.0,2,1,Good,126000
48.2,2009.0,No,No,Centar,Kuca,Yes,2.0,3,1,Excellent,179000
45.5,1959.0,Yes,No,Novi Beograd,Stan,Yes,1.0,3,3,Good,115400
75.0,1955.0,Yes,No,Periferia,Stan,No,1.0,2,2,,88200
103.0,1955.0,Yes,No,Novi Beograd,Kuca,No,1.0,3,2,Excellent,311500
65.3,1977.0,Yes,No,Novi Beograd,Studio,No,2.0,3,2,Excellent,145500
75.6,1991.0,Yes,Yes,Centar,Stan,No,0.0,3,2,Good,202300
57.0,2023.0,,Yes,Periferia,Studio,No,1.0,2,1,Good,86600
26.4,1990.0,No,Yes,Vracar,Stan,No,1.0,4,1,Fair,51600
89.2,2012.0,No,Yes,Zemun,Stan,No,1.0,2,2,Excellent,204400
87.7,1971.0,No,No,Novi Beograd,Stan,Yes,1.0,2,3,Good,198100
82.8,1978.0,No,No,Periferia,Stan,No,0.0,2,1,Excellent,130000
60.5,2020.0,Yes,No,Periferia,Stan,No,1.0,4,1,Fair,87200
79.9,1983.0,No,No,Novi Beograd,Stan,Yes,2.0,4,1,Fair,171100
87.3,1951.0,No,No,Vracar,Kuca,Yes,0.0,2,2,Excellent,268900
105.5,1975.0,No,Yes,Novi Beograd,Kuca,Yes,1.0,3,1,Good,274700
89.7,1968.0,,No,Predgradje,Stan,No,0.0,1,2,Fair,91700
66.6,1969.0,,No,Zemun,Stan,Yes,1.0,1,2,Fair,109100
32.3,1982.0,No,No,Predgradje,Stan,No,2.0,4,2,Good,36400
68.9,1953.0,Yes,No,Novi Beograd,Kuca,No,1.0,1,2,Poor,121600
71.4,1981.0,Yes,No,Periferia,Stan,No,0.0,2,1,Good,99200
82.7,1968.0,Yes,No,Periferia,Stan,No,0.0,3,2,Good,124100
98.8,1952.0,Yes,No,Zemun,Vila,No,2.0,4,2,Good,288500
62.6,2010.0,No,Yes,Predgradje,Studio,No,0.0,2,1,Good,76900
117.5,1987.0,No,Yes,Novi Beograd,Stan,No,0.0,1,1,,303700
21.0,1955.0,Yes,No,Centar,Stan,No,1.0,1,1,Fair,38400
75.5,2005.0,Yes,No,Zemun,Stan,No,0.0,1,2,Good,127200
45.0,1989.0,Yes,Yes,Zemun,Studio,No,2.0,1,2,Poor,66500
20.0,2018.0,No,No,Zemun,Kuca,Yes,0.0,4,2,Good,76000
60.0,1991.0,Yes,No,Novi Beograd,Stan,No,1.0,1,2,Excellent,161200
28.6,2023.0,No,No,Vracar,Kuca,Yes,0.0,3,1,Excellent,104400
61.0,1951.0,No,No,Novi Beograd,Stan,Yes,1.0,4,2,Good,135000
65.9,1977.0,No,No,Vracar,Stan,Yes,1.0,3,2,Good,164600
93.0,1966.0,No,No,Zemun,Stan,Yes,2.0,1,1,Excellent,198700
27.3,2019.0,No,Yes,Zemun,Stan,No,,3,3,Excellent,75800
87.7,2018.0,No,No,Novi Beograd,Stan,No,0.0,4,2,Excellent,232000
67.5,1988.0,No,Yes,Vracar,Stan,No,0.0,2,2,Good,166400
90.7,1956.0,No,Yes,Novi Beograd,Stan,Yes,3.0,2,2,Excellent,246300
54.2,1981.0,No,No,Centar,Stan,No,1.0,2,3,Fair,129100
31.7,1953.0,No,No,Periferia,Studio,Yes,1.0,3,1,Fair,26800
34.6,1970.0,No,No,Predgradje,Stan,No,2.0,2,2,Poor,38600
32.7,1981.0,No,Yes,Novi Beograd,Stan,No,0.0,3,1,Fair,75400
76.9,1963.0,No,No,Periferia,Kuca,Yes,1.0,3,1,Good,119800
101.9,2019.0,Yes,Yes,Periferia,Studio,No,0.0,2,1,Excellent,147100
50.9,1995.0,Yes,Yes,Periferia,Studio,No,0.0,3,1,Good,57500
80.7,1969.0,No,No,Centar,Stan,No,0.0,1,2,Good,189300
26.9,2007.0,Yes,No,Predgradje,Stan,No,2.0,3,1,Good,36900
69.5,1997.0,Yes,No,Novi Beograd,Kuca,No,1.0,3,2,Good,181800
81.7,1956.0,Yes,No,Novi Beograd,Kuca,No,0.0,3,3,Good,204900
28.8,1989.0,No,No,Centar,Stan,No,0.0,1,2,Excellent,99300
59.9,2008.0,No,Yes,Vracar,Vila,No,0.0,3,1,Good,214300
82.9,1985.0,Yes,Yes,Centar,Stan,No,2.0,2,1,Good,215200
20.0,1993.0,Yes,No,Novi Beograd,Vila,No,1.0,2,1,Good,68900
98.4,1980.0,No,No,Novi Beograd,Studio,No,2.0,2,1,Excellent,211900
73.8,1991.0,,No,Periferia,Kuca,No,2.0,1,1,Fair,117900
82.9,1993.0,Yes,Yes,Periferia,Vila,No,2.0,2,2,Good,195600
54.7,1992.0,Yes,No,Novi Beograd,Kuca,No,0.0,2,1,Good,144400
21.9,1992.0,No,Yes,Periferia,Stan,No,0.0,2,1,Good,41200
78.4,1996.0,,No,Periferia,Stan,Yes,1.0,3,1,Excellent,133500
62.9,1955.0,No,No,Periferia,Stan,No,1.0,2,2,Fair,79000
65.8,2015.0,No,Yes,Centar,Stan,No,1.0,2,3,Good,188000
92.2,1958.0,No,No,Zemun,Kuca,No,0.0,2,3,Excellent,222600
84.1,1960.0,Yes,No,Predgradje,Stan,No,3.0,3,2,Good,109700
113.0,1967.0,Yes,No,Zemun,Stan,No,0.0,3,2,Good,204200
68.8,1974.0,No,No,Novi Beograd,Kuca,No,0.0,4,2,,153500
47.7,2023.0,No,No,Vracar,Studio,Yes,1.0,3,2,Fair,91200
60.3,2007.0,No,No,Zemun,Stan,Yes,,1,2,Good,115300
75.4,1979.0,No,No,Vracar,Stan,Yes,0.0,3,2,Fair,171500
90.4,1950.0,No,Yes,Centar,Stan,Yes,0.0,2,1,Excellent,257200
28.3,2012.0,No,Yes,Novi Beograd,Kuca,No,0.0,2,3,Good,82200
65.2,1978.0,Yes,Yes,Periferia,Stan,No,0.0,5,1,Fair,94600
105.2,2015.0,Yes,No,Periferia,Kuca,Yes,0.0,2,1,Good,173900
59.0,2002.0,,No,Centar,Stan,No,1.0,3,1,Good,137600
88.3,1968.0,Yes,No,Predgradje,Stan,No,1.0,5,2,Fair,81600
77.3,2015.0,Yes,Yes,Novi Beograd,Vila,Yes,1.0,2,1,Fair,241900
88.9,2001.0,No,No,Zemun,Stan,No,1.0,1,1,Good,148200
44.8,1980.0,No,No,Periferia,Stan,No,0.0,2,2,Good,80400
44.9,2009.0,Yes,Yes,Periferia,Stan,Yes,0.0,1,2,,84200
65.5,2017.0,No,No,Predgradje,Stan,Yes,2.0,1,2,Good,73900
26.7,1979.0,Yes,No,Novi Beograd,Kuca,No,1.0,5,1,Good,80600
58.3,,Yes,No,Periferia,Stan,No,0.0,5,2,Good,87300
71.3,1964.0,No,No,Centar,Stan,No,3.0,3,2,Good,181800
109.6,1969.0,No,No,Zemun,Stan,No,1.0,3,3,Good,206900
75.1,1983.0,Yes,No,Zemun,Kuca,No,0.0,1,2,Fair,123600
80.6,1969.0,Yes,Yes,Zemun,Studio,No,3.0,3,1,Excellent,158000
94.1,1999.0,Yes,No,Novi Beograd,Kuca,No,1.0,2,2,Good,236300
40.9,1976.0,No,No,Periferia,Kuca,No,3.0,2,1,,94900
60.9,1979.0,No,No,Centar,Stan,No,0.0,2,1,Good,143000
125.6,2005.0,Yes,Yes,Centar,Stan,Yes,0.0,3,1,Fair,305000
63.0,2014.0,Yes,No,Zemun,Stan,No,1.0,1,2,Good,115400
92.9,,No,No,Vracar,Stan,No,0.0,1,1,Good,225400
89.1,1973.0,No,Yes,Periferia,Stan,No,0.0,3,2,Good,120700
28.0,1974.0,No,No,Novi Beograd,Kuca,No,2.0,3,1,Good,62800
72.8,2002.0,Yes,No,Centar,Kuca,Yes,0.0,2,3,Excellent,262600
68.7,1960.0,No,No,Periferia,Vila,Yes,2.0,1,2,Good,148800
73.2,2009.0,Yes,Yes,Vracar,Stan,No,1.0,4,2,Good,191700
46.1,1996.0,Yes,Yes,Centar,Kuca,No,2.0,1,2,,120600
37.1,1974.0,Yes,No,Zemun,Studio,No,,3,1,Excellent,58800
53.1,1974.0,No,No,Vracar,Kuca,Yes,1.0,1,2,Excellent,168800
62.6,1966.0,No,Yes,Zemun,Stan,No,0.0,3,2,Good,107600
94.6,1961.0,No,Yes,Vracar,Stan,Yes,1.0,3,2,Fair,200600
110.4,2001.0,No,Yes,Periferia,Stan,No,0.0,4,2,Good,154900
99.9,1960.0,Yes,No,Periferia,Stan,Yes,0.0,2,3,Fair,129500
86.5,1959.0,Yes,No,Zemun,Kuca,No,0.0,1,1,Good,172600
39.9,2009.0,No,No,Centar,Stan,No,,4,1,Fair,85800
54.8,2003.0,No,No,Periferia,Stan,No,0.0,2,2,Good,68500
70.2,2012.0,No,No,Zemun,Kuca,No,1.0,4,1,Good,156600
49.2,1969.0,Yes,No,Zemun,Studio,No,0.0,3,2,Good,75600
79.4,1954.0,Yes,Yes,Novi Beograd,Stan,No,0.0,2,1,Good,167300
83.0,1990.0,Yes,No,Periferia,Kuca,No,2.0,5,1,Excellent,171100
78.4,2012.0,No,No,Zemun,Stan,No,1.0,2,2,Fair,139200
90.6,2005.0,,No,Centar,Stan,No,2.0,3,2,Good,243100
42.4,1981.0,Yes,No,Vracar,Stan,No,2.0,3,1,Fair,95500
88.3,1976.0,Yes,Yes,Periferia,Kuca,No,0.0,3,1,Poor,101900
47.6,2017.0,Yes,Yes,Centar,Vila,Yes,3.0,3,1,Fair,184100
41.5,1997.0,,No,Predgradje,Stan,No,0.0,3,3,Good,42600
78.3,1956.0,,Yes,Zemun,Kuca,No,2.0,3,1,Good,146300
95.4,1995.0,No,Yes,Zemun,Stan,No,1.0,2,1,Excellent,211300
77.2,1967.0,No,No,Novi Beograd,Kuca,No,1.0,3,3,Good,176000
65.5,1987.0,Yes,No,Novi Beograd,Stan,No,1.0,1,2,Poor,103800
72.8,2014.0,No,Yes,Predgradje,Stan,No,2.0,1,2,Good,86000
68.4,,No,Yes,Novi Beograd,Studio,Yes,1.0,1,1,Fair,130700
36.9,1987.0,Yes,Yes,Periferia,Kuca,No,1.0,2,1,Good,56800
33.9,2012.0,,No,Novi Beograd,Stan,No,0.0,4,1,Fair,73000
63.0,1991.0,No,No,Centar,Stan,No,2.0,3,2,Fair,146900
67.0,1957.0,No,Yes,Centar,Stan,No,0.0,5,1,Good,176000
65.3,1979.0,No,No,Vracar,Stan,No,1.0,1,1,Excellent,176300
81.9,2013.0,No,Yes,Predgradje,Studio,Yes,1.0,3,1,Good,77900
59.6,1958.0,No,Yes,Novi Beograd,Vila,No,1.0,2,3,Excellent,236200
79.1,2006.0,Yes,No,Novi Beograd,Stan,No,1.0,1,2,Fair,160200
61.4,2008.0,Yes,Yes,Novi Beograd,Stan,Yes,2.0,4,2,,183300
110.6,2016.0,Yes,No,Vracar,Studio,Yes,2.0,2,1,Good,232400
67.0,1954.0,No,No,Vracar,Stan,No,0.0,2,3,Fair,133800
123.5,1953.0,Yes,Yes,Periferia,Kuca,Yes,2.0,2,2,,190300
73.8,1957.0,No,No,Vracar,Stan,Yes,3.0,3,1,Fair,168100
59.7,1991.0,No,No,Vracar,Kuca,No,2.0,3,3,Good,161800
42.5,1984.0,Yes,No,Centar,Kuca,No,2.0,2,1,Fair,115700
28.9,1962.0,No,No,Predgradje,Studio,No,1.0,2,2,Good,15100
40.2,1954.0,Yes,No,Novi Beograd,Studio,No,0.0,1,2,Excellent,89100
43.0,1989.0,Yes,Yes,Centar,Stan,No,1.0,1,1,Poor,92700
74.9,1968.0,Yes,No,Zemun,Kuca,No,1.0,4,1,Good,170500
51.8,1953.0,No,Yes,Zemun,Studio,No,2.0,4,3,Good,93500
69.7,2008.0,No,Yes,Vracar,Stan,No,1.0,5,1,Excellent,210700
97.0,1967.0,Yes,No,Vracar,Stan,No,2.0,4,2,Good,255100
62.8,1973.0,No,Yes,Periferia,Stan,No,1.0,4,2,Good,95400
117.0,1980.0,No,Yes,Centar,Stan,No,0.0,4,1,Good,304700
35.6,2007.0,Yes,No,Periferia,Stan,No,0.0,5,1,Fair,37700
61.2,1977.0,Yes,No,Zemun,Kuca,No,2.0,4,1,Poor,109500
51.5,1958.0,Yes,Yes,Vracar,Stan,No,0.0,2,1,Good,141900
88.4,1994.0,No,Yes,Vracar,Studio,No,0.0,2,3,Poor,140700
20.0,1998.0,No,Yes,Novi Beograd,Stan,Yes,1.0,3,2,Good,63600
28.9,1951.0,Yes,Yes,Periferia,Stan,No,2.0,3,1,Fair,51500
62.3,1955.0,Yes,No,Vracar,Stan,No,1.0,3,1,Good,160800
103.8,1978.0,Yes,No,Novi Beograd,Stan,No,2.0,3,1,Fair,213300
70.6,1975.0,Yes,No,Zemun,Stan,No,0.0,3,1,Excellent,141000
31.2,1977.0,No,No,Predgradje,Stan,No,0.0,1,2,Excellent,38700
35.1,1956.0,Yes,No,Vracar,Stan,No,1.0,2,1,Fair,79400
106.8,1983.0,No,No,Predgradje,Kuca,No,2.0,4,3,Fair,132800
49.5,2005.0,No,No,Novi Beograd,Studio,No,1.0,3,1,Good,94800
41.4,1959.0,Yes,No,Centar,Stan,No,0.0,2,3,Poor,74600
101.9,2006.0,Yes,No,Novi Beograd,Kuca,No,1.0,4,1,Good,260000
90.3,1996.0,Yes,No,Vracar,Kuca,No,2.0,2,2,Fair,226300
96.9,1976.0,No,No,Novi Beograd,Stan,No,0.0,2,2,Excellent,250000
41.2,1988.0,No,No,Centar,Vila,No,0.0,2,1,Excellent,189800
26.9,1971.0,No,Yes,Predgradje,Studio,Yes,1.0,4,2,Good,39300
68.3,1968.0,No,No,Periferia,Stan,No,0.0,3,2,Good,86800
73.4,1958.0,Yes,No,Zemun,Stan,No,1.0,2,1,Excellent,148600
74.1,1968.0,Yes,No,Centar,Stan,No,0.0,4,1,Excellent,228700
102.0,1951.0,Yes,No,Centar,Stan,No,0.0,4,1,Excellent,305200
21.7,2010.0,No,No,Centar,Kuca,Yes,1.0,3,1,Fair,79400
86.5,2008.0,Yes,Yes,Zemun,Stan,Yes,0.0,4,2,Fair,165000
37.6,2019.0,No,No,Predgradje,Studio,No,0.0,3,1,Good,42000
86.4,2020.0,No,No,Vracar,Kuca,Yes,2.0,3,3,Good,242400
53.1,2019.0,Yes,No,Centar,Kuca,Yes,0.0,2,2,Poor,115900
44.7,1982.0,No,Yes,Vracar,Kuca,No,1.0,2,1,Poor,95400
49.8,2014.0,No,Yes,Novi Beograd,Stan,No,2.0,1,1,Excellent,141300
28.9,1974.0,Yes,Yes,Novi Beograd,Stan,Yes,0.0,4,2,Excellent,73500
66.0,2019.0,Yes,No,Zemun,Kuca,Yes,0.0,1,1,Good,149200
45.7,1977.0,Yes,Yes,Zemun,Stan,Yes,1.0,2,2,Excellent,111600
84.7,1967.0,No,Yes,Centar,Stan,Yes,0.0,2,1,Good,196500
81.0,2012.0,Yes,Yes,Centar,Studio,Yes,1.0,2,2,Excellent,219100
107.2,1998.0,No,Yes,Predgradje,Kuca,No,2.0,2,1,Good,136900
74.2,2015.0,No,Yes,Novi Beograd,Stan,No,0.0,4,2,Fair,146100
78.0,1989.0,No,Yes,Centar,Kuca,No,1.0,5,1,Good,239900
100.0,2015.0,Yes,No,Centar,Studio,No,2.0,4,1,,242200
49.3,1953.0,No,No,Centar,Stan,No,0.0,3,1,Good,122800
27.8,1983.0,Yes,No,Novi Beograd,Stan,Yes,0.0,5,1,Fair,68500
70.0,1954.0,Yes,No,Periferia,Vila,Yes,1.0,2,1,Excellent,166900
29.4,1971.0,No,No,Novi Beograd,Stan,No,3.0,3,1,Fair,66300
126.3,1969.0,Yes,No,Vracar,Stan,No,0.0,2,1,Fair,263300
101.4,1996.0,No,Yes,Zemun,Stan,Yes,0.0,4,2,Good,195300
119.1,1983.0,No,No,Vracar,Studio,Yes,0.0,2,2,Good,234900
66.6,1993.0,No,No,Periferia,Stan,No,1.0,3,3,Good,82600
78.8,1955.0,No,No,Periferia,Stan,No,0.0,3,1,Good,108900
53.5,2005.0,No,No,Centar,Stan,No,1.0,3,1,Good,141300
87.1,1978.0,Yes,Yes,Periferia,Vila,No,1.0,1,2,Good,181600
34.6,,No,No,Vracar,Stan,Yes,3.0,3,1,Good,109300
20.0,1950.0,No,No,Predgradje,Kuca,Yes,2.0,3,2,Poor,15100
45.2,2008.0,No,Yes,Vracar,Vila,No,2.0,2,3,Good,177400
28.6,1997.0,Yes,No,Predgradje,Stan,No,0.0,3,1,Excellent,57900
101.9,1956.0,Yes,No,Periferia,Vila,Yes,0.0,4,1,Poor,161900
110.4,,Yes,Yes,Novi Beograd,Vila,No,1.0,5,2,Good,362000
29.9,2010.0,,Yes,Vracar,Studio,No,1.0,2,2,Excellent,92600
97.3,2006.0,Yes,No,Predgradje,Stan,Yes,1.0,1,2,Good,111000
88.8,2000.0,No,No,Periferia,Kuca,No,0.0,2,1,Good,133300
25.8,1968.0,Yes,Yes,Centar,Studio,No,,3,3,Excellent,68700
55.2,1976.0,Yes,No,Zemun,Vila,No,0.0,4,1,Fair,150000
50.5,2012.0,No,No,Novi Beograd,Stan,No,1.0,4,1,Poor,86300
83.7,2009.0,Yes,No,Centar,Studio,Yes,0.0,4,3,Excellent,221500
34.3,2010.0,No,No,Vracar,Stan,No,2.0,3,3,Excellent,116700
62.5,2010.0,No,No,Novi Beograd,Stan,No,0.0,3,1,Good,125700
47.9,1994.0,No,No,Periferia,Stan,Yes,2.0,1,1,Good,72200
76.8,1970.0,No,Yes,Novi Beograd,Studio,No,2.0,2,2,Excellent,170700
59.6,1993.0,No,Yes,Periferia,Stan,Yes,2.0,4,1,Good,101700
51.6,1950.0,Yes,No,Centar,Kuca,Yes,3.0,3,1,Fair,140100
59.7,1993.0,No,Yes,Novi Beograd,Vila,No,0.0,2,3,Poor,140100
115.9,2011.0,No,No,Novi Beograd,Stan,Yes,1.0,1,2,Good,259500
54.6,2010.0,Yes,No,Novi Beograd,Kuca,No,2.0,2,2,Excellent,170000
39.0,1999.0,Yes,Yes,Centar,Stan,No,0.0,3,2,Excellent,135400
79.6,1990.0,No,No,Centar,Stan,Yes,1.0,4,2,Excellent,250600
61.4,1982.0,No,No,Zemun,Kuca,No,1.0,1,2,Excellent,169300
29.6,1961.0,Yes,No,Novi Beograd,Vila,No,1.0,2,2,Good,92500
500.0,1951.0,No,Yes,Vracar,Kuca,No,2.0,3,2,Good,340000
56.2,1970.0,No,Yes,Novi Beograd,Studio,No,1.0,2,2,Good,104800
55.6,1963.0,No,No,Periferia,Stan,No,0.0,2,3,Good,70900
69.0,1983.0,No,No,Predgradje,Stan,Yes,2.0,2,2,Good,88400
108.3,2013.0,No,No,Vracar,Kuca,Yes,0.0,2,3,,219400
23.0,1972.0,No,No,Novi Beograd,Stan,No,2.0,3,1,Excellent,71800
71.9,1999.0,No,No,Centar,Stan,Yes,3.0,4,1,Good,201500
117.2,1963.0,No,No,Predgradje,Kuca,No,2.0,3,1,Good,153200
68.2,1995.0,No,No,Centar,Stan,No,1.0,3,1,Good,183000
34.1,1954.0,Yes,Yes,Novi Beograd,Stan,Yes,1.0,2,1,Good,86300
49.5,2015.0,Yes,No,Novi Beograd,Kuca,Yes,1.0,3,1,Fair,129800
70.2,1971.0,Yes,Yes,Novi Beograd,Kuca,Yes,1.0,3,3,Excellent,233800
98.3,2019.0,No,No,Centar,Vila,No,0.0,2,1,Fair,337700
56.5,1951.0,No,Yes,Periferia,Kuca,No,0.0,3,1,Fair,77100
85.7,1978.0,No,No,Centar,Stan,Yes,1.0,2,2,Good,224400
29.1,,No,No,Zemun,Vila,Yes,1.0,3,1,Good,89300
28.9,2020.0,No,No,Centar,Studio,No,1.0,3,1,Excellent,89200
52.9,1965.0,Yes,No,Centar,Stan,Yes,1.0,3,1,Excellent,181000
101.0,2013.0,Yes,No,Predgradje,Stan,No,2.0,4,1,Excellent,136700
66.7,1963.0,No,Yes,Centar,Kuca,No,1.0,4,3,Fair,182100
72.2,1992.0,No,No,Periferia,Kuca,No,0.0,4,3,Poor,79800
72.0,1992.0,No,No,Vracar,Studio,No,1.0,4,3,Good,148200
92.7,2019.0,Yes,No,Centar,Kuca,No,0.0,1,2,Fair,246300
49.7,2004.0,Yes,No,Predgradje,Kuca,No,1.0,2,1,Excellent,77500
82.2,1980.0,No,Yes,Novi Beograd,Vila,Yes,0.0,1,2,Good,279500
44.2,2023.0,No,Yes,Periferia,Kuca,No,2.0,2,2,Excellent,100100
114.6,1989.0,No,Yes,Centar,Stan,No,0.0,2,3,Fair,260900
45.0,1976.0,Yes,No,Periferia,Studio,Yes,0.0,4,1,Good,65700
42.9,2001.0,Yes,No,Centar,Stan,Yes,2.0,3,1,Good,121200
78.7,1956.0,No,Yes,Vracar,Studio,Yes,0.0,3,1,Fair,140900
67.0,1995.0,Yes,Yes,Periferia,Vila,Yes,1.0,2,1,Good,141700
73.2,1982.0,Yes,Yes,Predgradje,Kuca,No,2.0,3,2,Good,92400
70.7,1957.0,No,Yes,Predgradje,Kuca,Yes,1.0,4,1,Good,92500
37.7,1954.0,No,No,Periferia,Stan,No,1.0,2,1,Good,47400
105.3,2010.0,No,No,Periferia,Stan,No,2.0,4,2,Poor,124900
87.3,2021.0,No,Yes,Centar,Stan,No,0.0,2,1,Good,212200
99.0,2009.0,Yes,Yes,Novi Beograd,Kuca,No,1.0,4,1,Fair,251500
51.8,1973.0,Yes,No,Novi Beograd,Studio,No,0.0,1,2,Poor,64000
75.4,1956.0,Yes,Yes,Novi Beograd,Kuca,Yes,0.0,3,2,Fair,173800
69.9,2010.0,No,No,Novi Beograd,Stan,Yes,0.0,5,2,Fair,144500
93.2,1985.0,Yes,No,Vracar,Stan,Yes,1.0,3,3,Good,224200
94.0,1976.0,No,No,Centar,Studio,No,2.0,3,1,Fair,182100
69.8,1978.0,Yes,Yes,Zemun,Stan,Yes,2.0,3,1,Good,139300
27.1,,No,Yes,Centar,Kuca,No,1.0,2,1,Good,80600
109.5,2019.0,,No,Novi Beograd,Studio,No,1.0,1,1,Good,218000
78.9,,No,Yes,Vracar,Kuca,Yes,1.0,2,2,Excellent,254600
49.8,1988.0,Yes,No,Periferia,Stan,No,2.0,2,1,Good,88500
75.2,1994.0,No,No,Zemun,Studio,No,0.0,4,1,Good,121900
27.2,2017.0,Yes,No,Zemun,Stan,No,0.0,4,2,Excellent,56300
91.4,1980.0,No,No,Centar,Vila,No,1.0,2,1,Good,338700
28.2,1987.0,No,Yes,Vracar,Stan,Yes,1.0,4,3,Good,73300
59.5,1955.0,Yes,No,Centar,Stan,Yes,1.0,2,1,Good,152900
71.1,1957.0,No,Yes,Novi Beograd,Studio,Yes,,2,2,Good,147500
91.0,1977.0,No,Yes,Vracar,Stan,Yes,0.0,3,2,Good,227900
67.7,1964.0,No,No,Centar,Kuca,No,0.0,2,3,Fair,165400
80.9,1957.0,No,Yes,Novi Beograd,Studio,No,,1,1,Fair,145800
64.3,2003.0,,Yes,Predgradje,Studio,Yes,0.0,3,1,Fair,59100
64.2,1955.0,Yes,Yes,Predgradje,Vila,Yes,0.0,5,1,Good,107000
67.1,1978.0,Yes,No,Novi Beograd,Stan,No,1.0,3,2,Fair,143900
60.3,1983.0,No,No,Centar,Kuca,Yes,1.0,2,2,Good,188300
22.8,1956.0,Yes,No,Centar,Stan,No,1.0,2,2,Good,64300
45.8,1989.0,No,No,Novi Beograd,Stan,Yes,1.0,3,1,Good,105800
71.1,2023.0,No,No,Predgradje,Studio,No,3.0,3,1,,77500
58.8,1962.0,No,No,Centar,Stan,No,0.0,4,1,Excellent,166100
61.1,2011.0,Yes,Yes,Periferia,Kuca,No,1.0,4,3,Good,112300
56.9,2014.0,Yes,No,Centar,Kuca,Yes,1.0,4,2,Good,175500
43.4,1990.0,Yes,No,Predgradje,Kuca,No,0.0,3,1,Excellent,66700
52.7,1991.0,Yes,Yes,Novi Beograd,Vila,No,1.0,2,2,Good,199700
57.3,2015.0,Yes,Yes,Periferia,Stan,No,2.0,3,1,Good,97100
65.1,1960.0,Yes,No,Novi Beograd,Kuca,No,1.0,3,2,Fair,139100
74.8,1999.0,No,No,Zemun,Studio,No,2.0,2,1,Good,129600
60.5,2020.0,,No,Centar,Stan,No,1.0,3,2,Excellent,205100
39.3,1984.0,Yes,No,Centar,Stan,Yes,2.0,2,2,Good,121500
30.0,1969.0,Yes,No,Predgradje,Kuca,No,2.0,4,1,Good,40200
129.9,1977.0,,No,Predgradje,Stan,No,1.0,2,1,Good,141900
36.8,1986.0,Yes,No,Periferia,Stan,Yes,1.0,4,1,Excellent,60300
52.0,1952.0,Yes,No,Zemun,Studio,No,1.0,2,1,Fair,82800
77.9,2008.0,No,Yes,Periferia,Kuca,No,1.0,3,3,Good,134500
74.0,2022.0,,Yes,Centar,Vila,No,1.0,2,1,Fair,255000
78.0,1976.0,No,No,Novi Beograd,Studio,No,0.0,3,1,Good,154700
53.9,1981.0,Yes,Yes,Novi Beograd,Kuca,Yes,2.0,2,2,Good,144000
71.0,1997.0,No,Yes,Zemun,Stan,Yes,0.0,2,1,Poor,101600
66.5,1995.0,No,No,Novi Beograd,Stan,Yes,1.0,1,1,Good,139900
57.2,1996.0,No,Yes,Centar,Stan,No,0.0,3,1,Good,140800
71.1,1989.0,No,No,Zemun,Vila,No,1.0,4,2,Fair,181100
91.4,1952.0,Yes,Yes,Periferia,Stan,No,,3,2,Good,129000
64.4,1978.0,Yes,No,Novi Beograd,Stan,No,2.0,1,2,Fair,117600
64.6,2007.0,,No,Centar,Kuca,Yes,1.0,2,1,Good,206100
91.7,1999.0,Yes,No,Centar,Stan,No,1.0,4,1,Good,243900
89.0,1959.0,Yes,No,Novi Beograd,Stan,No,1.0,3,3,Good,209800
104.6,2010.0,No,No,Novi Beograd,Kuca,No,0.0,1,2,Good,258200
21.1,2010.0,Yes,No,Zemun,Stan,No,0.0,2,3,Good,45200
87.6,1972.0,Yes,No,Zemun,Stan,No,1.0,3,1,Poor,123200
80.0,1955.0,Yes,Yes,Zemun,Stan,No,2.0,2,1,Excellent,180600
42.9,2009.0,No,Yes,Novi Beograd,Kuca,No,1.0,3,1,Good,119300
71.3,1976.0,No,Yes,Periferia,Kuca,No,1.0,3,1,Poor,86300
91.3,2004.0,No,Yes,Novi Beograd,Stan,No,2.0,2,1,Excellent,233200
44.3,1980.0,Yes,Yes,Vracar,Kuca,No,1.0,3,1,Fair,119000
76.1,1979.0,Yes,Yes,Periferia,Stan,Yes,0.0,4,2,Good,120600
86.8,2016.0,No,No,Centar,Vila,No,1.0,2,2,Good,331700
38.2,1962.0,Yes,No,Centar,Stan,Yes,1.0,2,1,Good,120400
61.4,2008.0,No,Yes,Periferia,Kuca,Yes,1.0,3,1,Excellent,125200
72.5,2003.0,Yes,No,Novi Beograd,Studio,Yes,0.0,1,2,Good,135500
45.1,1970.0,Yes,No,Zemun,Studio,No,1.0,4,1,Poor,59700
43.0,1992.0,No,No,Centar,Stan,Yes,2.0,4,2,Excellent,144100
61.6,1960.0,No,No,Zemun,Stan,No,0.0,5,2,Excellent,120400
85.0,2016.0,No,Yes,Novi Beograd,Kuca,No,0.0,2,1,Good,225300
81.1,,Yes,No,Centar,Stan,Yes,1.0,3,2,Good,211200
43.5,1973.0,,No,Zemun,Studio,No,1.0,4,2,Poor,62700
81.3,2000.0,Yes,No,Novi Beograd,Kuca,Yes,1.0,2,1,Good,215000
44.1,2010.0,Yes,No,Novi Beograd,Kuca,Yes,1.0,1,2,Poor,91200
24.7,1995.0,Yes,No,Centar,Stan,No,1.0,2,2,Poor,63000
55.8,1992.0,No,No,Centar,Kuca,No,2.0,4,2,Good,165500
93.1,1976.0,No,No,Novi Beograd,Kuca,Yes,,3,2,Fair,203300
81.4,1979.0,Yes,Yes,Centar,Studio,No,0.0,3,1,Poor,126600
65.0,2012.0,No,No,Predgradje,Stan,Yes,2.0,3,1,Good,84800
54.6,1959.0,Yes,No,Centar,Stan,No,0.0,3,1,Fair,137100
55.3,1952.0,Yes,No,Vracar,Stan,Yes,0.0,1,1,Fair,114000
67.7,2009.0,No,No,Centar,Stan,No,2.0,3,1,Poor,142300
38.3,1976.0,No,Yes,Novi Beograd,Kuca,No,0.0,3,1,Fair,91400
56.3,1994.0,No,Yes,Predgradje,Vila,No,0.0,3,1,Good,93900
59.6,2011.0,No,No,Centar,Stan,No,1.0,3,1,Excellent,173000
31.2,1973.0,Yes,Yes,Predgradje,Studio,No,0.0,3,2,Good,36800
44.0,1995.0,No,Yes,Novi Beograd,Stan,No,1.0,4,1,,111600
75.3,1993.0,No,No,Zemun,Stan,No,1.0,2,2,Poor,108100
65.2,2012.0,Yes,Yes,Vracar,Stan,Yes,1.0,3,2,Poor,130900
57.3,1953.0,No,Yes,Periferia,Stan,No,0.0,3,2,Fair,66200
42.2,1965.0,No,No,Zemun,Vila,Yes,2.0,4,2,Good,117000
104.4,2000.0,Yes,Yes,Vracar,Stan,No,0.0,3,3,Good,250900
44.1,2023.0,No,Yes,Centar,Kuca,No,1.0,1,2,Good,139000
71.3,1997.0,Yes,Yes,Centar,Stan,No,2.0,2,1,Good,191400
52.8,2014.0,No,No,Predgradje,Vila,Yes,1.0,1,1,Fair,88500
65.9,2018.0,Yes,No,Novi Beograd,Stan,No,0.0,2,2,Good,141700
76.4,1994.0,No,Yes,Novi Beograd,Stan,Yes,0.0,3,1,Good,174800
30.7,,No,Yes,Periferia,Stan,Yes,,4,1,Good,53900
64.8,1966.0,Yes,No,Novi Beograd,Stan,Yes,,3,2,Good,145700
94.8,1986.0,Yes,Yes,Predgradje,Stan,Yes,2.0,1,1,Good,118600
109.0,1954.0,No,No,Zemun,Studio,No,1.0,2,3,Excellent,191000
61.7,1996.0,No,No,Zemun,Kuca,No,0.0,3,1,Excellent,164100
66.0,1993.0,No,Yes,Periferia,Kuca,Yes,0.0,3,2,Good,116700
120.3,1982.0,Yes,No,Centar,Kuca,No,2.0,4,3,,363700
93.4,1970.0,Yes,Yes,Novi Beograd,Stan,No,1.0,5,2,Fair,192900
49.6,2016.0,No,Yes,Vracar,Stan,No,1.0,4,2,Excellent,150900
49.5,2017.0,No,Yes,Novi Beograd,Vila,No,1.0,2,3,Good,167100
88.9,1981.0,Yes,No,Zemun,Studio,Yes,0.0,3,2,Fair,122800
39.7,1973.0,No,Yes,Predgradje,Studio,No,0.0,2,1,Good,25600
92.2,1984.0,Yes,No,Vracar,Studio,No,1.0,1,2,Fair,168800
73.4,1967.0,Yes,Yes,Novi Beograd,Stan,No,0.0,1,1,,166100
77.9,2016.0,No,No,Predgradje,Stan,No,0.0,2,1,Good,77200
58.6,2003.0,Yes,Yes,Vracar,Stan,No,1.0,1,1,Fair,143800
49.3,1975.0,Yes,Yes,Vracar,Stan,No,1.0,4,2,Poor,85100
101.5,2009.0,No,No,Novi Beograd,Stan,No,0.0,2,1,Excellent,271700
58.8,2014.0,No,No,Predgradje,Stan,Yes,,4,2,Good,67200
54.7,2000.0,No,No,Zemun,Kuca,No,3.0,4,1,Excellent,155400
800.0,2009.0,No,Yes,Periferia,Studio,No,0.0,5,1,Good,89600
69.8,2008.0,No,No,Periferia,Kuca,No,0.0,4,3,Good,136200
39.2,1966.0,Yes,No,Novi Beograd,Vila,Yes,0.0,3,1,Good,125800
50.9,1970.0,Yes,Yes,Vracar,Stan,Yes,0.0,2,1,Fair,97200
49.5,2016.0,No,No,Periferia,Stan,Yes,,3,1,Fair,55800
86.1,1977.0,Yes,No,Novi Beograd,Kuca,Yes,,4,2,Fair,203800
42.9,1993.0,No,No,Periferia,Stan,Yes,1.0,4,2,Fair,63300
21.1,2019.0,,No,Predgradje,Stan,Yes,2.0,5,3,Excellent,40400
20.0,2011.0,,No,Zemun,Stan,Yes,2.0,3,1,Poor,45500
28.2,1991.0,No,Yes,Zemun,Stan,No,0.0,3,2,Good,64500
99.0,1971.0,No,No,Periferia,Kuca,No,1.0,5,2,Good,162400
65.4,1987.0,Yes,Yes,Periferia,Stan,No,1.0,5,2,Fair,93600
77.5,1963.0,Yes,No,Novi Beograd,Kuca,Yes,0.0,2,2,Good,188600
78.4,1975.0,No,Yes,Centar,Kuca,Yes,1.0,3,2,Fair,221800
66.4,1989.0,Yes,Yes,Vracar,Stan,No,1.0,4,1,Good,178700
63.1,2003.0,Yes,No,Zemun,Stan,Yes,1.0,2,1,Fair,107800
91.1,1962.0,Yes,No,Vracar,Stan,No,0.0,4,2,Good,205500
68.6,1968.0,No,No,Zemun,Stan,No,,1,1,Good,126800
100.0,1991.0,No,No,Novi Beograd,Kuca,No,1.0,2,1,Excellent,302200
80.5,1990.0,No,Yes,Zemun,Studio,No,0.0,2,1,Excellent,154100
49.6,1999.0,No,No,Centar,Kuca,No,2.0,3,1,Good,164200
52.6,1952.0,No,No,Zemun,Stan,No,0.0,1,2,Good,73000
46.8,,No,No,Vracar,Kuca,Yes,1.0,1,1,Good,126600
95.4,1964.0,No,No,Novi Beograd,Kuca,No,0.0,4,2,Good,239000
54.9,2003.0,Yes,No,Novi Beograd,Stan,No,2.0,2,1,,167300
45.0,2002.0,No,No,Zemun,Kuca,No,2.0,2,2,Fair,90100
73.0,1994.0,Yes,No,Vracar,Stan,No,2.0,3,2,Good,177000
62.6,1987.0,,Yes,Novi Beograd,Kuca,No,1.0,2,2,Good,164200
72.4,1999.0,Yes,No,Predgradje,Kuca,No,0.0,4,1,Good,102000
112.2,1973.0,No,Yes,Zemun,Stan,No,1.0,2,1,Fair,195200
87.8,1966.0,No,No,Predgradje,Kuca,No,1.0,3,1,Good,120100
65.7,,Yes,No,Vracar,Stan,No,3.0,3,1,Good,145900
29.8,1991.0,Yes,Yes,Vracar,Stan,No,1.0,4,1,,90100
52.5,1966.0,Yes,Yes,Periferia,Vila,No,1.0,2,2,Good,120000
82.8,1965.0,No,No,Vracar,Vila,No,2.0,2,3,Fair,5000
35.7,2001.0,Yes,No,Zemun,Stan,No,1.0,5,1,Fair,71900
118.5,1985.0,No,No,Novi Beograd,Stan,Yes,1.0,3,1,Poor,193100
65.4,,Yes,Yes,Vracar,Stan,No,0.0,3,3,Good,165100
66.2,1974.0,Yes,Yes,Centar,Stan,Yes,0.0,2,2,Good,174500
48.3,1991.0,No,No,Novi Beograd,Studio,No,1.0,3,1,Fair,86700
77.4,1970.0,No,Yes,Centar,Vila,No,2.0,2,3,Good,304500
36.0,2017.0,Yes,No,Centar,Kuca,No,1.0,2,2,Good,116400
119.1,2008.0,No,Yes,Predgradje,Stan,No,1.0,3,2,Fair,129600
97.9,1979.0,,No,Novi Beograd,Kuca,No,0.0,5,2,,220300
89.6,2006.0,Yes,Yes,Zemun,Stan,Yes,1.0,2,1,Excellent,222100
30.2,1982.0,Yes,No,Periferia,Vila,No,0.0,2,1,Good,70800
70.1,2002.0,No,No,Zemun,Studio,No,2.0,2,1,Good,113400
95.2,1965.0,,No,Centar,Kuca,No,1.0,3,2,Good,285900
79.8,1998.0,Yes,Yes,Zemun,Stan,No,1.0,3,1,Good,172000
39.9,1954.0,No,Yes,Zemun,Stan,No,0.0,2,1,Good,63100
48.7,2009.0,Yes,Yes,Zemun,Stan,Yes,1.0,4,1,Good,101300
53.7,2020.0,Yes,No,Periferia,Studio,No,0.0,2,1,Excellent,81000
49.9,2004.0,No,No,Predgradje,Stan,Yes,1.0,2,1,Excellent,74700
103.2,1984.0,Yes,No,Zemun,Stan,Yes,1.0,1,2,Good,188500
20.0,2018.0,No,Yes,Novi Beograd,Stan,No,1.0,1,1,Fair,53600
81.4,1991.0,Yes,No,Zemun,Studio,No,0.0,1,2,Good,125400
32.7,2018.0,No,No,Centar,Stan,Yes,2.0,2,2,Good,104200
41.0,1973.0,No,Yes,Periferia,Studio,No,1.0,3,1,Good,47100
20.0,2020.0,Yes,No,Centar,Studio,No,1.0,1,1,Fair,39100
51.3,2020.0,No,Yes,Novi Beograd,Vila,No,1.0,2,2,Poor,135000
102.8,2004.0,No,No,Periferia,Stan,No,1.0,2,1,Good,141100
71.6,1963.0,Yes,No,Zemun,Stan,Yes,1.0,2,3,Fair,115200
